# © OpenStreetMap contributors, ODbL 1.0
mtllib park-mgm-1km.mtl
v -353.736 0.000 -64.499
v -348.375 0.000 -64.554
v -319.297 0.000 -64.332
v -308.586 0.000 -64.254
v -301.849 0.000 -64.198
v -281.028 0.000 -64.276
v -261.879 0.000 -54.402
v -225.283 0.000 8.972
v -217.656 0.000 4.653
v -215.308 0.000 8.416
v -204.983 0.000 2.672
v -209.660 0.000 -5.455
v -244.089 0.000 -64.265
v -244.089 0.000 -85.671
v -209.408 0.000 -143.892
v -204.273 0.000 -152.508
v -216.711 0.000 -159.688
v -219.392 0.000 -154.923
v -225.562 0.000 -158.530
v -261.915 0.000 -94.922
v -279.085 0.000 -85.015
v -358.475 0.000 -84.547
v -358.547 0.000 -71.645
v -356.560 0.000 -71.679
v -353.718 0.000 -71.723
v -353.736 110.000 -64.499
v -348.375 110.000 -64.554
v -319.297 110.000 -64.332
v -308.586 110.000 -64.254
v -301.849 110.000 -64.198
v -281.028 110.000 -64.276
v -261.879 110.000 -54.402
v -225.283 110.000 8.972
v -217.656 110.000 4.653
v -215.308 110.000 8.416
v -204.983 110.000 2.672
v -209.660 110.000 -5.455
v -244.089 110.000 -64.265
v -244.089 110.000 -85.671
v -209.408 110.000 -143.892
v -204.273 110.000 -152.508
v -216.711 110.000 -159.688
v -219.392 110.000 -154.923
v -225.562 110.000 -158.530
v -261.915 110.000 -94.922
v -279.085 110.000 -85.015
v -358.475 110.000 -84.547
v -358.547 110.000 -71.645
v -356.560 110.000 -71.679
v -353.718 110.000 -71.723
v 436.526 0.000 404.157
v 436.903 0.000 478.462
v 445.016 0.000 478.418
v 463.499 0.000 478.318
v 472.691 0.000 478.273
v 472.331 0.000 407.229
v 472.313 0.000 403.967
v 463.517 0.000 404.012
v 444.836 0.000 404.112
v 436.526 19.200 404.157
v 436.903 19.200 478.462
v 445.016 19.200 478.418
v 463.499 19.200 478.318
v 472.691 19.200 478.273
v 472.331 19.200 407.229
v 472.313 19.200 403.967
v 463.517 19.200 404.012
v 444.836 19.200 404.112
v 437.434 0.000 -21.618
v 462.429 0.000 -21.641
v 462.339 0.000 -146.608
v 364.852 0.000 -146.530
v 364.933 0.000 -30.457
v 364.933 0.000 -25.091
v 364.942 0.000 -21.563
v 403.599 0.000 -21.596
v 437.434 19.200 -21.618
v 462.429 19.200 -21.641
v 462.339 19.200 -146.608
v 364.852 19.200 -146.530
v 364.933 19.200 -30.457
v 364.933 19.200 -25.091
v 364.942 19.200 -21.563
v 403.599 19.200 -21.596
v 55.053 0.000 44.005
v 55.421 0.000 46.031
v 56.546 0.000 47.767
v 58.245 0.000 48.936
v 59.900 0.000 49.626
v 59.963 0.000 51.574
v 56.294 0.000 60.502
v 56.294 0.000 62.851
v 54.855 0.000 62.851
v 54.846 0.000 73.437
v 54.504 0.000 74.929
v 54.486 0.000 76.421
v 54.729 0.000 77.901
v 55.151 0.000 79.382
v 55.700 0.000 80.840
v 56.294 0.000 82.298
v 56.878 0.000 83.746
v 57.382 0.000 85.182
v 57.724 0.000 86.607
v 57.859 0.000 88.009
v 57.796 0.000 89.234
v 57.634 0.000 90.180
v 57.391 0.000 90.859
v 57.094 0.000 91.327
v 56.770 0.000 91.627
v 56.483 0.000 91.761
v 55.691 0.000 91.761
v 55.592 0.000 184.902
v 93.124 0.000 184.946
v 93.286 0.000 34.442
v 93.295 0.000 23.010
v 59.568 0.000 22.976
v 59.882 0.000 38.906
v 58.380 0.000 39.173
v 56.653 0.000 40.298
v 55.484 0.000 41.990
v 55.053 16.000 44.005
v 55.421 16.000 46.031
v 56.546 16.000 47.767
v 58.245 16.000 48.936
v 59.900 16.000 49.626
v 59.963 16.000 51.574
v 56.294 16.000 60.502
v 56.294 16.000 62.851
v 54.855 16.000 62.851
v 54.846 16.000 73.437
v 54.504 16.000 74.929
v 54.486 16.000 76.421
v 54.729 16.000 77.901
v 55.151 16.000 79.382
v 55.700 16.000 80.840
v 56.294 16.000 82.298
v 56.878 16.000 83.746
v 57.382 16.000 85.182
v 57.724 16.000 86.607
v 57.859 16.000 88.009
v 57.796 16.000 89.234
v 57.634 16.000 90.180
v 57.391 16.000 90.859
v 57.094 16.000 91.327
v 56.770 16.000 91.627
v 56.483 16.000 91.761
v 55.691 16.000 91.761
v 55.592 16.000 184.902
v 93.124 16.000 184.946
v 93.286 16.000 34.442
v 93.295 16.000 23.010
v 59.568 16.000 22.976
v 59.882 16.000 38.906
v 58.380 16.000 39.173
v 56.653 16.000 40.298
v 55.484 16.000 41.990
v 232.658 0.000 -288.774
v 185.160 0.000 -289.843
v 185.583 0.000 -308.834
v 166.255 0.000 -309.268
v 164.852 0.000 -246.172
v 184.117 0.000 -245.738
v 184.558 0.000 -265.564
v 232.082 0.000 -264.495
v 231.642 0.000 -244.847
v 250.907 0.000 -244.413
v 252.328 0.000 -307.921
v 233.090 0.000 -308.355
v 232.658 57.600 -288.774
v 185.160 57.600 -289.843
v 185.583 57.600 -308.834
v 166.255 57.600 -309.268
v 164.852 57.600 -246.172
v 184.117 57.600 -245.738
v 184.558 57.600 -265.564
v 232.082 57.600 -264.495
v 231.642 57.600 -244.847
v 250.907 57.600 -244.413
v 252.328 57.600 -307.921
v 233.090 57.600 -308.355
v -270.298 0.000 149.825
v -270.487 0.000 129.008
v -272.807 0.000 129.030
v -346.531 0.000 129.832
v -346.253 0.000 151.929
v -346.226 0.000 158.441
v -344.921 0.000 279.679
v -344.625 0.000 309.869
v -344.472 0.000 321.112
v -268.427 0.000 320.288
v -268.634 0.000 300.997
v -268.949 0.000 271.486
v -269.965 0.000 177.198
v -270.244 0.000 157.896
v -270.298 25.600 149.825
v -270.487 25.600 129.008
v -272.807 25.600 129.030
v -346.531 25.600 129.832
v -346.253 25.600 151.929
v -346.226 25.600 158.441
v -344.921 25.600 279.679
v -344.625 25.600 309.869
v -344.472 25.600 321.112
v -268.427 25.600 320.288
v -268.634 25.600 300.997
v -268.949 25.600 271.486
v -269.965 25.600 177.198
v -270.244 25.600 157.896
v -61.079 0.000 -273.879
v -64.406 0.000 -275.082
v -64.280 0.000 -272.633
v -67.410 0.000 -273.723
v -66.547 0.000 -268.402
v -63.876 0.000 -267.356
v -62.949 0.000 -266.989
v -55.763 0.000 -226.079
v -58.075 0.000 -226.847
v -62.068 0.000 -228.183
v -62.626 0.000 -231.411
v -65.971 0.000 -232.669
v -70.405 0.000 -234.328
v -71.143 0.000 -239.381
v -103.962 0.000 -247.419
v -114.377 0.000 -272.321
v -123.425 0.000 -292.024
v -196.880 0.000 -320.099
v -206.476 0.000 -297.468
v -192.041 0.000 -285.156
v -155.228 0.000 -285.089
v -155.219 0.000 -283.097
v -138.949 0.000 -277.720
v -126.654 0.000 -244.035
v -133.975 0.000 -244.023
v -126.384 0.000 -223.107
v -100.167 0.000 -213.566
v -97.864 0.000 -219.722
v -81.963 0.000 -214.201
v -64.460 0.000 -207.878
v -58.362 0.000 -205.674
v -57.103 0.000 -206.420
v -55.295 0.000 -205.830
v -51.842 0.000 -204.238
v -27.441 0.000 -204.427
v -27.747 0.000 -213.355
v -27.549 0.000 -261.790
v -61.079 9.600 -273.879
v -64.406 9.600 -275.082
v -64.280 9.600 -272.633
v -67.410 9.600 -273.723
v -66.547 9.600 -268.402
v -63.876 9.600 -267.356
v -62.949 9.600 -266.989
v -55.763 9.600 -226.079
v -58.075 9.600 -226.847
v -62.068 9.600 -228.183
v -62.626 9.600 -231.411
v -65.971 9.600 -232.669
v -70.405 9.600 -234.328
v -71.143 9.600 -239.381
v -103.962 9.600 -247.419
v -114.377 9.600 -272.321
v -123.425 9.600 -292.024
v -196.880 9.600 -320.099
v -206.476 9.600 -297.468
v -192.041 9.600 -285.156
v -155.228 9.600 -285.089
v -155.219 9.600 -283.097
v -138.949 9.600 -277.720
v -126.654 9.600 -244.035
v -133.975 9.600 -244.023
v -126.384 9.600 -223.107
v -100.167 9.600 -213.566
v -97.864 9.600 -219.722
v -81.963 9.600 -214.201
v -64.460 9.600 -207.878
v -58.362 9.600 -205.674
v -57.103 9.600 -206.420
v -55.295 9.600 -205.830
v -51.842 9.600 -204.238
v -27.441 9.600 -204.427
v -27.747 9.600 -213.355
v -27.549 9.600 -261.790
v -181.788 0.000 -468.009
v -181.904 0.000 -470.915
v -183.164 0.000 -470.881
v -187.355 0.000 -470.759
v -192.706 0.000 -470.614
v -193.291 0.000 -497.209
v -194.124 0.000 -500.000
v -210.658 0.000 -500.000
v -210.658 0.000 -480.466
v -221.388 0.000 -480.577
v -222.018 0.000 -467.308
v -214.328 0.000 -464.347
v -218.996 0.000 -461.764
v -211.342 0.000 -458.536
v -209.723 0.000 -445.233
v -207.645 0.000 -428.224
v -214.733 0.000 -406.494
v -192.517 0.000 -390.086
v -192.823 0.000 -419.474
v -187.832 0.000 -417.315
v -184.018 0.000 -415.667
v -181.392 0.000 -414.532
v -181.347 0.000 -410.413
v -163.512 0.000 -403.589
v -121.267 0.000 -388.783
v -122.346 0.000 -361.833
v -92.342 0.000 -350.300
v -88.357 0.000 -348.686
v -83.366 0.000 -346.538
v -81.603 0.000 -345.725
v -82.457 0.000 -357.191
v -71.907 0.000 -347.662
v -66.169 0.000 -342.263
v -64.271 0.000 -340.471
v -65.387 0.000 -337.254
v -24.437 0.000 -317.951
v -27.486 0.000 -355.332
v -20.327 0.000 -353.974
v -19.310 0.000 -367.866
v -25.678 0.000 -395.652
v -17.799 0.000 -406.539
v -32.154 0.000 -429.003
v -20.524 0.000 -454.384
v -22.593 0.000 -479.219
v -27.369 0.000 -482.036
v -32.783 0.000 -479.342
v -38.611 0.000 -476.470
v -43.477 0.000 -480.900
v -45.789 0.000 -479.141
v -49.890 0.000 -477.305
v -54.081 0.000 -476.781
v -56.779 0.000 -477.438
v -57.625 0.000 -474.677
v -69.632 0.000 -478.507
v -78.041 0.000 -481.691
v -94.392 0.000 -487.891
v -102.190 0.000 -490.852
v -107.650 0.000 -492.923
v -103.881 0.000 -476.269
v -181.788 30.000 -468.009
v -181.904 30.000 -470.915
v -183.164 30.000 -470.881
v -187.355 30.000 -470.759
v -192.706 30.000 -470.614
v -193.291 30.000 -497.209
v -194.124 30.000 -500.000
v -210.658 30.000 -500.000
v -210.658 30.000 -480.466
v -221.388 30.000 -480.577
v -222.018 30.000 -467.308
v -214.328 30.000 -464.347
v -218.996 30.000 -461.764
v -211.342 30.000 -458.536
v -209.723 30.000 -445.233
v -207.645 30.000 -428.224
v -214.733 30.000 -406.494
v -192.517 30.000 -390.086
v -192.823 30.000 -419.474
v -187.832 30.000 -417.315
v -184.018 30.000 -415.667
v -181.392 30.000 -414.532
v -181.347 30.000 -410.413
v -163.512 30.000 -403.589
v -121.267 30.000 -388.783
v -122.346 30.000 -361.833
v -92.342 30.000 -350.300
v -88.357 30.000 -348.686
v -83.366 30.000 -346.538
v -81.603 30.000 -345.725
v -82.457 30.000 -357.191
v -71.907 30.000 -347.662
v -66.169 30.000 -342.263
v -64.271 30.000 -340.471
v -65.387 30.000 -337.254
v -24.437 30.000 -317.951
v -27.486 30.000 -355.332
v -20.327 30.000 -353.974
v -19.310 30.000 -367.866
v -25.678 30.000 -395.652
v -17.799 30.000 -406.539
v -32.154 30.000 -429.003
v -20.524 30.000 -454.384
v -22.593 30.000 -479.219
v -27.369 30.000 -482.036
v -32.783 30.000 -479.342
v -38.611 30.000 -476.470
v -43.477 30.000 -480.900
v -45.789 30.000 -479.141
v -49.890 30.000 -477.305
v -54.081 30.000 -476.781
v -56.779 30.000 -477.438
v -57.625 30.000 -474.677
v -69.632 30.000 -478.507
v -78.041 30.000 -481.691
v -94.392 30.000 -487.891
v -102.190 30.000 -490.852
v -107.650 30.000 -492.923
v -103.881 30.000 -476.269
v -122.346 0.000 -361.833
v -92.342 0.000 -350.300
v -94.527 0.000 -390.743
v -120.826 0.000 -399.960
v -121.267 0.000 -388.783
v -122.346 132.000 -361.833
v -92.342 132.000 -350.300
v -94.527 132.000 -390.743
v -120.826 132.000 -399.960
v -121.267 132.000 -388.783
v -180.115 0.000 -360.675
v -149.634 0.000 -349.421
v -149.823 0.000 -389.852
v -179.467 0.000 -401.329
v -180.115 132.000 -360.675
v -149.634 132.000 -349.421
v -149.823 132.000 -389.852
v -179.467 132.000 -401.329
v -409.391 0.000 -188.586
v -405.199 0.000 -173.814
v -400.496 0.000 -171.198
v -394.452 0.000 -171.143
v -356.524 0.000 -170.753
v -350.687 0.000 -173.002
v -344.858 0.000 -177.031
v -341.720 0.000 -182.419
v -340.820 0.000 -189.599
v -341.243 0.000 -257.037
v -341.270 0.000 -261.378
v -293.709 0.000 -262.480
v -263.642 0.000 -261.378
v -226.020 0.000 -308.199
v -233.359 0.000 -308.233
v -240.618 0.000 -309.257
v -246.302 0.000 -310.759
v -252.948 0.000 -313.409
v -256.258 0.000 -315.134
v -259.451 0.000 -317.082
v -262.563 0.000 -319.287
v -265.513 0.000 -321.702
v -269.363 0.000 -325.443
v -270.361 0.000 -326.545
v -271.971 0.000 -328.448
v -274.273 0.000 -331.521
v -276.351 0.000 -334.749
v -279.067 0.000 -339.914
v -281.127 0.000 -345.079
v -282.665 0.000 -350.523
v -283.087 0.000 -352.549
v -283.861 0.000 -358.315
v -284.023 0.000 -364.004
v -283.690 0.000 -368.879
v -282.377 0.000 -376.071
v -280.704 0.000 -381.492
v -278.725 0.000 -386.178
v -276.971 0.000 -389.551
v -274.921 0.000 -392.902
v -273.904 0.000 -394.260
v -272.537 0.000 -396.086
v -271.314 0.000 -397.722
v -267.456 0.000 -401.874
v -265.540 0.000 -403.644
v -262.275 0.000 -406.305
v -261.592 0.000 -406.784
v -259.190 0.000 -408.465
v -255.386 0.000 -410.724
v -250.628 0.000 -412.995
v -248.101 0.000 -413.886
v -244.314 0.000 -415.211
v -240.779 0.000 -415.990
v -237.775 0.000 -416.635
v -233.224 0.000 -417.036
v -230.589 0.000 -417.270
v -223.385 0.000 -416.936
v -222.018 0.000 -467.308
v -221.388 0.000 -480.577
v -210.658 0.000 -480.466
v -210.658 0.000 -500.000
v -323.337 0.000 -500.000
v -331.853 0.000 -470.002
v -339.075 0.000 -468.455
v -339.957 0.000 -464.336
v -342.745 0.000 -459.048
v -346.127 0.000 -453.749
v -350.687 0.000 -448.462
v -354.365 0.000 -443.909
v -356.677 0.000 -441.437
v -359.024 0.000 -439.935
v -362.847 0.000 -436.996
v -366.822 0.000 -434.502
v -371.229 0.000 -432.298
v -374.755 0.000 -431.118
v -377.552 0.000 -429.938
v -380.493 0.000 -429.059
v -387.697 0.000 -428.469
v -385.494 0.000 -416.713
v -389.901 0.000 -416.413
v -396.223 0.000 -416.858
v -400.783 0.000 -417.003
v -404.606 0.000 -417.448
v -411.073 0.000 -419.652
v -418.897 0.000 -399.659
v -454.451 0.000 -398.769
v -500.000 0.000 -398.291
v -500.000 0.000 -122.124
v -412.602 0.000 -122.362
v -412.907 0.000 -189.444
v -409.391 20.000 -188.586
v -405.199 20.000 -173.814
v -400.496 20.000 -171.198
v -394.452 20.000 -171.143
v -356.524 20.000 -170.753
v -350.687 20.000 -173.002
v -344.858 20.000 -177.031
v -341.720 20.000 -182.419
v -340.820 20.000 -189.599
v -341.243 20.000 -257.037
v -341.270 20.000 -261.378
v -293.709 20.000 -262.480
v -263.642 20.000 -261.378
v -226.020 20.000 -308.199
v -233.359 20.000 -308.233
v -240.618 20.000 -309.257
v -246.302 20.000 -310.759
v -252.948 20.000 -313.409
v -256.258 20.000 -315.134
v -259.451 20.000 -317.082
v -262.563 20.000 -319.287
v -265.513 20.000 -321.702
v -269.363 20.000 -325.443
v -270.361 20.000 -326.545
v -271.971 20.000 -328.448
v -274.273 20.000 -331.521
v -276.351 20.000 -334.749
v -279.067 20.000 -339.914
v -281.127 20.000 -345.079
v -282.665 20.000 -350.523
v -283.087 20.000 -352.549
v -283.861 20.000 -358.315
v -284.023 20.000 -364.004
v -283.690 20.000 -368.879
v -282.377 20.000 -376.071
v -280.704 20.000 -381.492
v -278.725 20.000 -386.178
v -276.971 20.000 -389.551
v -274.921 20.000 -392.902
v -273.904 20.000 -394.260
v -272.537 20.000 -396.086
v -271.314 20.000 -397.722
v -267.456 20.000 -401.874
v -265.540 20.000 -403.644
v -262.275 20.000 -406.305
v -261.592 20.000 -406.784
v -259.190 20.000 -408.465
v -255.386 20.000 -410.724
v -250.628 20.000 -412.995
v -248.101 20.000 -413.886
v -244.314 20.000 -415.211
v -240.779 20.000 -415.990
v -237.775 20.000 -416.635
v -233.224 20.000 -417.036
v -230.589 20.000 -417.270
v -223.385 20.000 -416.936
v -222.018 20.000 -467.308
v -221.388 20.000 -480.577
v -210.658 20.000 -480.466
v -210.658 20.000 -500.000
v -323.337 20.000 -500.000
v -331.853 20.000 -470.002
v -339.075 20.000 -468.455
v -339.957 20.000 -464.336
v -342.745 20.000 -459.048
v -346.127 20.000 -453.749
v -350.687 20.000 -448.462
v -354.365 20.000 -443.909
v -356.677 20.000 -441.437
v -359.024 20.000 -439.935
v -362.847 20.000 -436.996
v -366.822 20.000 -434.502
v -371.229 20.000 -432.298
v -374.755 20.000 -431.118
v -377.552 20.000 -429.938
v -380.493 20.000 -429.059
v -387.697 20.000 -428.469
v -385.494 20.000 -416.713
v -389.901 20.000 -416.413
v -396.223 20.000 -416.858
v -400.783 20.000 -417.003
v -404.606 20.000 -417.448
v -411.073 20.000 -419.652
v -418.897 20.000 -399.659
v -454.451 20.000 -398.769
v -500.000 20.000 -398.291
v -500.000 20.000 -122.124
v -412.602 20.000 -122.362
v -412.907 20.000 -189.444
v -81.963 0.000 -214.201
v -97.864 0.000 -219.722
v -100.167 0.000 -213.566
v -126.384 0.000 -223.107
v -133.975 0.000 -244.023
v -126.654 0.000 -244.035
v -138.949 0.000 -277.720
v -155.219 0.000 -283.097
v -155.228 0.000 -285.089
v -192.041 0.000 -285.156
v -192.176 0.000 -156.905
v -183.901 0.000 -148.901
v -94.303 0.000 -148.834
v -81.711 0.000 -148.723
v -81.963 9.000 -214.201
v -97.864 9.000 -219.722
v -100.167 9.000 -213.566
v -126.384 9.000 -223.107
v -133.975 9.000 -244.023
v -126.654 9.000 -244.035
v -138.949 9.000 -277.720
v -155.219 9.000 -283.097
v -155.228 9.000 -285.089
v -192.041 9.000 -285.156
v -192.176 9.000 -156.905
v -183.901 9.000 -148.901
v -94.303 9.000 -148.834
v -81.711 9.000 -148.723
v -64.460 0.000 -207.878
v -58.362 0.000 -205.674
v -62.068 0.000 -228.183
v -62.626 0.000 -231.411
v -65.971 0.000 -232.669
v -70.405 0.000 -234.328
v -71.143 0.000 -239.381
v -103.962 0.000 -247.419
v -114.377 0.000 -272.321
v -140.595 0.000 -282.239
v -138.949 0.000 -277.720
v -126.654 0.000 -244.035
v -133.975 0.000 -244.023
v -126.384 0.000 -223.107
v -100.167 0.000 -213.566
v -97.864 0.000 -219.722
v -81.963 0.000 -214.201
v -64.460 14.000 -207.878
v -58.362 14.000 -205.674
v -62.068 14.000 -228.183
v -62.626 14.000 -231.411
v -65.971 14.000 -232.669
v -70.405 14.000 -234.328
v -71.143 14.000 -239.381
v -103.962 14.000 -247.419
v -114.377 14.000 -272.321
v -140.595 14.000 -282.239
v -138.949 14.000 -277.720
v -126.654 14.000 -244.035
v -133.975 14.000 -244.023
v -126.384 14.000 -223.107
v -100.167 14.000 -213.566
v -97.864 14.000 -219.722
v -81.963 14.000 -214.201
v 215.857 0.000 -7.915
v 222.531 0.000 -7.826
v 223.385 0.000 -49.482
v 115.951 0.000 -51.830
v 115.537 0.000 -11.165
v 121.896 0.000 -11.945
v 215.893 0.000 -11.032
v 215.857 38.400 -7.915
v 222.531 38.400 -7.826
v 223.385 38.400 -49.482
v 115.951 38.400 -51.830
v 115.537 38.400 -11.165
v 121.896 38.400 -11.945
v 215.893 38.400 -11.032
v 450.440 0.000 -331.064
v 475.362 0.000 -331.331
v 474.499 0.000 -410.457
v 449.576 0.000 -410.190
v 449.612 0.000 -406.806
v 450.053 0.000 -366.686
v 450.440 25.600 -331.064
v 475.362 25.600 -331.331
v 474.499 25.600 -410.457
v 449.576 25.600 -410.190
v 449.612 25.600 -406.806
v 450.053 25.600 -366.686
v 330.189 0.000 -275.950
v 319.603 0.000 -275.972
v 319.558 0.000 -284.221
v 321.825 0.000 -284.110
v 323.291 0.000 -282.573
v 324.505 0.000 -284.110
v 327.185 0.000 -284.110
v 327.212 0.000 -286.503
v 328.849 0.000 -288.028
v 327.248 0.000 -289.754
v 327.284 0.000 -308.722
v 287.000 0.000 -308.934
v 278.851 0.000 -300.574
v 279.022 0.000 -275.972
v 276.414 0.000 -276.006
v 276.432 0.000 -211.808
v 301.975 0.000 -211.596
v 302.092 0.000 -188.408
v 330.207 0.000 -188.375
v 330.189 9.000 -275.950
v 319.603 9.000 -275.972
v 319.558 9.000 -284.221
v 321.825 9.000 -284.110
v 323.291 9.000 -282.573
v 324.505 9.000 -284.110
v 327.185 9.000 -284.110
v 327.212 9.000 -286.503
v 328.849 9.000 -288.028
v 327.248 9.000 -289.754
v 327.284 9.000 -308.722
v 287.000 9.000 -308.934
v 278.851 9.000 -300.574
v 279.022 9.000 -275.972
v 276.414 9.000 -276.006
v 276.432 9.000 -211.808
v 301.975 9.000 -211.596
v 302.092 9.000 -188.408
v 330.207 9.000 -188.375
v 298.521 0.000 -127.038
v 328.912 0.000 -127.038
v 328.912 0.000 -163.217
v 298.521 0.000 -163.217
v 298.521 9.000 -127.038
v 328.912 9.000 -127.038
v 328.912 9.000 -163.217
v 298.521 9.000 -163.217
v 284.401 0.000 -136.544
v 292.855 0.000 -136.600
v 292.666 0.000 -164.552
v 284.212 0.000 -164.497
v 284.401 9.000 -136.544
v 292.855 9.000 -136.600
v 292.666 9.000 -164.552
v 284.212 9.000 -164.497
v 77.870 0.000 -120.648
v 77.852 0.000 -122.040
v 59.073 0.000 -122.474
v 56.959 0.000 -122.073
v 55.053 0.000 -121.015
v 53.461 0.000 -117.932
v 53.380 0.000 -115.783
v 53.083 0.000 -99.041
v 116.985 0.000 -97.616
v 117.345 0.000 -115.783
v 114.062 0.000 -119.724
v 77.870 3.200 -120.648
v 77.852 3.200 -122.040
v 59.073 3.200 -122.474
v 56.959 3.200 -122.073
v 55.053 3.200 -121.015
v 53.461 3.200 -117.932
v 53.380 3.200 -115.783
v 53.083 3.200 -99.041
v 116.985 3.200 -97.616
v 117.345 3.200 -115.783
v 114.062 3.200 -119.724
v -151.496 0.000 483.628
v -151.891 0.000 485.286
v -151.693 0.000 486.978
v -150.938 0.000 488.514
v -149.706 0.000 489.694
v -148.150 0.000 490.396
v -146.450 0.000 490.518
v -144.930 0.000 490.129
v -143.608 0.000 489.271
v -142.610 0.000 488.047
v -142.061 0.000 486.577
v -141.989 0.000 485.008
v -142.412 0.000 483.483
v -143.293 0.000 482.180
v -144.534 0.000 481.212
v -146.018 0.000 480.689
v -147.592 0.000 480.644
v -149.220 0.000 481.167
v -150.569 0.000 482.192
v -151.496 16.000 483.628
v -151.891 16.000 485.286
v -151.693 16.000 486.978
v -150.938 16.000 488.514
v -149.706 16.000 489.694
v -148.150 16.000 490.396
v -146.450 16.000 490.518
v -144.930 16.000 490.129
v -143.608 16.000 489.271
v -142.610 16.000 488.047
v -142.061 16.000 486.577
v -141.989 16.000 485.008
v -142.412 16.000 483.483
v -143.293 16.000 482.180
v -144.534 16.000 481.212
v -146.018 16.000 480.689
v -147.592 16.000 480.644
v -149.220 16.000 481.167
v -150.569 16.000 482.192
v -189.594 0.000 499.357
v -191.717 0.000 497.220
v -194.514 0.000 500.000
v -188.956 0.000 500.000
v -189.594 35.200 499.357
v -191.717 35.200 497.220
v -194.514 35.200 500.000
v -188.956 35.200 500.000
v -92.531 0.000 477.115
v -94.374 0.000 476.392
v -97.208 0.000 476.481
v -98.988 0.000 477.293
v -100.688 0.000 479.063
v -101.543 0.000 481.357
v -101.408 0.000 483.806
v -100.311 0.000 485.999
v -98.827 0.000 487.234
v -98.422 0.000 487.568
v -96.074 0.000 488.247
v -94.383 0.000 488.136
v -92.810 0.000 487.568
v -91.442 0.000 486.577
v -90.525 0.000 485.453
v -89.770 0.000 483.639
v -89.626 0.000 481.735
v -90.102 0.000 479.865
v -91.119 0.000 478.273
v -92.531 16.000 477.115
v -94.374 16.000 476.392
v -97.208 16.000 476.481
v -98.988 16.000 477.293
v -100.688 16.000 479.063
v -101.543 16.000 481.357
v -101.408 16.000 483.806
v -100.311 16.000 485.999
v -98.827 16.000 487.234
v -98.422 16.000 487.568
v -96.074 16.000 488.247
v -94.383 16.000 488.136
v -92.810 16.000 487.568
v -91.442 16.000 486.577
v -90.525 16.000 485.453
v -89.770 16.000 483.639
v -89.626 16.000 481.735
v -90.102 16.000 479.865
v -91.119 16.000 478.273
v -165.086 0.000 490.986
v -166.606 0.000 492.956
v -167.397 0.000 495.316
v -167.388 0.000 497.798
v -166.616 0.000 500.000
v -153.337 0.000 500.000
v -152.764 0.000 498.934
v -152.368 0.000 496.474
v -152.791 0.000 494.025
v -153.987 0.000 491.843
v -155.831 0.000 490.162
v -158.115 0.000 489.171
v -160.598 0.000 488.982
v -160.849 0.000 489.049
v -163.008 0.000 489.605
v -165.086 41.600 490.986
v -166.606 41.600 492.956
v -167.397 41.600 495.316
v -167.388 41.600 497.798
v -166.616 41.600 500.000
v -153.337 41.600 500.000
v -152.764 41.600 498.934
v -152.368 41.600 496.474
v -152.791 41.600 494.025
v -153.987 41.600 491.843
v -155.831 41.600 490.162
v -158.115 41.600 489.171
v -160.598 41.600 488.982
v -160.849 41.600 489.049
v -163.008 41.600 489.605
v -125.395 0.000 454.718
v -126.384 0.000 456.733
v -126.627 0.000 458.948
v -125.926 0.000 461.508
v -124.271 0.000 463.557
v -121.941 0.000 464.781
v -119.324 0.000 464.993
v -116.833 0.000 464.135
v -114.890 0.000 462.366
v -113.892 0.000 460.328
v -113.649 0.000 458.158
v -114.161 0.000 455.998
v -115.385 0.000 454.117
v -117.183 0.000 452.748
v -119.369 0.000 452.091
v -121.662 0.000 452.224
v -123.758 0.000 453.137
v -125.395 16.000 454.718
v -126.384 16.000 456.733
v -126.627 16.000 458.948
v -125.926 16.000 461.508
v -124.271 16.000 463.557
v -121.941 16.000 464.781
v -119.324 16.000 464.993
v -116.833 16.000 464.135
v -114.890 16.000 462.366
v -113.892 16.000 460.328
v -113.649 16.000 458.158
v -114.161 16.000 455.998
v -115.385 16.000 454.117
v -117.183 16.000 452.748
v -119.369 16.000 452.091
v -121.662 16.000 452.224
v -123.758 16.000 453.137
v -292.738 0.000 487.947
v -302.398 0.000 487.947
v -302.308 0.000 499.735
v -302.305 0.000 500.000
v -289.004 0.000 500.000
v -288.826 0.000 490.407
v -283.519 0.000 484.863
v -271.890 0.000 484.986
v -271.962 0.000 489.928
v -272.016 0.000 493.791
v -200.387 0.000 493.557
v -200.369 0.000 494.704
v -194.847 0.000 494.682
v -194.892 0.000 491.019
v -194.919 0.000 489.082
v -196.637 0.000 489.116
v -196.673 0.000 486.077
v -192.823 0.000 486.065
v -192.823 0.000 476.414
v -192.832 0.000 475.423
v -196.304 0.000 475.423
v -196.322 0.000 471.950
v -196.304 0.000 471.204
v -286.469 0.000 470.748
v -286.847 0.000 481.646
v -292.738 64.000 487.947
v -302.398 64.000 487.947
v -302.308 64.000 499.735
v -302.305 64.000 500.000
v -289.004 64.000 500.000
v -288.826 64.000 490.407
v -283.519 64.000 484.863
v -271.890 64.000 484.986
v -271.962 64.000 489.928
v -272.016 64.000 493.791
v -200.387 64.000 493.557
v -200.369 64.000 494.704
v -194.847 64.000 494.682
v -194.892 64.000 491.019
v -194.919 64.000 489.082
v -196.637 64.000 489.116
v -196.673 64.000 486.077
v -192.823 64.000 486.065
v -192.823 64.000 476.414
v -192.832 64.000 475.423
v -196.304 64.000 475.423
v -196.322 64.000 471.950
v -196.304 64.000 471.204
v -286.469 64.000 470.748
v -286.847 64.000 481.646
v -43.693 0.000 433.946
v -42.857 0.000 436.862
v -42.029 0.000 439.768
v -41.507 0.000 441.571
v -35.167 0.000 445.078
v -33.035 0.000 446.258
v -23.753 0.000 443.497
v -19.220 0.000 435.081
v -20.542 0.000 430.595
v -21.936 0.000 425.908
v -30.337 0.000 421.322
v -39.520 0.000 424.005
v -44.143 0.000 432.376
v -43.693 9.000 433.946
v -42.857 9.000 436.862
v -42.029 9.000 439.768
v -41.507 9.000 441.571
v -35.167 9.000 445.078
v -33.035 9.000 446.258
v -23.753 9.000 443.497
v -19.220 9.000 435.081
v -20.542 9.000 430.595
v -21.936 9.000 425.908
v -30.337 9.000 421.322
v -39.520 9.000 424.005
v -44.143 9.000 432.376
v -35.167 0.000 445.078
v -46.148 0.000 466.406
v -49.161 0.000 464.469
v -52.777 0.000 471.349
v -46.292 0.000 474.889
v -38.908 0.000 479.119
v -30.823 0.000 483.650
v -26.964 0.000 476.659
v -29.617 0.000 475.089
v -10.910 0.000 439.612
v -19.220 0.000 435.081
v -23.753 0.000 443.497
v -33.035 0.000 446.258
v -35.167 9.000 445.078
v -46.148 9.000 466.406
v -49.161 9.000 464.469
v -52.777 9.000 471.349
v -46.292 9.000 474.889
v -38.908 9.000 479.119
v -30.823 9.000 483.650
v -26.964 9.000 476.659
v -29.617 9.000 475.089
v -10.910 9.000 439.612
v -19.220 9.000 435.081
v -23.753 9.000 443.497
v -33.035 9.000 446.258
v -307.517 0.000 500.000
v -307.515 0.000 499.702
v -302.308 0.000 499.735
v -302.398 0.000 487.947
v -302.443 0.000 481.357
v -309.107 0.000 481.345
v -309.206 0.000 496.529
v -311.931 0.000 498.155
v -315.043 0.000 498.132
v -314.890 0.000 473.865
v -362.703 0.000 473.564
v -362.829 0.000 492.578
v -372.848 0.000 492.511
v -372.896 0.000 500.000
v -307.517 9.000 500.000
v -307.515 9.000 499.702
v -302.308 9.000 499.735
v -302.398 9.000 487.947
v -302.443 9.000 481.357
v -309.107 9.000 481.345
v -309.206 9.000 496.529
v -311.931 9.000 498.155
v -315.043 9.000 498.132
v -314.890 9.000 473.865
v -362.703 9.000 473.564
v -362.829 9.000 492.578
v -372.848 9.000 492.511
v -372.896 9.000 500.000
v -199.938 0.000 -126.693
v -212.475 0.000 -128.741
v -212.556 0.000 -134.808
v -207.852 0.000 -142.890
v -209.408 0.000 -143.892
v -204.273 0.000 -152.508
v -216.711 0.000 -159.688
v -222.009 0.000 -162.627
v -208.743 0.000 -185.425
v -252.427 0.000 -209.770
v -258.246 0.000 -199.941
v -264.901 0.000 -188.709
v -292.918 0.000 -140.986
v -273.509 0.000 -130.233
v -284.499 0.000 -111.731
v -280.209 0.000 -109.160
v -280.002 0.000 -106.889
v -283.429 0.000 -101.123
v -320.683 0.000 -101.245
v -330.072 0.000 -110.863
v -344.625 0.000 -96.058
v -356.758 0.000 -95.924
v -356.758 0.000 -88.287
v -356.560 0.000 -71.679
v -353.718 0.000 -71.723
v -353.736 0.000 -64.499
v -348.375 0.000 -64.554
v -348.393 0.000 -62.317
v -348.411 0.000 -59.990
v -324.163 0.000 -59.990
v -324.253 0.000 -47.322
v -324.343 0.000 -33.585
v -302.020 0.000 -33.941
v -301.948 0.000 -46.832
v -301.858 0.000 -62.283
v -301.849 0.000 -64.198
v -281.028 0.000 -64.276
v -261.879 0.000 -54.402
v -225.283 0.000 8.972
v -222.665 0.000 13.592
v -229.645 0.000 16.631
v -226.398 0.000 21.963
v -222.540 0.000 26.873
v -218.132 0.000 31.281
v -213.231 0.000 35.155
v -207.493 0.000 38.628
v -201.359 0.000 41.355
v -194.928 0.000 43.281
v -195.989 0.000 46.342
v -196.799 0.000 48.691
v -191.843 0.000 50.539
v -186.770 0.000 52.042
v -181.023 0.000 53.300
v -175.195 0.000 54.101
v -170.581 0.000 54.424
v -165.958 0.000 54.457
v -160.759 0.000 54.168
v -155.606 0.000 53.522
v -150.093 0.000 52.431
v -144.678 0.000 50.940
v -139.246 0.000 49.003
v -133.984 0.000 46.654
v -127.149 0.000 42.858
v -120.745 0.000 38.372
v -119.945 0.000 37.693
v -115.403 0.000 33.808
v -109.574 0.000 27.685
v -106.642 0.000 24.034
v -102.541 0.000 17.989
v -99.033 0.000 11.588
v -96.155 0.000 4.876
v -82.026 0.000 4.709
v -72.924 0.000 4.141
v -67.590 0.000 3.084
v -62.446 0.000 1.314
v -57.598 0.000 -1.158
v -53.685 0.000 -3.829
v -50.151 0.000 -6.735
v -50.573 0.000 -7.169
v -47.210 0.000 -10.408
v -35.724 0.000 -22.197
v -32.253 0.000 -25.570
v -31.866 0.000 -25.203
v -28.646 0.000 -29.066
v -25.894 0.000 -33.273
v -23.618 0.000 -37.760
v -21.909 0.000 -42.379
v -20.704 0.000 -47.144
v -20.039 0.000 -52.020
v -19.652 0.000 -63.185
v -21.028 0.000 -123.999
v -16.765 0.000 -123.988
v -16.837 0.000 -130.656
v -36.867 0.000 -130.711
v -36.597 0.000 -125.145
v -38.162 0.000 -125.112
v -38.306 0.000 -126.737
v -46.877 0.000 -126.882
v -46.796 0.000 -128.596
v -57.202 0.000 -128.251
v -57.211 0.000 -125.657
v -71.098 0.000 -125.357
v -71.134 0.000 -127.639
v -199.938 9.600 -126.693
v -212.475 9.600 -128.741
v -212.556 9.600 -134.808
v -207.852 9.600 -142.890
v -209.408 9.600 -143.892
v -204.273 9.600 -152.508
v -216.711 9.600 -159.688
v -222.009 9.600 -162.627
v -208.743 9.600 -185.425
v -252.427 9.600 -209.770
v -258.246 9.600 -199.941
v -264.901 9.600 -188.709
v -292.918 9.600 -140.986
v -273.509 9.600 -130.233
v -284.499 9.600 -111.731
v -280.209 9.600 -109.160
v -280.002 9.600 -106.889
v -283.429 9.600 -101.123
v -320.683 9.600 -101.245
v -330.072 9.600 -110.863
v -344.625 9.600 -96.058
v -356.758 9.600 -95.924
v -356.758 9.600 -88.287
v -356.560 9.600 -71.679
v -353.718 9.600 -71.723
v -353.736 9.600 -64.499
v -348.375 9.600 -64.554
v -348.393 9.600 -62.317
v -348.411 9.600 -59.990
v -324.163 9.600 -59.990
v -324.253 9.600 -47.322
v -324.343 9.600 -33.585
v -302.020 9.600 -33.941
v -301.948 9.600 -46.832
v -301.858 9.600 -62.283
v -301.849 9.600 -64.198
v -281.028 9.600 -64.276
v -261.879 9.600 -54.402
v -225.283 9.600 8.972
v -222.665 9.600 13.592
v -229.645 9.600 16.631
v -226.398 9.600 21.963
v -222.540 9.600 26.873
v -218.132 9.600 31.281
v -213.231 9.600 35.155
v -207.493 9.600 38.628
v -201.359 9.600 41.355
v -194.928 9.600 43.281
v -195.989 9.600 46.342
v -196.799 9.600 48.691
v -191.843 9.600 50.539
v -186.770 9.600 52.042
v -181.023 9.600 53.300
v -175.195 9.600 54.101
v -170.581 9.600 54.424
v -165.958 9.600 54.457
v -160.759 9.600 54.168
v -155.606 9.600 53.522
v -150.093 9.600 52.431
v -144.678 9.600 50.940
v -139.246 9.600 49.003
v -133.984 9.600 46.654
v -127.149 9.600 42.858
v -120.745 9.600 38.372
v -119.945 9.600 37.693
v -115.403 9.600 33.808
v -109.574 9.600 27.685
v -106.642 9.600 24.034
v -102.541 9.600 17.989
v -99.033 9.600 11.588
v -96.155 9.600 4.876
v -82.026 9.600 4.709
v -72.924 9.600 4.141
v -67.590 9.600 3.084
v -62.446 9.600 1.314
v -57.598 9.600 -1.158
v -53.685 9.600 -3.829
v -50.151 9.600 -6.735
v -50.573 9.600 -7.169
v -47.210 9.600 -10.408
v -35.724 9.600 -22.197
v -32.253 9.600 -25.570
v -31.866 9.600 -25.203
v -28.646 9.600 -29.066
v -25.894 9.600 -33.273
v -23.618 9.600 -37.760
v -21.909 9.600 -42.379
v -20.704 9.600 -47.144
v -20.039 9.600 -52.020
v -19.652 9.600 -63.185
v -21.028 9.600 -123.999
v -16.765 9.600 -123.988
v -16.837 9.600 -130.656
v -36.867 9.600 -130.711
v -36.597 9.600 -125.145
v -38.162 9.600 -125.112
v -38.306 9.600 -126.737
v -46.877 9.600 -126.882
v -46.796 9.600 -128.596
v -57.202 9.600 -128.251
v -57.211 9.600 -125.657
v -71.098 9.600 -125.357
v -71.134 9.600 -127.639
v -291.578 0.000 -235.953
v -292.432 0.000 -234.895
v -292.945 0.000 -233.081
v -293.673 0.000 -230.431
v -295.319 0.000 -227.671
v -296.372 0.000 -226.056
v -296.192 0.000 -223.418
v -296.650 0.000 -220.657
v -297.190 0.000 -218.542
v -297.721 0.000 -216.450
v -297.433 0.000 -216.138
v -296.560 0.000 -214.579
v -295.913 0.000 -213.466
v -295.652 0.000 -209.882
v -294.663 0.000 -209.347
v -285.516 0.000 -204.394
v -282.035 0.000 -204.783
v -279.616 0.000 -205.384
v -278.806 0.000 -205.874
v -275.865 0.000 -208.368
v -273.293 0.000 -209.949
v -271.251 0.000 -210.906
v -270.091 0.000 -212.464
v -268.418 0.000 -213.745
v -266.718 0.000 -214.758
v -266.062 0.000 -215.960
v -265.567 0.000 -217.073
v -263.759 0.000 -218.676
v -263.426 0.000 -219.856
v -262.581 0.000 -221.504
v -261.906 0.000 -222.505
v -260.539 0.000 -223.607
v -259.595 0.000 -225.700
v -258.669 0.000 -227.704
v -257.553 0.000 -229.507
v -256.321 0.000 -231.645
v -254.765 0.000 -233.103
v -255.143 0.000 -235.741
v -255.062 0.000 -237.623
v -254.810 0.000 -239.849
v -254.315 0.000 -243.656
v -255.071 0.000 -244.524
v -255.835 0.000 -246.094
v -256.312 0.000 -247.909
v -256.483 0.000 -250.191
v -262.959 0.000 -254.521
v -264.011 0.000 -255.189
v -264.686 0.000 -254.543
v -265.549 0.000 -254.387
v -267.240 0.000 -254.276
v -269.479 0.000 -254.421
v -271.251 0.000 -254.532
v -272.474 0.000 -253.931
v -273.761 0.000 -252.729
v -275.496 0.000 -251.538
v -275.910 0.000 -251.337
v -277.700 0.000 -250.469
v -279.445 0.000 -249.857
v -280.839 0.000 -248.799
v -281.810 0.000 -247.218
v -283.276 0.000 -245.582
v -285.057 0.000 -244.346
v -286.559 0.000 -243.567
v -287.503 0.000 -242.075
v -288.628 0.000 -239.237
v -290.184 0.000 -237.456
v -291.578 9.000 -235.953
v -292.432 9.000 -234.895
v -292.945 9.000 -233.081
v -293.673 9.000 -230.431
v -295.319 9.000 -227.671
v -296.372 9.000 -226.056
v -296.192 9.000 -223.418
v -296.650 9.000 -220.657
v -297.190 9.000 -218.542
v -297.721 9.000 -216.450
v -297.433 9.000 -216.138
v -296.560 9.000 -214.579
v -295.913 9.000 -213.466
v -295.652 9.000 -209.882
v -294.663 9.000 -209.347
v -285.516 9.000 -204.394
v -282.035 9.000 -204.783
v -279.616 9.000 -205.384
v -278.806 9.000 -205.874
v -275.865 9.000 -208.368
v -273.293 9.000 -209.949
v -271.251 9.000 -210.906
v -270.091 9.000 -212.464
v -268.418 9.000 -213.745
v -266.718 9.000 -214.758
v -266.062 9.000 -215.960
v -265.567 9.000 -217.073
v -263.759 9.000 -218.676
v -263.426 9.000 -219.856
v -262.581 9.000 -221.504
v -261.906 9.000 -222.505
v -260.539 9.000 -223.607
v -259.595 9.000 -225.700
v -258.669 9.000 -227.704
v -257.553 9.000 -229.507
v -256.321 9.000 -231.645
v -254.765 9.000 -233.103
v -255.143 9.000 -235.741
v -255.062 9.000 -237.623
v -254.810 9.000 -239.849
v -254.315 9.000 -243.656
v -255.071 9.000 -244.524
v -255.835 9.000 -246.094
v -256.312 9.000 -247.909
v -256.483 9.000 -250.191
v -262.959 9.000 -254.521
v -264.011 9.000 -255.189
v -264.686 9.000 -254.543
v -265.549 9.000 -254.387
v -267.240 9.000 -254.276
v -269.479 9.000 -254.421
v -271.251 9.000 -254.532
v -272.474 9.000 -253.931
v -273.761 9.000 -252.729
v -275.496 9.000 -251.538
v -275.910 9.000 -251.337
v -277.700 9.000 -250.469
v -279.445 9.000 -249.857
v -280.839 9.000 -248.799
v -281.810 9.000 -247.218
v -283.276 9.000 -245.582
v -285.057 9.000 -244.346
v -286.559 9.000 -243.567
v -287.503 9.000 -242.075
v -288.628 9.000 -239.237
v -290.184 9.000 -237.456
v 332.824 0.000 62.105
v 333.202 0.000 163.517
v 327.653 0.000 169.551
v 289.158 0.000 170.029
v 284.715 0.000 174.382
v 284.472 0.000 187.150
v 288.862 0.000 192.182
v 327.167 0.000 191.737
v 333.445 0.000 198.249
v 333.625 0.000 248.365
v 333.742 0.000 291.167
v 333.751 0.000 295.052
v 337.978 0.000 299.961
v 350.759 0.000 300.028
v 355.624 0.000 295.587
v 355.444 0.000 248.677
v 355.516 0.000 198.260
v 361.911 0.000 191.380
v 430.293 0.000 189.700
v 460.000 0.000 189.432
v 464.263 0.000 184.790
v 464.155 0.000 172.089
v 458.696 0.000 166.400
v 361.785 0.000 169.306
v 355.274 0.000 162.916
v 354.149 0.000 66.124
v 354.158 0.000 62.306
v 350.372 0.000 58.443
v 336.782 0.000 58.498
v 332.824 89.000 62.105
v 333.202 89.000 163.517
v 327.653 89.000 169.551
v 289.158 89.000 170.029
v 284.715 89.000 174.382
v 284.472 89.000 187.150
v 288.862 89.000 192.182
v 327.167 89.000 191.737
v 333.445 89.000 198.249
v 333.625 89.000 248.365
v 333.742 89.000 291.167
v 333.751 89.000 295.052
v 337.978 89.000 299.961
v 350.759 89.000 300.028
v 355.624 89.000 295.587
v 355.444 89.000 248.677
v 355.516 89.000 198.260
v 361.911 89.000 191.380
v 430.293 89.000 189.700
v 460.000 89.000 189.432
v 464.263 89.000 184.790
v 464.155 89.000 172.089
v 458.696 89.000 166.400
v 361.785 89.000 169.306
v 355.274 89.000 162.916
v 354.149 89.000 66.124
v 354.158 89.000 62.306
v 350.372 89.000 58.443
v 336.782 89.000 58.498
v 233.818 0.000 187.251
v 234.061 0.000 174.427
v 238.495 0.000 170.163
v 229.717 0.000 170.274
v 227.522 0.000 172.044
v 225.454 0.000 173.870
v 225.247 0.000 187.763
v 227.963 0.000 190.546
v 229.591 0.000 192.226
v 238.225 0.000 192.293
v 233.818 57.600 187.251
v 234.061 57.600 174.427
v 238.495 57.600 170.163
v 229.717 57.600 170.274
v 227.522 57.600 172.044
v 225.454 57.600 173.870
v 225.247 57.600 187.763
v 227.963 57.600 190.546
v 229.591 57.600 192.226
v 238.225 57.600 192.293
v 225.454 0.000 173.870
v 227.522 0.000 172.044
v 223.232 0.000 172.757
v 215.056 0.000 172.055
v 108.306 0.000 172.044
v 108.198 0.000 189.432
v 227.963 0.000 190.546
v 225.247 0.000 187.763
v 225.454 57.600 173.870
v 227.522 57.600 172.044
v 223.232 57.600 172.757
v 215.056 57.600 172.055
v 108.306 57.600 172.044
v 108.198 57.600 189.432
v 227.963 57.600 190.546
v 225.247 57.600 187.763
v 113.550 0.000 306.841
v 141.548 0.000 306.841
v 161.740 0.000 286.926
v 162.028 0.000 258.328
v 141.926 0.000 238.602
v 113.496 0.000 238.279
v 94.231 0.000 258.350
v 93.394 0.000 286.124
v 113.550 14.400 306.841
v 141.548 14.400 306.841
v 161.740 14.400 286.926
v 162.028 14.400 258.328
v 141.926 14.400 238.602
v 113.496 14.400 238.279
v 94.231 14.400 258.350
v 93.394 14.400 286.124
v 117.660 0.000 297.112
v 137.564 0.000 297.112
v 152.062 0.000 282.818
v 152.260 0.000 262.369
v 137.906 0.000 248.276
v 117.597 0.000 248.042
v 103.836 0.000 262.380
v 103.243 0.000 282.295
v 117.660 17.600 297.112
v 137.564 17.600 297.112
v 152.062 17.600 282.818
v 152.260 17.600 262.369
v 137.906 17.600 248.276
v 117.597 17.600 248.042
v 103.836 17.600 262.380
v 103.243 17.600 282.295
v 98.233 0.000 246.985
v 98.116 0.000 207.422
v 93.799 0.000 205.685
v 72.852 0.000 204.895
v 71.107 0.000 228.439
v 70.297 0.000 234.428
v 67.338 0.000 234.194
v 65.890 0.000 244.892
v 65.153 0.000 257.460
v 67.644 0.000 257.749
v 63.282 0.000 289.920
v 64.874 0.000 298.336
v 67.680 0.000 297.635
v 70.621 0.000 297.802
v 73.517 0.000 298.937
v 75.892 0.000 300.908
v 77.565 0.000 303.602
v 78.275 0.000 306.707
v 77.924 0.000 309.913
v 87.458 0.000 314.355
v 88.636 0.000 313.676
v 174.970 0.000 313.943
v 174.583 0.000 301.631
v 174.709 0.000 284.867
v 166.983 0.000 284.622
v 167.091 0.000 256.235
v 144.013 0.000 233.582
v 111.373 0.000 233.203
v 98.233 12.800 246.985
v 98.116 12.800 207.422
v 93.799 12.800 205.685
v 72.852 12.800 204.895
v 71.107 12.800 228.439
v 70.297 12.800 234.428
v 67.338 12.800 234.194
v 65.890 12.800 244.892
v 65.153 12.800 257.460
v 67.644 12.800 257.749
v 63.282 12.800 289.920
v 64.874 12.800 298.336
v 67.680 12.800 297.635
v 70.621 12.800 297.802
v 73.517 12.800 298.937
v 75.892 12.800 300.908
v 77.565 12.800 303.602
v 78.275 12.800 306.707
v 77.924 12.800 309.913
v 87.458 12.800 314.355
v 88.636 12.800 313.676
v 174.970 12.800 313.943
v 174.583 12.800 301.631
v 174.709 12.800 284.867
v 166.983 12.800 284.622
v 167.091 12.800 256.235
v 144.013 12.800 233.582
v 111.373 12.800 233.203
v 152.323 0.000 93.842
v 152.530 0.000 150.715
v 209.462 0.000 150.504
v 209.255 0.000 93.631
v 152.323 16.000 93.842
v 152.530 16.000 150.715
v 209.462 16.000 150.504
v 209.255 16.000 93.631
v 250.565 0.000 187.262
v 250.808 0.000 174.438
v 255.251 0.000 170.185
v 246.931 0.000 170.174
v 242.488 0.000 174.438
v 242.245 0.000 187.251
v 246.653 0.000 192.304
v 254.972 0.000 192.304
v 250.565 70.400 187.262
v 250.808 70.400 174.438
v 255.251 70.400 170.185
v 246.931 70.400 170.174
v 242.488 70.400 174.438
v 242.245 70.400 187.251
v 246.653 70.400 192.304
v 254.972 70.400 192.304
v 267.519 0.000 187.139
v 267.762 0.000 174.349
v 272.196 0.000 170.096
v 263.678 0.000 170.130
v 259.235 0.000 174.393
v 258.992 0.000 187.206
v 263.399 0.000 192.249
v 271.926 0.000 192.182
v 267.519 83.200 187.139
v 267.762 83.200 174.349
v 272.196 83.200 170.096
v 263.678 83.200 170.130
v 259.235 83.200 174.393
v 258.992 83.200 187.206
v 263.399 83.200 192.249
v 271.926 83.200 192.182
v 121.761 0.000 287.394
v 133.579 0.000 287.394
v 142.385 0.000 278.711
v 142.502 0.000 266.410
v 133.885 0.000 257.950
v 121.689 0.000 257.805
v 113.433 0.000 266.410
v 113.073 0.000 278.477
v 121.761 20.800 287.394
v 133.579 20.800 287.394
v 142.385 20.800 278.711
v 142.502 20.800 266.410
v 133.885 20.800 257.950
v 121.689 20.800 257.805
v 113.433 20.800 266.410
v 113.073 20.800 278.477
v 284.472 0.000 187.150
v 284.715 0.000 174.382
v 289.158 0.000 170.029
v 280.848 0.000 170.085
v 276.414 0.000 174.427
v 276.171 0.000 187.195
v 280.560 0.000 192.226
v 288.862 0.000 192.182
v 284.472 96.000 187.150
v 284.715 96.000 174.382
v 289.158 96.000 170.029
v 280.848 96.000 170.085
v 276.414 96.000 174.427
v 276.171 96.000 187.195
v 280.560 96.000 192.226
v 288.862 96.000 192.182
v 115.501 0.000 302.221
v 139.659 0.000 302.221
v 157.144 0.000 284.978
v 157.387 0.000 260.254
v 140.019 0.000 243.200
v 115.447 0.000 242.910
v 98.791 0.000 260.265
v 98.071 0.000 284.310
v 115.501 16.000 302.221
v 139.659 16.000 302.221
v 157.144 16.000 284.978
v 157.387 16.000 260.254
v 140.019 16.000 243.200
v 115.447 16.000 242.910
v 98.791 16.000 260.265
v 98.071 16.000 284.310
v 119.621 0.000 292.470
v 135.657 0.000 292.470
v 147.430 0.000 280.848
v 147.592 0.000 264.306
v 135.981 0.000 252.907
v 119.558 0.000 252.718
v 108.432 0.000 264.306
v 107.946 0.000 280.469
v 119.621 19.200 292.470
v 135.657 19.200 292.470
v 147.430 19.200 280.848
v 147.592 19.200 264.306
v 135.981 19.200 252.907
v 119.558 19.200 252.718
v 108.432 19.200 264.306
v 107.946 19.200 280.469
v 276.171 0.000 187.195
v 276.414 0.000 174.427
v 280.848 0.000 170.085
v 272.196 0.000 170.096
v 267.762 0.000 174.349
v 267.519 0.000 187.139
v 271.926 0.000 192.182
v 280.560 0.000 192.226
v 276.171 89.600 187.195
v 276.414 89.600 174.427
v 280.848 89.600 170.085
v 272.196 89.600 170.096
v 267.762 89.600 174.349
v 267.519 89.600 187.139
v 271.926 89.600 192.182
v 280.560 89.600 192.226
v 242.245 0.000 187.251
v 242.488 0.000 174.438
v 246.931 0.000 170.174
v 238.495 0.000 170.163
v 234.061 0.000 174.427
v 233.818 0.000 187.251
v 238.225 0.000 192.293
v 246.653 0.000 192.304
v 242.245 64.000 187.251
v 242.488 64.000 174.438
v 246.931 64.000 170.174
v 238.495 64.000 170.163
v 234.061 64.000 174.427
v 233.818 64.000 187.251
v 238.225 64.000 192.293
v 246.653 64.000 192.304
v 258.992 0.000 187.206
v 259.235 0.000 174.393
v 263.678 0.000 170.130
v 255.251 0.000 170.185
v 250.808 0.000 174.438
v 250.565 0.000 187.262
v 254.972 0.000 192.304
v 263.399 0.000 192.249
v 258.992 76.800 187.206
v 259.235 76.800 174.393
v 263.678 76.800 170.130
v 255.251 76.800 170.185
v 250.808 76.800 174.438
v 250.565 76.800 187.262
v 254.972 76.800 192.304
v 263.399 76.800 192.249
v 455.989 0.000 267.979
v 455.845 0.000 263.449
v 455.800 0.000 262.480
v 454.235 0.000 255.300
v 450.961 0.000 249.044
v 450.431 0.000 248.020
v 445.142 0.000 241.641
v 440.303 0.000 237.623
v 433.711 0.000 233.860
v 426.713 0.000 231.478
v 418.196 0.000 230.409
v 419.932 0.000 228.172
v 417.278 0.000 224.910
v 414.661 0.000 221.682
v 400.190 0.000 235.931
v 387.373 0.000 248.554
v 389.991 0.000 251.615
v 393.040 0.000 255.189
v 394.721 0.000 253.385
v 394.685 0.000 254.632
v 395.711 0.000 261.167
v 399.389 0.000 270.618
v 403.832 0.000 277.096
v 408.482 0.000 281.750
v 413.303 0.000 285.223
v 413.699 0.000 285.501
v 420.112 0.000 288.596
v 426.578 0.000 290.410
v 428.854 0.000 290.622
v 433.801 0.000 291.100
v 434.475 0.000 292.069
v 432.245 0.000 294.496
v 437.956 0.000 299.806
v 441.095 0.000 296.355
v 444.099 0.000 297.501
v 446.923 0.000 298.069
v 449.666 0.000 298.091
v 451.393 0.000 297.757
v 452.769 0.000 297.490
v 455.638 0.000 296.255
v 457.941 0.000 294.496
v 458.885 0.000 293.783
v 460.585 0.000 291.713
v 462.510 0.000 287.683
v 463.013 0.000 285.323
v 463.022 0.000 281.572
v 462.402 0.000 278.833
v 461.646 0.000 276.284
v 464.794 0.000 272.822
v 459.128 0.000 267.501
v 457.302 0.000 269.415
v 455.989 9.600 267.979
v 455.845 9.600 263.449
v 455.800 9.600 262.480
v 454.235 9.600 255.300
v 450.961 9.600 249.044
v 450.431 9.600 248.020
v 445.142 9.600 241.641
v 440.303 9.600 237.623
v 433.711 9.600 233.860
v 426.713 9.600 231.478
v 418.196 9.600 230.409
v 419.932 9.600 228.172
v 417.278 9.600 224.910
v 414.661 9.600 221.682
v 400.190 9.600 235.931
v 387.373 9.600 248.554
v 389.991 9.600 251.615
v 393.040 9.600 255.189
v 394.721 9.600 253.385
v 394.685 9.600 254.632
v 395.711 9.600 261.167
v 399.389 9.600 270.618
v 403.832 9.600 277.096
v 408.482 9.600 281.750
v 413.303 9.600 285.223
v 413.699 9.600 285.501
v 420.112 9.600 288.596
v 426.578 9.600 290.410
v 428.854 9.600 290.622
v 433.801 9.600 291.100
v 434.475 9.600 292.069
v 432.245 9.600 294.496
v 437.956 9.600 299.806
v 441.095 9.600 296.355
v 444.099 9.600 297.501
v 446.923 9.600 298.069
v 449.666 9.600 298.091
v 451.393 9.600 297.757
v 452.769 9.600 297.490
v 455.638 9.600 296.255
v 457.941 9.600 294.496
v 458.885 9.600 293.783
v 460.585 9.600 291.713
v 462.510 9.600 287.683
v 463.013 9.600 285.323
v 463.022 9.600 281.572
v 462.402 9.600 278.833
v 461.646 9.600 276.284
v 464.794 9.600 272.822
v 459.128 9.600 267.501
v 457.302 9.600 269.415
v 116.014 0.000 -56.350
v 51.932 0.000 -57.463
v 51.383 0.000 -57.641
v 51.743 0.000 -48.713
v 55.637 0.000 3.440
v 115.223 0.000 4.675
v 115.537 0.000 -11.165
v 115.951 0.000 -51.830
v 116.014 9.000 -56.350
v 51.932 9.000 -57.463
v 51.383 9.000 -57.641
v 51.743 9.000 -48.713
v 55.637 9.000 3.440
v 115.223 9.000 4.675
v 115.537 9.000 -11.165
v 115.951 9.000 -51.830
v 145.524 0.000 -63.619
v 136.557 0.000 -63.697
v 137.105 0.000 -82.710
v 129.442 0.000 -82.755
v 129.685 0.000 -86.918
v 98.943 0.000 -87.475
v 98.997 0.000 -89.056
v 52.165 0.000 -89.946
v 51.932 0.000 -57.463
v 116.014 0.000 -56.350
v 145.290 0.000 -56.049
v 145.524 9.600 -63.619
v 136.557 9.600 -63.697
v 137.105 9.600 -82.710
v 129.442 9.600 -82.755
v 129.685 9.600 -86.918
v 98.943 9.600 -87.475
v 98.997 9.600 -89.056
v 52.165 9.600 -89.946
v 51.932 9.600 -57.463
v 116.014 9.600 -56.350
v 145.290 9.600 -56.049
v -121.653 0.000 138.515
v -121.563 0.000 131.513
v -133.202 0.000 131.435
v -136.449 0.000 131.346
v -136.709 0.000 153.365
v -127.589 0.000 153.465
v -115.097 0.000 153.610
v -114.917 0.000 138.593
v -121.653 102.400 138.515
v -121.563 102.400 131.513
v -133.202 102.400 131.435
v -136.449 102.400 131.346
v -136.709 102.400 153.365
v -127.589 102.400 153.465
v -115.097 102.400 153.610
v -114.917 102.400 138.593
v -111.679 0.000 115.383
v -127.059 0.000 115.271
v -133.094 0.000 115.227
v -133.202 0.000 131.435
v -121.563 0.000 131.513
v -111.796 0.000 131.580
v -111.679 121.600 115.383
v -127.059 121.600 115.271
v -133.094 121.600 115.227
v -133.202 121.600 131.435
v -121.563 121.600 131.513
v -111.796 121.600 131.580
v -64.235 0.000 294.028
v -57.355 0.000 300.429
v -60.458 0.000 303.847
v -55.259 0.000 309.279
v -29.518 0.000 283.085
v -24.158 0.000 283.219
v -24.104 0.000 272.143
v -24.050 0.000 262.046
v -30.769 0.000 261.957
v -30.841 0.000 242.242
v -37.703 0.000 242.075
v -37.955 0.000 218.142
v -39.943 0.000 218.097
v -39.943 0.000 207.967
v -41.166 0.000 207.934
v -40.941 0.000 182.174
v -36.093 0.000 182.219
v -36.111 0.000 177.989
v -34.177 0.000 177.900
v -34.177 0.000 165.398
v -35.724 0.000 165.354
v -35.616 0.000 154.656
v -37.046 0.000 154.623
v -37.064 0.000 145.328
v -39.007 0.000 145.305
v -39.007 0.000 129.799
v -35.940 0.000 129.732
v -35.877 0.000 123.364
v -35.850 0.000 99.431
v -57.076 0.000 99.286
v -100.284 0.000 99.130
v -104.987 0.000 99.108
v -108.423 0.000 99.097
v -108.360 0.000 96.247
v -123.146 0.000 96.091
v -123.254 0.000 99.052
v -126.699 0.000 99.041
v -140.973 0.000 98.985
v -213.393 0.000 170.408
v -205.901 0.000 178.100
v -209.174 0.000 181.295
v -216.379 0.000 188.341
v -211.414 0.000 193.440
v -212.970 0.000 195.021
v -206.431 0.000 201.433
v -205.145 0.000 200.130
v -203.283 0.000 201.956
v -198.148 0.000 196.713
v -194.091 0.000 200.698
v -189.981 0.000 196.724
v -187.409 0.000 199.429
v -201.431 0.000 213.377
v -194.253 0.000 221.359
v -210.155 0.000 236.843
v -207.133 0.000 240.227
v -232.181 0.000 264.595
v -224.024 0.000 272.889
v -221.577 0.000 275.126
v -188.011 0.000 275.816
v -179.773 0.000 267.434
v -151.487 0.000 267.657
v -151.532 0.000 278.098
v -151.559 0.000 286.002
v -151.702 0.000 298.047
v -147.709 0.000 298.058
v -147.736 0.000 302.288
v -147.799 0.000 311.116
v -125.485 0.000 311.082
v -125.476 0.000 302.522
v -125.476 0.000 298.448
v -121.276 0.000 298.403
v -121.213 0.000 285.234
v -121.177 0.000 278.032
v -121.168 0.000 275.004
v -122.868 0.000 275.059
v -122.787 0.000 267.612
v -104.025 0.000 267.723
v -100.760 0.000 270.417
v -104.996 0.000 274.859
v -82.412 0.000 298.392
v -82.421 0.000 300.585
v -82.466 0.000 322.916
v -73.958 0.000 322.982
v -64.029 0.000 322.871
v -64.083 0.000 300.707
v -68.004 0.000 300.585
v -67.968 0.000 294.028
v -64.235 6.400 294.028
v -57.355 6.400 300.429
v -60.458 6.400 303.847
v -55.259 6.400 309.279
v -29.518 6.400 283.085
v -24.158 6.400 283.219
v -24.104 6.400 272.143
v -24.050 6.400 262.046
v -30.769 6.400 261.957
v -30.841 6.400 242.242
v -37.703 6.400 242.075
v -37.955 6.400 218.142
v -39.943 6.400 218.097
v -39.943 6.400 207.967
v -41.166 6.400 207.934
v -40.941 6.400 182.174
v -36.093 6.400 182.219
v -36.111 6.400 177.989
v -34.177 6.400 177.900
v -34.177 6.400 165.398
v -35.724 6.400 165.354
v -35.616 6.400 154.656
v -37.046 6.400 154.623
v -37.064 6.400 145.328
v -39.007 6.400 145.305
v -39.007 6.400 129.799
v -35.940 6.400 129.732
v -35.877 6.400 123.364
v -35.850 6.400 99.431
v -57.076 6.400 99.286
v -100.284 6.400 99.130
v -104.987 6.400 99.108
v -108.423 6.400 99.097
v -108.360 6.400 96.247
v -123.146 6.400 96.091
v -123.254 6.400 99.052
v -126.699 6.400 99.041
v -140.973 6.400 98.985
v -213.393 6.400 170.408
v -205.901 6.400 178.100
v -209.174 6.400 181.295
v -216.379 6.400 188.341
v -211.414 6.400 193.440
v -212.970 6.400 195.021
v -206.431 6.400 201.433
v -205.145 6.400 200.130
v -203.283 6.400 201.956
v -198.148 6.400 196.713
v -194.091 6.400 200.698
v -189.981 6.400 196.724
v -187.409 6.400 199.429
v -201.431 6.400 213.377
v -194.253 6.400 221.359
v -210.155 6.400 236.843
v -207.133 6.400 240.227
v -232.181 6.400 264.595
v -224.024 6.400 272.889
v -221.577 6.400 275.126
v -188.011 6.400 275.816
v -179.773 6.400 267.434
v -151.487 6.400 267.657
v -151.532 6.400 278.098
v -151.559 6.400 286.002
v -151.702 6.400 298.047
v -147.709 6.400 298.058
v -147.736 6.400 302.288
v -147.799 6.400 311.116
v -125.485 6.400 311.082
v -125.476 6.400 302.522
v -125.476 6.400 298.448
v -121.276 6.400 298.403
v -121.213 6.400 285.234
v -121.177 6.400 278.032
v -121.168 6.400 275.004
v -122.868 6.400 275.059
v -122.787 6.400 267.612
v -104.025 6.400 267.723
v -100.760 6.400 270.417
v -104.996 6.400 274.859
v -82.412 6.400 298.392
v -82.421 6.400 300.585
v -82.466 6.400 322.916
v -73.958 6.400 322.982
v -64.029 6.400 322.871
v -64.083 6.400 300.707
v -68.004 6.400 300.585
v -67.968 6.400 294.028
v -57.103 0.000 123.220
v -35.877 0.000 123.364
v -35.850 0.000 99.431
v -57.076 0.000 99.286
v -57.103 9.000 123.220
v -35.877 9.000 123.364
v -35.850 9.000 99.431
v -57.076 9.000 99.286
v -154.644 0.000 173.113
v -143.995 0.000 183.633
v -138.895 0.000 178.000
v -138.841 0.000 169.673
v -155.831 0.000 169.573
v -155.723 0.000 172.022
v -154.644 112.000 173.113
v -143.995 112.000 183.633
v -138.895 112.000 178.000
v -138.841 112.000 169.673
v -155.831 112.000 169.573
v -155.723 112.000 172.022
v -165.391 0.000 235.396
v -170.770 0.000 230.153
v -182.147 0.000 219.010
v -199.812 0.000 236.977
v -190.287 0.000 247.018
v -183.856 0.000 253.352
v -182.921 0.000 252.406
v -165.391 161.000 235.396
v -170.770 161.000 230.153
v -182.147 161.000 219.010
v -199.812 161.000 236.977
v -190.287 161.000 247.018
v -183.856 161.000 253.352
v -182.921 161.000 252.406
v -139.444 0.000 188.130
v -136.682 0.000 190.891
v -127.742 0.000 181.974
v -127.679 0.000 169.740
v -138.841 0.000 169.673
v -138.895 0.000 178.000
v -143.995 0.000 183.633
v -139.444 73.600 188.130
v -136.682 73.600 190.891
v -127.742 73.600 181.974
v -127.679 73.600 169.740
v -138.841 73.600 169.673
v -138.895 73.600 178.000
v -143.995 73.600 183.633
v -154.221 0.000 217.351
v -140.739 0.000 203.871
v -147.997 0.000 196.624
v -144.939 0.000 193.562
v -148.024 0.000 190.479
v -151.226 0.000 193.685
v -156.388 0.000 188.531
v -158.700 0.000 190.846
v -169.718 0.000 201.856
v -156.244 0.000 215.325
v -154.221 128.000 217.351
v -140.739 128.000 203.871
v -147.997 128.000 196.624
v -144.939 128.000 193.562
v -148.024 128.000 190.479
v -151.226 128.000 193.685
v -156.388 128.000 188.531
v -158.700 128.000 190.846
v -169.718 128.000 201.856
v -156.244 128.000 215.325
v -127.589 0.000 153.465
v -136.709 0.000 153.365
v -155.741 0.000 153.309
v -155.831 0.000 169.573
v -138.841 0.000 169.673
v -127.679 0.000 169.740
v -127.589 128.000 153.465
v -136.709 128.000 153.365
v -155.741 128.000 153.309
v -155.831 128.000 169.573
v -138.841 128.000 169.673
v -127.679 128.000 169.740
v -123.146 0.000 96.091
v -123.254 0.000 99.052
v -126.699 0.000 99.041
v -127.059 0.000 115.271
v -111.679 0.000 115.383
v -105.095 0.000 115.372
v -104.987 0.000 99.108
v -108.423 0.000 99.097
v -108.360 0.000 96.247
v -123.146 89.600 96.091
v -123.254 89.600 99.052
v -126.699 89.600 99.041
v -127.059 89.600 115.271
v -111.679 89.600 115.383
v -105.095 89.600 115.372
v -104.987 89.600 99.108
v -108.423 89.600 99.097
v -108.360 89.600 96.247
v -151.226 0.000 193.685
v -148.024 0.000 190.479
v -144.939 0.000 193.562
v -139.444 0.000 188.130
v -143.995 0.000 183.633
v -154.644 0.000 173.113
v -165.796 0.000 183.911
v -158.700 0.000 190.846
v -156.388 0.000 188.531
v -151.226 112.000 193.685
v -148.024 112.000 190.479
v -144.939 112.000 193.562
v -139.444 112.000 188.130
v -143.995 112.000 183.633
v -154.644 112.000 173.113
v -165.796 112.000 183.911
v -158.700 112.000 190.846
v -156.388 112.000 188.531
v -188.020 0.000 275.260
v -180.052 0.000 267.156
v -174.089 0.000 261.100
v -182.921 0.000 252.406
v -183.856 0.000 253.352
v -190.287 0.000 247.018
v -200.621 0.000 257.527
v -195.881 0.000 262.191
v -198.543 0.000 264.896
v -188.020 89.600 275.260
v -180.052 89.600 267.156
v -174.089 89.600 261.100
v -182.921 89.600 252.406
v -183.856 89.600 253.352
v -190.287 89.600 247.018
v -200.621 89.600 257.527
v -195.881 89.600 262.191
v -198.543 89.600 264.896
v -141.386 0.000 267.300
v -141.476 0.000 276.952
v -131.655 0.000 277.041
v -131.565 0.000 267.389
v -141.386 19.200 267.300
v -141.476 19.200 276.952
v -131.655 19.200 277.041
v -131.565 19.200 267.389
v -31.812 0.000 99.386
v -35.850 0.000 99.431
v -35.877 0.000 123.364
v -35.940 0.000 129.732
v -31.848 0.000 129.665
v -31.812 9.000 99.386
v -35.850 9.000 99.431
v -35.877 9.000 123.364
v -35.940 9.000 129.732
v -31.848 9.000 129.665
v -156.244 0.000 215.325
v -169.718 0.000 201.856
v -172.083 0.000 199.507
v -186.734 0.000 214.513
v -182.147 0.000 219.010
v -170.770 0.000 230.153
v -156.244 112.000 215.325
v -169.718 112.000 201.856
v -172.083 112.000 199.507
v -186.734 112.000 214.513
v -182.147 112.000 219.010
v -170.770 112.000 230.153
v -185.664 0.000 235.841
v -185.565 0.000 236.665
v -185.187 0.000 237.400
v -184.576 0.000 237.968
v -183.442 0.000 238.357
v -182.615 0.000 238.268
v -181.868 0.000 237.901
v -181.293 0.000 237.311
v -180.960 0.000 236.610
v -180.879 0.000 235.786
v -181.086 0.000 234.973
v -181.554 0.000 234.283
v -182.228 0.000 233.804
v -183.038 0.000 233.582
v -183.478 0.000 233.571
v -184.288 0.000 233.793
v -184.962 0.000 234.272
v -185.448 0.000 234.951
v -185.664 161.000 235.841
v -185.565 161.000 236.665
v -185.187 161.000 237.400
v -184.576 161.000 237.968
v -183.442 161.000 238.357
v -182.615 161.000 238.268
v -181.868 161.000 237.901
v -181.293 161.000 237.311
v -180.960 161.000 236.610
v -180.879 161.000 235.786
v -181.086 161.000 234.973
v -181.554 161.000 234.283
v -182.228 161.000 233.804
v -183.038 161.000 233.582
v -183.478 161.000 233.571
v -184.288 161.000 233.793
v -184.962 161.000 234.272
v -185.448 161.000 234.951
v -126.942 0.000 118.856
v -126.960 0.000 120.125
v -130.989 0.000 120.114
v -131.043 0.000 126.715
v -127.032 0.000 126.771
v -127.050 0.000 128.151
v -125.692 0.000 128.140
v -125.701 0.000 130.299
v -119.252 0.000 130.344
v -119.234 0.000 128.218
v -117.966 0.000 128.251
v -117.948 0.000 126.849
v -113.856 0.000 126.871
v -113.802 0.000 120.270
v -117.876 0.000 120.214
v -117.867 0.000 118.956
v -119.180 0.000 118.945
v -119.162 0.000 116.474
v -125.620 0.000 116.429
v -125.674 0.000 118.867
v -126.942 153.600 118.856
v -126.960 153.600 120.125
v -130.989 153.600 120.114
v -131.043 153.600 126.715
v -127.032 153.600 126.771
v -127.050 153.600 128.151
v -125.692 153.600 128.140
v -125.701 153.600 130.299
v -119.252 153.600 130.344
v -119.234 153.600 128.218
v -117.966 153.600 128.251
v -117.948 153.600 126.849
v -113.856 153.600 126.871
v -113.802 153.600 120.270
v -117.876 153.600 120.214
v -117.867 153.600 118.956
v -119.180 153.600 118.945
v -119.162 153.600 116.474
v -125.620 153.600 116.429
v -125.674 153.600 118.867
v -50.573 0.000 -7.169
v -47.210 0.000 -10.408
v -35.724 0.000 -22.197
v -32.253 0.000 -25.570
v -60.908 0.000 -53.901
v -79.894 0.000 -36.791
v -50.573 9.600 -7.169
v -47.210 9.600 -10.408
v -35.724 9.600 -22.197
v -32.253 9.600 -25.570
v -60.908 9.600 -53.901
v -79.894 9.600 -36.791
v 231.489 0.000 111.286
v 231.749 0.000 129.554
v 300.572 0.000 128.552
v 299.960 0.000 86.128
v 291.992 0.000 86.250
v 291.731 0.000 68.306
v 239.898 0.000 69.063
v 240.006 0.000 76.721
v 230.985 0.000 76.855
v 231.129 0.000 86.818
v 231.489 19.200 111.286
v 231.749 19.200 129.554
v 300.572 19.200 128.552
v 299.960 19.200 86.128
v 291.992 19.200 86.250
v 291.731 19.200 68.306
v 239.898 19.200 69.063
v 240.006 19.200 76.721
v 230.985 19.200 76.855
v 231.129 19.200 86.818
v 317.634 0.000 24.568
v 307.992 0.000 24.579
v 301.786 0.000 24.579
v 282.539 0.000 24.579
v 282.539 0.000 39.763
v 282.539 0.000 51.675
v 317.957 0.000 51.307
v 317.723 0.000 44.428
v 317.634 0.000 32.272
v 317.634 19.200 24.568
v 307.992 19.200 24.579
v 301.786 19.200 24.579
v 282.539 19.200 24.579
v 282.539 19.200 39.763
v 282.539 19.200 51.675
v 317.957 19.200 51.307
v 317.723 19.200 44.428
v 317.634 19.200 32.272
v -279.616 0.000 -205.384
v -282.035 0.000 -204.783
v -285.516 0.000 -204.394
v -294.663 0.000 -209.347
v -295.967 0.000 -206.954
v -284.931 0.000 -200.843
v -283.312 0.000 -203.281
v -281.810 0.000 -202.268
v -282.899 0.000 -199.896
v -273.536 0.000 -194.297
v -272.277 0.000 -196.702
v -269.929 0.000 -195.266
v -271.620 0.000 -192.572
v -264.901 0.000 -188.709
v -258.246 0.000 -199.941
v -252.427 0.000 -209.770
v -245.987 0.000 -220.635
v -246.257 0.000 -251.471
v -246.302 0.000 -256.814
v -246.347 0.000 -261.567
v -248.316 0.000 -261.556
v -253.497 0.000 -261.545
v -258.723 0.000 -261.523
v -259.019 0.000 -256.959
v -262.959 0.000 -254.521
v -256.483 0.000 -250.191
v -256.312 0.000 -247.909
v -255.835 0.000 -246.094
v -255.071 0.000 -244.524
v -254.315 0.000 -243.656
v -254.810 0.000 -239.849
v -255.062 0.000 -237.623
v -255.143 0.000 -235.741
v -254.765 0.000 -233.103
v -256.321 0.000 -231.645
v -257.553 0.000 -229.507
v -258.669 0.000 -227.704
v -259.595 0.000 -225.700
v -260.539 0.000 -223.607
v -261.906 0.000 -222.505
v -262.581 0.000 -221.504
v -263.426 0.000 -219.856
v -263.759 0.000 -218.676
v -265.567 0.000 -217.073
v -266.062 0.000 -215.960
v -266.718 0.000 -214.758
v -268.418 0.000 -213.745
v -270.091 0.000 -212.464
v -271.251 0.000 -210.906
v -273.293 0.000 -209.949
v -275.865 0.000 -208.368
v -278.806 0.000 -205.874
v -279.616 9.000 -205.384
v -282.035 9.000 -204.783
v -285.516 9.000 -204.394
v -294.663 9.000 -209.347
v -295.967 9.000 -206.954
v -284.931 9.000 -200.843
v -283.312 9.000 -203.281
v -281.810 9.000 -202.268
v -282.899 9.000 -199.896
v -273.536 9.000 -194.297
v -272.277 9.000 -196.702
v -269.929 9.000 -195.266
v -271.620 9.000 -192.572
v -264.901 9.000 -188.709
v -258.246 9.000 -199.941
v -252.427 9.000 -209.770
v -245.987 9.000 -220.635
v -246.257 9.000 -251.471
v -246.302 9.000 -256.814
v -246.347 9.000 -261.567
v -248.316 9.000 -261.556
v -253.497 9.000 -261.545
v -258.723 9.000 -261.523
v -259.019 9.000 -256.959
v -262.959 9.000 -254.521
v -256.483 9.000 -250.191
v -256.312 9.000 -247.909
v -255.835 9.000 -246.094
v -255.071 9.000 -244.524
v -254.315 9.000 -243.656
v -254.810 9.000 -239.849
v -255.062 9.000 -237.623
v -255.143 9.000 -235.741
v -254.765 9.000 -233.103
v -256.321 9.000 -231.645
v -257.553 9.000 -229.507
v -258.669 9.000 -227.704
v -259.595 9.000 -225.700
v -260.539 9.000 -223.607
v -261.906 9.000 -222.505
v -262.581 9.000 -221.504
v -263.426 9.000 -219.856
v -263.759 9.000 -218.676
v -265.567 9.000 -217.073
v -266.062 9.000 -215.960
v -266.718 9.000 -214.758
v -268.418 9.000 -213.745
v -270.091 9.000 -212.464
v -271.251 9.000 -210.906
v -273.293 9.000 -209.949
v -275.865 9.000 -208.368
v -278.806 9.000 -205.874
v 433.558 0.000 283.898
v 448.272 0.000 268.937
v 448.389 0.000 260.376
v 427.289 0.000 239.270
v 417.998 0.000 239.393
v 404.183 0.000 253.853
v 403.886 0.000 263.037
v 424.753 0.000 283.898
v 433.558 11.200 283.898
v 448.272 11.200 268.937
v 448.389 11.200 260.376
v 427.289 11.200 239.270
v 417.998 11.200 239.393
v 404.183 11.200 253.853
v 403.886 11.200 263.037
v 424.753 11.200 283.898
v 422.729 0.000 247.797
v 412.332 0.000 258.562
v 429.393 0.000 275.037
v 439.791 0.000 264.284
v 422.729 14.400 247.797
v 412.332 14.400 258.562
v 429.393 14.400 275.037
v 439.791 14.400 264.284
v 431.750 0.000 279.579
v 443.982 0.000 267.145
v 444.054 0.000 262.135
v 425.517 0.000 243.612
v 419.869 0.000 243.678
v 408.437 0.000 255.645
v 408.257 0.000 261.300
v 426.542 0.000 279.579
v 431.750 12.800 279.579
v 443.982 12.800 267.145
v 444.054 12.800 262.135
v 425.517 12.800 243.612
v 419.869 12.800 243.678
v 408.437 12.800 255.645
v 408.257 12.800 261.300
v 426.542 12.800 279.579
v 455.926 0.000 270.952
v 461.646 0.000 276.284
v 464.794 0.000 272.822
v 459.128 0.000 267.501
v 457.302 0.000 269.415
v 455.926 9.600 270.952
v 461.646 9.600 276.284
v 464.794 9.600 272.822
v 459.128 9.600 267.501
v 457.302 9.600 269.415
v 432.245 0.000 294.496
v 437.956 0.000 299.806
v 441.095 0.000 296.355
v 435.437 0.000 291.045
v 434.475 0.000 292.069
v 432.245 9.600 294.496
v 437.956 9.600 299.806
v 441.095 9.600 296.355
v 435.437 9.600 291.045
v 434.475 9.600 292.069
v 437.434 0.000 -21.618
v 403.599 0.000 -21.596
v 403.482 0.000 -3.239
v 403.428 0.000 4.854
v 403.419 0.000 6.011
v 437.110 0.000 5.956
v 437.128 0.000 4.664
v 437.218 0.000 -3.050
v 437.434 9.600 -21.618
v 403.599 9.600 -21.596
v 403.482 9.600 -3.239
v 403.428 9.600 4.854
v 403.419 9.600 6.011
v 437.110 9.600 5.956
v 437.128 9.600 4.664
v 437.218 9.600 -3.050
v 94.114 0.000 197.492
v 93.799 0.000 205.685
v 72.852 0.000 204.895
v 72.357 0.000 218.008
v 66.925 0.000 217.797
v 67.042 0.000 214.858
v 64.982 0.000 214.780
v 64.856 0.000 218.153
v 63.606 0.000 221.247
v 60.944 0.000 223.741
v 63.012 0.000 225.934
v 64.307 0.000 224.721
v 71.026 0.000 225.255
v 70.783 0.000 228.272
v 70.297 0.000 234.428
v 67.338 0.000 234.194
v 65.692 0.000 234.328
v 65.468 0.000 237.545
v 63.219 0.000 237.389
v 62.985 0.000 240.884
v 61.771 0.000 244.124
v 59.756 0.000 246.918
v 61.654 0.000 248.276
v 64.190 0.000 244.747
v 65.890 0.000 244.892
v 65.755 0.000 246.506
v 65.027 0.000 255.000
v 61.762 0.000 254.721
v 58.326 0.000 261.835
v 58.389 0.000 265.208
v 59.523 0.000 269.471
v 59.514 0.000 270.807
v 59.514 0.000 272.176
v 59.505 0.000 273.868
v 58.326 0.000 278.121
v 58.389 0.000 280.948
v 63.282 0.000 289.920
v 64.874 0.000 298.336
v 67.680 0.000 297.635
v 70.621 0.000 297.802
v 73.517 0.000 298.937
v 75.892 0.000 300.908
v 77.565 0.000 303.602
v 78.275 0.000 306.707
v 77.924 0.000 309.913
v 87.458 0.000 314.355
v 94.006 0.000 319.721
v 96.290 0.000 316.927
v 99.672 0.000 315.780
v 103.917 0.000 317.517
v 107.569 0.000 320.311
v 114.323 0.000 316.381
v 119.054 0.000 316.993
v 123.308 0.000 319.164
v 125.359 0.000 317.416
v 128.705 0.000 316.025
v 129.631 0.000 315.869
v 135.891 0.000 316.181
v 139.174 0.000 317.717
v 142.313 0.000 316.069
v 145.757 0.000 315.212
v 149.301 0.000 315.179
v 153.627 0.000 317.194
v 152.620 0.000 319.364
v 155.489 0.000 320.700
v 157.926 0.000 318.719
v 160.777 0.000 317.405
v 163.871 0.000 316.838
v 167.604 0.000 317.316
v 169.466 0.000 319.821
v 173.396 0.000 316.882
v 175.842 0.000 316.348
v 178.343 0.000 316.537
v 179.485 0.000 313.943
v 176.409 0.000 311.171
v 174.583 0.000 311.171
v 174.583 0.000 309.513
v 174.583 0.000 301.631
v 277.043 0.000 301.553
v 279.274 0.000 303.735
v 279.283 0.000 308.756
v 319.909 0.000 308.644
v 319.747 0.000 248.398
v 333.625 0.000 248.365
v 333.742 0.000 291.167
v 333.751 0.000 295.052
v 337.978 0.000 299.961
v 350.759 0.000 300.028
v 355.624 0.000 295.587
v 355.444 0.000 248.677
v 387.373 0.000 248.554
v 400.190 0.000 235.931
v 414.661 0.000 221.682
v 422.054 0.000 214.435
v 421.964 0.000 205.262
v 430.437 0.000 205.184
v 430.293 0.000 189.700
v 460.000 0.000 189.432
v 464.263 0.000 184.790
v 464.155 0.000 172.089
v 458.696 0.000 166.400
v 454.118 0.000 166.356
v 454.874 0.000 92.774
v 486.299 0.000 93.096
v 486.371 0.000 82.477
v 496.219 0.000 82.577
v 496.795 0.000 26.795
v 500.000 0.000 24.267
v 500.000 0.000 -8.606
v 492.244 0.000 -2.716
v 482.683 0.000 4.542
v 480.857 0.000 5.933
v 437.110 0.000 5.956
v 403.419 0.000 6.011
v 400.379 0.000 6.011
v 394.479 0.000 6.011
v 394.425 0.000 66.157
v 354.149 0.000 66.124
v 354.158 0.000 62.306
v 350.372 0.000 58.443
v 336.782 0.000 58.498
v 332.824 0.000 62.105
v 318.326 0.000 62.194
v 317.957 0.000 51.307
v 317.723 0.000 44.428
v 317.634 0.000 32.272
v 317.634 0.000 24.568
v 307.992 0.000 24.579
v 301.786 0.000 24.579
v 282.539 0.000 24.579
v 282.539 0.000 39.763
v 282.539 0.000 51.675
v 267.807 0.000 51.530
v 231.084 0.000 51.730
v 230.985 0.000 76.855
v 231.129 0.000 86.818
v 231.489 0.000 111.286
v 223.295 0.000 111.286
v 223.232 0.000 172.757
v 215.056 0.000 172.055
v 108.306 0.000 172.044
v 108.198 0.000 189.432
v 102.082 0.000 197.792
v 94.114 6.400 197.492
v 93.799 6.400 205.685
v 72.852 6.400 204.895
v 72.357 6.400 218.008
v 66.925 6.400 217.797
v 67.042 6.400 214.858
v 64.982 6.400 214.780
v 64.856 6.400 218.153
v 63.606 6.400 221.247
v 60.944 6.400 223.741
v 63.012 6.400 225.934
v 64.307 6.400 224.721
v 71.026 6.400 225.255
v 70.783 6.400 228.272
v 70.297 6.400 234.428
v 67.338 6.400 234.194
v 65.692 6.400 234.328
v 65.468 6.400 237.545
v 63.219 6.400 237.389
v 62.985 6.400 240.884
v 61.771 6.400 244.124
v 59.756 6.400 246.918
v 61.654 6.400 248.276
v 64.190 6.400 244.747
v 65.890 6.400 244.892
v 65.755 6.400 246.506
v 65.027 6.400 255.000
v 61.762 6.400 254.721
v 58.326 6.400 261.835
v 58.389 6.400 265.208
v 59.523 6.400 269.471
v 59.514 6.400 270.807
v 59.514 6.400 272.176
v 59.505 6.400 273.868
v 58.326 6.400 278.121
v 58.389 6.400 280.948
v 63.282 6.400 289.920
v 64.874 6.400 298.336
v 67.680 6.400 297.635
v 70.621 6.400 297.802
v 73.517 6.400 298.937
v 75.892 6.400 300.908
v 77.565 6.400 303.602
v 78.275 6.400 306.707
v 77.924 6.400 309.913
v 87.458 6.400 314.355
v 94.006 6.400 319.721
v 96.290 6.400 316.927
v 99.672 6.400 315.780
v 103.917 6.400 317.517
v 107.569 6.400 320.311
v 114.323 6.400 316.381
v 119.054 6.400 316.993
v 123.308 6.400 319.164
v 125.359 6.400 317.416
v 128.705 6.400 316.025
v 129.631 6.400 315.869
v 135.891 6.400 316.181
v 139.174 6.400 317.717
v 142.313 6.400 316.069
v 145.757 6.400 315.212
v 149.301 6.400 315.179
v 153.627 6.400 317.194
v 152.620 6.400 319.364
v 155.489 6.400 320.700
v 157.926 6.400 318.719
v 160.777 6.400 317.405
v 163.871 6.400 316.838
v 167.604 6.400 317.316
v 169.466 6.400 319.821
v 173.396 6.400 316.882
v 175.842 6.400 316.348
v 178.343 6.400 316.537
v 179.485 6.400 313.943
v 176.409 6.400 311.171
v 174.583 6.400 311.171
v 174.583 6.400 309.513
v 174.583 6.400 301.631
v 277.043 6.400 301.553
v 279.274 6.400 303.735
v 279.283 6.400 308.756
v 319.909 6.400 308.644
v 319.747 6.400 248.398
v 333.625 6.400 248.365
v 333.742 6.400 291.167
v 333.751 6.400 295.052
v 337.978 6.400 299.961
v 350.759 6.400 300.028
v 355.624 6.400 295.587
v 355.444 6.400 248.677
v 387.373 6.400 248.554
v 400.190 6.400 235.931
v 414.661 6.400 221.682
v 422.054 6.400 214.435
v 421.964 6.400 205.262
v 430.437 6.400 205.184
v 430.293 6.400 189.700
v 460.000 6.400 189.432
v 464.263 6.400 184.790
v 464.155 6.400 172.089
v 458.696 6.400 166.400
v 454.118 6.400 166.356
v 454.874 6.400 92.774
v 486.299 6.400 93.096
v 486.371 6.400 82.477
v 496.219 6.400 82.577
v 496.795 6.400 26.795
v 500.000 6.400 24.267
v 500.000 6.400 -8.606
v 492.244 6.400 -2.716
v 482.683 6.400 4.542
v 480.857 6.400 5.933
v 437.110 6.400 5.956
v 403.419 6.400 6.011
v 400.379 6.400 6.011
v 394.479 6.400 6.011
v 394.425 6.400 66.157
v 354.149 6.400 66.124
v 354.158 6.400 62.306
v 350.372 6.400 58.443
v 336.782 6.400 58.498
v 332.824 6.400 62.105
v 318.326 6.400 62.194
v 317.957 6.400 51.307
v 317.723 6.400 44.428
v 317.634 6.400 32.272
v 317.634 6.400 24.568
v 307.992 6.400 24.579
v 301.786 6.400 24.579
v 282.539 6.400 24.579
v 282.539 6.400 39.763
v 282.539 6.400 51.675
v 267.807 6.400 51.530
v 231.084 6.400 51.730
v 230.985 6.400 76.855
v 231.129 6.400 86.818
v 231.489 6.400 111.286
v 223.295 6.400 111.286
v 223.232 6.400 172.757
v 215.056 6.400 172.055
v 108.306 6.400 172.044
v 108.198 6.400 189.432
v 102.082 6.400 197.792
v 348.492 0.000 -25.225
v 349.490 0.000 -25.225
v 364.933 0.000 -25.091
v 364.933 0.000 -30.457
v 349.068 0.000 -30.457
v 347.638 0.000 -30.457
v 337.933 0.000 -30.457
v 333.121 0.000 -25.359
v 347.359 0.000 -25.236
v 348.492 12.800 -25.225
v 349.490 12.800 -25.225
v 364.933 12.800 -25.091
v 364.933 12.800 -30.457
v 349.068 12.800 -30.457
v 347.638 12.800 -30.457
v 337.933 12.800 -30.457
v 333.121 12.800 -25.359
v 347.359 12.800 -25.236
v 328.876 0.000 -20.850
v 333.121 0.000 -25.359
v 337.933 0.000 -30.457
v 337.879 0.000 -55.871
v 293.898 0.000 -55.771
v 293.970 0.000 -20.772
v 302.820 0.000 -20.783
v 308.019 0.000 -20.761
v 328.876 12.800 -20.850
v 333.121 12.800 -25.359
v 337.933 12.800 -30.457
v 337.879 12.800 -55.871
v 293.898 12.800 -55.771
v 293.970 12.800 -20.772
v 302.820 12.800 -20.783
v 308.019 12.800 -20.761
v 307.965 0.000 -3.774
v 308.019 0.000 -20.761
v 302.820 0.000 -20.783
v 302.578 0.000 -3.774
v 301.786 0.000 24.579
v 307.992 0.000 24.579
v 307.965 12.800 -3.774
v 308.019 12.800 -20.761
v 302.820 12.800 -20.783
v 302.578 12.800 -3.774
v 301.786 12.800 24.579
v 307.992 12.800 24.579
v 500.000 0.000 407.230
v 500.000 0.000 380.246
v 480.345 0.000 380.256
v 480.327 0.000 403.288
v 480.363 0.000 407.240
v 490.283 0.000 407.240
v 500.000 9.000 407.230
v 500.000 9.000 380.246
v 480.345 9.000 380.256
v 480.327 9.000 403.288
v 480.363 9.000 407.240
v 490.283 9.000 407.240
v 500.000 0.000 500.000
v 500.000 0.000 407.230
v 490.283 0.000 407.240
v 480.363 0.000 407.240
v 472.331 0.000 407.229
v 472.691 0.000 478.273
v 472.700 0.000 479.854
v 472.826 0.000 500.000
v 500.000 3.200 500.000
v 500.000 3.200 407.230
v 490.283 3.200 407.240
v 480.363 3.200 407.240
v 472.331 3.200 407.229
v 472.691 3.200 478.273
v 472.700 3.200 479.854
v 472.826 3.200 500.000
v 488.197 0.000 497.576
v 500.000 0.000 497.579
v 500.000 0.000 479.818
v 472.700 0.000 479.854
v 472.826 0.000 500.000
v 484.206 0.000 500.000
v 484.374 0.000 493.724
v 488.268 0.000 493.780
v 488.197 32.000 497.576
v 500.000 32.000 497.579
v 500.000 32.000 479.818
v 472.700 32.000 479.854
v 472.826 32.000 500.000
v 484.206 32.000 500.000
v 484.374 32.000 493.724
v 488.268 32.000 493.780
v 484.206 0.000 500.000
v 488.182 0.000 500.000
v 488.197 0.000 497.576
v 488.268 0.000 493.780
v 484.374 0.000 493.724
v 484.206 60.800 500.000
v 488.182 60.800 500.000
v 488.197 60.800 497.576
v 488.268 60.800 493.780
v 484.374 60.800 493.724
v -487.414 0.000 13.770
v -476.522 0.000 13.737
v -401.485 0.000 13.592
v -401.593 0.000 -36.101
v -401.593 0.000 -40.275
v -401.593 0.000 -54.992
v -401.683 0.000 -88.555
v -401.836 0.000 -122.340
v -412.602 0.000 -122.362
v -500.000 0.000 -122.124
v -500.000 0.000 13.808
v -487.414 30.000 13.770
v -476.522 30.000 13.737
v -401.485 30.000 13.592
v -401.593 30.000 -36.101
v -401.593 30.000 -40.275
v -401.593 30.000 -54.992
v -401.683 30.000 -88.555
v -401.836 30.000 -122.340
v -412.602 30.000 -122.362
v -500.000 30.000 -122.124
v -500.000 30.000 13.808
v 488.241 0.000 -262.169
v 341.810 0.000 -261.612
v 342.097 0.000 -185.748
v 488.529 0.000 -186.293
v 488.241 16.000 -262.169
v 341.810 16.000 -261.612
v 342.097 16.000 -185.748
v 488.529 16.000 -186.293
v -57.355 0.000 -197.169
v -57.022 0.000 -164.129
v -17.700 0.000 -164.519
v -18.033 0.000 -197.559
v -57.355 9.000 -197.169
v -57.022 9.000 -164.129
v -17.700 9.000 -164.519
v -18.033 9.000 -197.559
v -259.892 0.000 -481.913
v -251.284 0.000 -483.839
v -243.118 0.000 -485.175
v -234.879 0.000 -485.231
v -231.174 0.000 -495.472
v -228.053 0.000 -495.327
v -226.866 0.000 -498.299
v -223.898 0.000 -498.299
v -223.243 0.000 -500.000
v -276.484 0.000 -500.000
v -284.850 0.000 -497.242
v -292.243 0.000 -494.214
v -293.332 0.000 -484.385
v -296.560 0.000 -470.069
v -298.197 0.000 -464.202
v -293.107 0.000 -467.675
v -286.424 0.000 -471.761
v -278.635 0.000 -475.468
v -268.796 0.000 -479.086
v -259.892 100.000 -481.913
v -251.284 100.000 -483.839
v -243.118 100.000 -485.175
v -234.879 100.000 -485.231
v -231.174 100.000 -495.472
v -228.053 100.000 -495.327
v -226.866 100.000 -498.299
v -223.898 100.000 -498.299
v -223.243 100.000 -500.000
v -276.484 100.000 -500.000
v -284.850 100.000 -497.242
v -292.243 100.000 -494.214
v -293.332 100.000 -484.385
v -296.560 100.000 -470.069
v -298.197 100.000 -464.202
v -293.107 100.000 -467.675
v -286.424 100.000 -471.761
v -278.635 100.000 -475.468
v -268.796 100.000 -479.086
v -336.557 0.000 -433.701
v -332.977 0.000 -439.779
v -327.428 0.000 -449.274
v -322.149 0.000 -461.219
v -316.851 0.000 -477.115
v -316.230 0.000 -480.589
v -327.410 0.000 -471.572
v -336.728 0.000 -462.532
v -337.978 0.000 -461.174
v -344.031 0.000 -454.607
v -352.647 0.000 -444.376
v -354.176 0.000 -442.217
v -358.619 0.000 -435.949
v -365.257 0.000 -422.880
v -353.088 0.000 -421.244
v -350.561 0.000 -427.779
v -345.362 0.000 -413.674
v -353.178 0.000 -397.399
v -354.716 0.000 -392.357
v -356.290 0.000 -387.158
v -357.603 0.000 -381.369
v -348.492 0.000 -388.227
v -337.007 0.000 -398.936
v -327.428 0.000 -409.533
v -320.008 0.000 -418.884
v -313.154 0.000 -428.513
v -326.403 0.000 -430.840
v -331.592 0.000 -422.780
v -336.557 65.000 -433.701
v -332.977 65.000 -439.779
v -327.428 65.000 -449.274
v -322.149 65.000 -461.219
v -316.851 65.000 -477.115
v -316.230 65.000 -480.589
v -327.410 65.000 -471.572
v -336.728 65.000 -462.532
v -337.978 65.000 -461.174
v -344.031 65.000 -454.607
v -352.647 65.000 -444.376
v -354.176 65.000 -442.217
v -358.619 65.000 -435.949
v -365.257 65.000 -422.880
v -353.088 65.000 -421.244
v -350.561 65.000 -427.779
v -345.362 65.000 -413.674
v -353.178 65.000 -397.399
v -354.716 65.000 -392.357
v -356.290 65.000 -387.158
v -357.603 65.000 -381.369
v -348.492 65.000 -388.227
v -337.007 65.000 -398.936
v -327.428 65.000 -409.533
v -320.008 65.000 -418.884
v -313.154 65.000 -428.513
v -326.403 65.000 -430.840
v -331.592 65.000 -422.780
v -313.580 0.000 -500.000
v -314.135 0.000 -492.288
v -316.230 0.000 -480.589
v -316.851 0.000 -477.115
v -322.149 0.000 -461.219
v -327.428 0.000 -449.274
v -332.977 0.000 -439.779
v -336.557 0.000 -433.701
v -331.592 0.000 -422.780
v -326.403 0.000 -430.840
v -313.154 0.000 -428.513
v -305.680 0.000 -443.575
v -300.311 0.000 -456.644
v -298.197 0.000 -464.202
v -296.560 0.000 -470.069
v -293.332 0.000 -484.385
v -292.243 0.000 -494.214
v -291.794 0.000 -498.199
v -291.723 0.000 -500.000
v -313.580 163.000 -500.000
v -314.135 163.000 -492.288
v -316.230 163.000 -480.589
v -316.851 163.000 -477.115
v -322.149 163.000 -461.219
v -327.428 163.000 -449.274
v -332.977 163.000 -439.779
v -336.557 163.000 -433.701
v -331.592 163.000 -422.780
v -326.403 163.000 -430.840
v -313.154 163.000 -428.513
v -305.680 163.000 -443.575
v -300.311 163.000 -456.644
v -298.197 163.000 -464.202
v -296.560 163.000 -470.069
v -293.332 163.000 -484.385
v -292.243 163.000 -494.214
v -291.794 163.000 -498.199
v -291.723 163.000 -500.000
v -382.031 0.000 -397.388
v -388.776 0.000 -394.550
v -397.824 0.000 -390.665
v -410.551 0.000 -386.301
v -423.520 0.000 -383.473
v -435.267 0.000 -381.603
v -444.701 0.000 -380.969
v -453.327 0.000 -380.579
v -464.416 0.000 -380.345
v -469.129 0.000 -371.674
v -475.047 0.000 -372.430
v -483.124 0.000 -359.350
v -475.677 0.000 -357.837
v -465.585 0.000 -356.334
v -455.782 0.000 -355.387
v -449.054 0.000 -355.310
v -441.760 0.000 -355.465
v -437.056 0.000 -355.699
v -431.678 0.000 -356.067
v -423.781 0.000 -356.913
v -417.503 0.000 -358.415
v -411.765 0.000 -359.684
v -401.971 0.000 -362.545
v -392.761 0.000 -365.863
v -380.520 0.000 -370.349
v -380.106 0.000 -374.045
v -377.732 0.000 -386.958
v -374.908 0.000 -397.945
v -373.936 0.000 -400.750
v -382.031 65.000 -397.388
v -388.776 65.000 -394.550
v -397.824 65.000 -390.665
v -410.551 65.000 -386.301
v -423.520 65.000 -383.473
v -435.267 65.000 -381.603
v -444.701 65.000 -380.969
v -453.327 65.000 -380.579
v -464.416 65.000 -380.345
v -469.129 65.000 -371.674
v -475.047 65.000 -372.430
v -483.124 65.000 -359.350
v -475.677 65.000 -357.837
v -465.585 65.000 -356.334
v -455.782 65.000 -355.387
v -449.054 65.000 -355.310
v -441.760 65.000 -355.465
v -437.056 65.000 -355.699
v -431.678 65.000 -356.067
v -423.781 65.000 -356.913
v -417.503 65.000 -358.415
v -411.765 65.000 -359.684
v -401.971 65.000 -362.545
v -392.761 65.000 -365.863
v -380.520 65.000 -370.349
v -380.106 65.000 -374.045
v -377.732 65.000 -386.958
v -374.908 65.000 -397.945
v -373.936 65.000 -400.750
v -370.599 0.000 -410.413
v -373.936 0.000 -400.750
v -374.908 0.000 -397.945
v -377.732 0.000 -386.958
v -380.106 0.000 -374.045
v -380.520 0.000 -370.349
v -381.185 0.000 -360.619
v -381.185 0.000 -346.705
v -380.664 0.000 -339.257
v -380.259 0.000 -333.535
v -378.029 0.000 -320.734
v -374.026 0.000 -305.850
v -369.133 0.000 -293.082
v -363.197 0.000 -280.614
v -358.296 0.000 -270.517
v -349.095 0.000 -280.169
v -353.250 0.000 -287.438
v -346.423 0.000 -294.863
v -351.316 0.000 -305.260
v -354.581 0.000 -316.838
v -357.252 0.000 -327.669
v -359.186 0.000 -339.547
v -359.627 0.000 -350.679
v -359.411 0.000 -365.039
v -358.071 0.000 -377.952
v -357.603 0.000 -381.369
v -356.290 0.000 -387.158
v -354.716 0.000 -392.357
v -353.178 0.000 -397.399
v -349.014 0.000 -407.051
v -345.362 0.000 -413.674
v -350.561 0.000 -427.779
v -353.088 0.000 -421.244
v -365.257 0.000 -422.880
v -370.599 183.000 -410.413
v -373.936 183.000 -400.750
v -374.908 183.000 -397.945
v -377.732 183.000 -386.958
v -380.106 183.000 -374.045
v -380.520 183.000 -370.349
v -381.185 183.000 -360.619
v -381.185 183.000 -346.705
v -380.664 183.000 -339.257
v -380.259 183.000 -333.535
v -378.029 183.000 -320.734
v -374.026 183.000 -305.850
v -369.133 183.000 -293.082
v -363.197 183.000 -280.614
v -358.296 183.000 -270.517
v -349.095 183.000 -280.169
v -353.250 183.000 -287.438
v -346.423 183.000 -294.863
v -351.316 183.000 -305.260
v -354.581 183.000 -316.838
v -357.252 183.000 -327.669
v -359.186 183.000 -339.547
v -359.627 183.000 -350.679
v -359.411 183.000 -365.039
v -358.071 183.000 -377.952
v -357.603 183.000 -381.369
v -356.290 183.000 -387.158
v -354.716 183.000 -392.357
v -353.178 183.000 -397.399
v -349.014 183.000 -407.051
v -345.362 183.000 -413.674
v -350.561 183.000 -427.779
v -353.088 183.000 -421.244
v -365.257 183.000 -422.880
v 305.105 0.000 -416.146
v 305.069 0.000 -404.212
v 321.771 0.000 -388.149
v 321.762 0.000 -379.878
v 321.762 0.000 -371.596
v 305.321 0.000 -355.254
v 305.114 0.000 -343.654
v 314.656 0.000 -333.903
v 321.330 0.000 -333.936
v 325.773 0.000 -329.161
v 391.520 0.000 -329.328
v 404.624 0.000 -342.408
v 404.642 0.000 -344.801
v 404.687 0.000 -350.233
v 404.867 0.000 -417.571
v 395.693 0.000 -426.053
v 314.899 0.000 -425.808
v 305.105 128.000 -416.146
v 305.069 128.000 -404.212
v 321.771 128.000 -388.149
v 321.762 128.000 -379.878
v 321.762 128.000 -371.596
v 305.321 128.000 -355.254
v 305.114 128.000 -343.654
v 314.656 128.000 -333.903
v 321.330 128.000 -333.936
v 325.773 128.000 -329.161
v 391.520 128.000 -329.328
v 404.624 128.000 -342.408
v 404.642 128.000 -344.801
v 404.687 128.000 -350.233
v 404.867 128.000 -417.571
v 395.693 128.000 -426.053
v 314.899 128.000 -425.808
v 396.340 0.000 -336.764
v 404.642 0.000 -344.801
v 404.687 0.000 -350.233
v 330.297 0.000 -422.958
v 316.626 0.000 -423.125
v 308.586 0.000 -415.611
v 308.226 0.000 -411.559
v 337.834 0.000 -379.132
v 308.046 0.000 -348.007
v 308.487 0.000 -344.645
v 316.320 0.000 -336.597
v 330.387 0.000 -336.641
v 356.290 0.000 -363.402
v 383.155 0.000 -336.664
v 396.340 121.600 -336.764
v 404.642 121.600 -344.801
v 404.687 121.600 -350.233
v 330.297 121.600 -422.958
v 316.626 121.600 -423.125
v 308.586 121.600 -415.611
v 308.226 121.600 -411.559
v 337.834 121.600 -379.132
v 308.046 121.600 -348.007
v 308.487 121.600 -344.645
v 316.320 121.600 -336.597
v 330.387 121.600 -336.641
v 356.290 121.600 -363.402
v 383.155 121.600 -336.664
v -376.113 0.000 170.708
v -372.290 0.000 165.265
v -385.179 0.000 159.487
v -388.120 0.000 164.552
v -394.191 0.000 172.345
v -405.640 0.000 181.974
v -398.850 0.000 191.993
v -389.433 0.000 183.455
v -381.554 0.000 176.720
v -379.333 0.000 174.271
v -376.113 9.000 170.708
v -372.290 9.000 165.265
v -385.179 9.000 159.487
v -388.120 9.000 164.552
v -394.191 9.000 172.345
v -405.640 9.000 181.974
v -398.850 9.000 191.993
v -389.433 9.000 183.455
v -381.554 9.000 176.720
v -379.333 9.000 174.271
v -397.195 0.000 216.516
v -391.322 0.000 217.240
v -386.168 0.000 217.095
v -382.876 0.000 214.657
v -379.584 0.000 209.926
v -378.865 0.000 203.770
v -379.081 0.000 190.434
v -379.252 0.000 179.547
v -379.333 0.000 174.271
v -381.554 0.000 176.720
v -389.433 0.000 183.455
v -398.850 0.000 191.993
v -411.810 0.000 201.310
v -423.700 0.000 208.769
v -409.894 0.000 212.264
v -408.941 0.000 212.509
v -400.451 0.000 215.403
v -397.195 9.000 216.516
v -391.322 9.000 217.240
v -386.168 9.000 217.095
v -382.876 9.000 214.657
v -379.584 9.000 209.926
v -378.865 9.000 203.770
v -379.081 9.000 190.434
v -379.252 9.000 179.547
v -379.333 9.000 174.271
v -381.554 9.000 176.720
v -389.433 9.000 183.455
v -398.850 9.000 191.993
v -411.810 9.000 201.310
v -423.700 9.000 208.769
v -409.894 9.000 212.264
v -408.941 9.000 212.509
v -400.451 9.000 215.403
v -465.064 0.000 227.971
v -457.878 0.000 222.350
v -466.197 0.000 223.897
v -484.419 0.000 224.097
v -496.588 0.000 220.546
v -500.000 0.000 219.325
v -500.000 0.000 261.774
v -484.707 0.000 249.634
v -471.746 0.000 235.263
v -465.064 9.000 227.971
v -457.878 9.000 222.350
v -466.197 9.000 223.897
v -484.419 9.000 224.097
v -496.588 9.000 220.546
v -500.000 9.000 219.325
v -500.000 9.000 261.774
v -484.707 9.000 249.634
v -471.746 9.000 235.263
v -432.928 0.000 41.188
v -445.529 0.000 42.223
v -457.788 0.000 45.318
v -469.363 0.000 50.383
v -463.769 0.000 64.532
v -474.508 0.000 68.584
v -482.809 0.000 73.248
v -490.301 0.000 80.540
v -498.944 0.000 69.129
v -500.000 0.000 70.081
v -500.000 0.000 219.325
v -496.588 0.000 220.546
v -484.419 0.000 224.097
v -466.197 0.000 223.897
v -457.878 0.000 222.350
v -456.196 0.000 222.027
v -449.891 0.000 220.858
v -428.116 0.000 211.540
v -423.700 0.000 208.769
v -411.810 0.000 201.310
v -398.850 0.000 191.993
v -405.640 0.000 181.974
v -394.191 0.000 172.345
v -388.120 0.000 164.552
v -385.179 0.000 159.487
v -372.290 0.000 165.265
v -368.972 0.000 159.643
v -362.945 0.000 148.534
v -358.835 0.000 136.589
v -356.893 0.000 125.034
v -356.740 0.000 124.121
v -356.731 0.000 111.475
v -358.799 0.000 99.008
v -362.892 0.000 87.052
v -368.891 0.000 75.931
v -376.643 0.000 65.946
v -385.943 0.000 57.374
v -396.511 0.000 50.450
v -408.087 0.000 45.363
v -420.336 0.000 42.246
v -432.928 9.000 41.188
v -445.529 9.000 42.223
v -457.788 9.000 45.318
v -469.363 9.000 50.383
v -463.769 9.000 64.532
v -474.508 9.000 68.584
v -482.809 9.000 73.248
v -490.301 9.000 80.540
v -498.944 9.000 69.129
v -500.000 9.000 70.081
v -500.000 9.000 219.325
v -496.588 9.000 220.546
v -484.419 9.000 224.097
v -466.197 9.000 223.897
v -457.878 9.000 222.350
v -456.196 9.000 222.027
v -449.891 9.000 220.858
v -428.116 9.000 211.540
v -423.700 9.000 208.769
v -411.810 9.000 201.310
v -398.850 9.000 191.993
v -405.640 9.000 181.974
v -394.191 9.000 172.345
v -388.120 9.000 164.552
v -385.179 9.000 159.487
v -372.290 9.000 165.265
v -368.972 9.000 159.643
v -362.945 9.000 148.534
v -358.835 9.000 136.589
v -356.893 9.000 125.034
v -356.740 9.000 124.121
v -356.731 9.000 111.475
v -358.799 9.000 99.008
v -362.892 9.000 87.052
v -368.891 9.000 75.931
v -376.643 9.000 65.946
v -385.943 9.000 57.374
v -396.511 9.000 50.450
v -408.087 9.000 45.363
v -420.336 9.000 42.246
v -469.363 0.000 50.383
v -476.927 0.000 54.368
v -492.253 0.000 63.074
v -498.944 0.000 69.129
v -490.301 0.000 80.540
v -482.809 0.000 73.248
v -474.508 0.000 68.584
v -463.769 0.000 64.532
v -469.363 9.000 50.383
v -476.927 9.000 54.368
v -492.253 9.000 63.074
v -498.944 9.000 69.129
v -490.301 9.000 80.540
v -482.809 9.000 73.248
v -474.508 9.000 68.584
v -463.769 9.000 64.532
v -408.941 0.000 212.509
v -400.451 0.000 215.403
v -397.195 0.000 216.516
v -391.322 0.000 217.240
v -386.168 0.000 217.095
v -382.876 0.000 214.657
v -379.584 0.000 209.926
v -378.865 0.000 203.770
v -379.081 0.000 190.434
v -379.252 0.000 179.547
v -379.333 0.000 174.271
v -376.113 0.000 170.708
v -372.290 0.000 165.265
v -368.972 0.000 159.643
v -362.945 0.000 148.534
v -358.835 0.000 136.589
v -356.893 0.000 125.034
v -356.740 0.000 124.121
v -356.731 0.000 111.475
v -358.799 0.000 99.008
v -362.892 0.000 87.052
v -368.891 0.000 75.931
v -376.643 0.000 65.946
v -385.943 0.000 57.374
v -396.511 0.000 50.450
v -408.087 0.000 45.363
v -420.336 0.000 42.246
v -432.928 0.000 41.188
v -445.529 0.000 42.223
v -457.788 0.000 45.318
v -469.363 0.000 50.383
v -476.927 0.000 54.368
v -492.253 0.000 63.074
v -498.944 0.000 69.129
v -500.000 0.000 70.081
v -500.000 0.000 261.774
v -484.707 0.000 249.634
v -471.746 0.000 235.263
v -465.064 0.000 227.971
v -457.878 0.000 222.350
v -456.196 0.000 222.027
v -449.891 0.000 220.858
v -428.116 0.000 211.540
v -423.700 0.000 208.769
v -409.894 0.000 212.264
v -408.941 9.000 212.509
v -400.451 9.000 215.403
v -397.195 9.000 216.516
v -391.322 9.000 217.240
v -386.168 9.000 217.095
v -382.876 9.000 214.657
v -379.584 9.000 209.926
v -378.865 9.000 203.770
v -379.081 9.000 190.434
v -379.252 9.000 179.547
v -379.333 9.000 174.271
v -376.113 9.000 170.708
v -372.290 9.000 165.265
v -368.972 9.000 159.643
v -362.945 9.000 148.534
v -358.835 9.000 136.589
v -356.893 9.000 125.034
v -356.740 9.000 124.121
v -356.731 9.000 111.475
v -358.799 9.000 99.008
v -362.892 9.000 87.052
v -368.891 9.000 75.931
v -376.643 9.000 65.946
v -385.943 9.000 57.374
v -396.511 9.000 50.450
v -408.087 9.000 45.363
v -420.336 9.000 42.246
v -432.928 9.000 41.188
v -445.529 9.000 42.223
v -457.788 9.000 45.318
v -469.363 9.000 50.383
v -476.927 9.000 54.368
v -492.253 9.000 63.074
v -498.944 9.000 69.129
v -500.000 9.000 70.081
v -500.000 9.000 261.774
v -484.707 9.000 249.634
v -471.746 9.000 235.263
v -465.064 9.000 227.971
v -457.878 9.000 222.350
v -456.196 9.000 222.027
v -449.891 9.000 220.858
v -428.116 9.000 211.540
v -423.700 9.000 208.769
v -409.894 9.000 212.264
v -35.320 0.000 224.765
v -32.253 0.000 229.296
v -29.572 0.000 227.481
v -32.630 0.000 222.951
v -35.320 3.000 224.765
v -32.253 3.000 229.296
v -29.572 3.000 227.481
v -32.630 3.000 222.951
v -72.834 0.000 443.964
v -72.627 0.000 443.018
v -72.798 0.000 442.061
v -73.077 0.000 441.616
v -73.319 0.000 441.237
v -74.120 0.000 440.680
v -75.064 0.000 440.480
v -76.027 0.000 440.647
v -76.845 0.000 441.170
v -77.403 0.000 441.972
v -77.610 0.000 442.918
v -77.439 0.000 443.875
v -76.917 0.000 444.699
v -76.117 0.000 445.256
v -75.172 0.000 445.456
v -74.210 0.000 445.289
v -73.391 0.000 444.766
v -73.185 0.000 444.465
v -72.834 9.000 443.964
v -72.627 9.000 443.018
v -72.798 9.000 442.061
v -73.077 9.000 441.616
v -73.319 9.000 441.237
v -74.120 9.000 440.680
v -75.064 9.000 440.480
v -76.027 9.000 440.647
v -76.845 9.000 441.170
v -77.403 9.000 441.972
v -77.610 9.000 442.918
v -77.439 9.000 443.875
v -76.917 9.000 444.699
v -76.117 9.000 445.256
v -75.172 9.000 445.456
v -74.210 9.000 445.289
v -73.391 9.000 444.766
v -73.185 9.000 444.465
v -96.713 0.000 454.506
v -96.803 0.000 454.050
v -97.073 0.000 453.660
v -97.468 0.000 453.404
v -97.927 0.000 453.315
v -98.386 0.000 453.415
v -98.782 0.000 453.683
v -99.033 0.000 454.072
v -99.123 0.000 454.540
v -99.024 0.000 454.996
v -98.764 0.000 455.386
v -98.368 0.000 455.642
v -97.900 0.000 455.731
v -97.441 0.000 455.631
v -97.055 0.000 455.364
v -96.794 0.000 454.974
v -96.713 9.000 454.506
v -96.803 9.000 454.050
v -97.073 9.000 453.660
v -97.468 9.000 453.404
v -97.927 9.000 453.315
v -98.386 9.000 453.415
v -98.782 9.000 453.683
v -99.033 9.000 454.072
v -99.123 9.000 454.540
v -99.024 9.000 454.996
v -98.764 9.000 455.386
v -98.368 9.000 455.642
v -97.900 9.000 455.731
v -97.441 9.000 455.631
v -97.055 9.000 455.364
v -96.794 9.000 454.974
v -91.245 0.000 459.883
v -91.343 0.000 459.416
v -91.604 0.000 459.026
v -92.000 0.000 458.770
v -92.468 0.000 458.681
v -92.926 0.000 458.781
v -93.313 0.000 459.048
v -93.574 0.000 459.438
v -93.655 0.000 459.905
v -93.565 0.000 460.362
v -93.295 0.000 460.751
v -92.899 0.000 461.007
v -92.441 0.000 461.096
v -91.982 0.000 460.996
v -91.595 0.000 460.740
v -91.334 0.000 460.339
v -91.245 9.000 459.883
v -91.343 9.000 459.416
v -91.604 9.000 459.026
v -92.000 9.000 458.770
v -92.468 9.000 458.681
v -92.926 9.000 458.781
v -93.313 9.000 459.048
v -93.574 9.000 459.438
v -93.655 9.000 459.905
v -93.565 9.000 460.362
v -93.295 9.000 460.751
v -92.899 9.000 461.007
v -92.441 9.000 461.096
v -91.982 9.000 460.996
v -91.595 9.000 460.740
v -91.334 9.000 460.339
v -97.558 0.000 466.150
v -97.657 0.000 465.683
v -97.927 0.000 465.293
v -98.314 0.000 465.037
v -98.782 0.000 464.948
v -99.240 0.000 465.048
v -99.627 0.000 465.315
v -99.888 0.000 465.705
v -99.978 0.000 466.173
v -99.879 0.000 466.629
v -99.609 0.000 467.019
v -99.222 0.000 467.275
v -98.755 0.000 467.364
v -98.296 0.000 467.275
v -97.909 0.000 467.008
v -97.648 0.000 466.607
v -97.558 9.000 466.150
v -97.657 9.000 465.683
v -97.927 9.000 465.293
v -98.314 9.000 465.037
v -98.782 9.000 464.948
v -99.240 9.000 465.048
v -99.627 9.000 465.315
v -99.888 9.000 465.705
v -99.978 9.000 466.173
v -99.879 9.000 466.629
v -99.609 9.000 467.019
v -99.222 9.000 467.275
v -98.755 9.000 467.364
v -98.296 9.000 467.275
v -97.909 9.000 467.008
v -97.648 9.000 466.607
v -84.859 0.000 453.260
v -84.958 0.000 452.792
v -85.219 0.000 452.402
v -85.614 0.000 452.146
v -86.082 0.000 452.057
v -86.541 0.000 452.158
v -86.927 0.000 452.425
v -87.188 0.000 452.814
v -87.269 0.000 453.282
v -87.179 0.000 453.738
v -86.909 0.000 454.128
v -86.514 0.000 454.384
v -86.055 0.000 454.473
v -85.596 0.000 454.384
v -85.210 0.000 454.117
v -84.949 0.000 453.716
v -84.859 9.000 453.260
v -84.958 9.000 452.792
v -85.219 9.000 452.402
v -85.614 9.000 452.146
v -86.082 9.000 452.057
v -86.541 9.000 452.158
v -86.927 9.000 452.425
v -87.188 9.000 452.814
v -87.269 9.000 453.282
v -87.179 9.000 453.738
v -86.909 9.000 454.128
v -86.514 9.000 454.384
v -86.055 9.000 454.473
v -85.596 9.000 454.384
v -85.210 9.000 454.117
v -84.949 9.000 453.716
v -78.644 0.000 436.595
v -78.815 0.000 435.638
v -79.345 0.000 434.814
v -80.137 0.000 434.257
v -81.090 0.000 434.057
v -82.044 0.000 434.224
v -82.538 0.000 434.536
v -82.862 0.000 434.747
v -83.420 0.000 435.549
v -83.627 0.000 436.495
v -83.456 0.000 437.452
v -82.934 0.000 438.276
v -82.143 0.000 438.833
v -81.189 0.000 439.033
v -80.236 0.000 438.866
v -79.408 0.000 438.343
v -78.860 0.000 437.541
v -78.644 9.000 436.595
v -78.815 9.000 435.638
v -79.345 9.000 434.814
v -80.137 9.000 434.257
v -81.090 9.000 434.057
v -82.044 9.000 434.224
v -82.538 9.000 434.536
v -82.862 9.000 434.747
v -83.420 9.000 435.549
v -83.627 9.000 436.495
v -83.456 9.000 437.452
v -82.934 9.000 438.276
v -82.143 9.000 438.833
v -81.189 9.000 439.033
v -80.236 9.000 438.866
v -79.408 9.000 438.343
v -78.860 9.000 437.541
v -90.237 0.000 447.883
v -90.336 0.000 447.426
v -90.606 0.000 447.037
v -90.993 0.000 446.781
v -91.460 0.000 446.692
v -91.919 0.000 446.792
v -92.306 0.000 447.059
v -92.567 0.000 447.449
v -92.657 0.000 447.916
v -92.558 0.000 448.373
v -92.288 0.000 448.762
v -91.901 0.000 449.018
v -91.433 0.000 449.107
v -90.975 0.000 449.007
v -90.588 0.000 448.740
v -90.327 0.000 448.350
v -90.237 9.000 447.883
v -90.336 9.000 447.426
v -90.606 9.000 447.037
v -90.993 9.000 446.781
v -91.460 9.000 446.692
v -91.919 9.000 446.792
v -92.306 9.000 447.059
v -92.567 9.000 447.449
v -92.657 9.000 447.916
v -92.558 9.000 448.373
v -92.288 9.000 448.762
v -91.901 9.000 449.018
v -91.433 9.000 449.107
v -90.975 9.000 449.007
v -90.588 9.000 448.740
v -90.327 9.000 448.350
v -102.982 0.000 460.996
v -103.072 0.000 460.529
v -103.342 0.000 460.139
v -103.737 0.000 459.883
v -104.196 0.000 459.794
v -104.655 0.000 459.894
v -105.041 0.000 460.161
v -105.302 0.000 460.551
v -105.392 0.000 461.019
v -105.293 0.000 461.475
v -105.032 0.000 461.865
v -104.637 0.000 462.121
v -104.169 0.000 462.210
v -103.710 0.000 462.109
v -103.324 0.000 461.853
v -103.063 0.000 461.453
v -102.982 9.000 460.996
v -103.072 9.000 460.529
v -103.342 9.000 460.139
v -103.737 9.000 459.883
v -104.196 9.000 459.794
v -104.655 9.000 459.894
v -105.041 9.000 460.161
v -105.302 9.000 460.551
v -105.392 9.000 461.019
v -105.293 9.000 461.475
v -105.032 9.000 461.865
v -104.637 9.000 462.121
v -104.169 9.000 462.210
v -103.710 9.000 462.109
v -103.324 9.000 461.853
v -103.063 9.000 461.453
v -67.626 0.000 425.574
v -67.797 0.000 424.617
v -68.319 0.000 423.793
v -69.119 0.000 423.237
v -70.064 0.000 423.036
v -71.026 0.000 423.203
v -71.844 0.000 423.727
v -72.168 0.000 424.183
v -72.402 0.000 424.528
v -72.609 0.000 425.474
v -72.438 0.000 426.432
v -72.249 0.000 426.732
v -71.916 0.000 427.255
v -71.116 0.000 427.812
v -70.172 0.000 428.012
v -69.209 0.000 427.845
v -68.391 0.000 427.322
v -67.833 0.000 426.521
v -67.626 9.000 425.574
v -67.797 9.000 424.617
v -68.319 9.000 423.793
v -69.119 9.000 423.237
v -70.064 9.000 423.036
v -71.026 9.000 423.203
v -71.844 9.000 423.727
v -72.168 9.000 424.183
v -72.402 9.000 424.528
v -72.609 9.000 425.474
v -72.438 9.000 426.432
v -72.249 9.000 426.732
v -71.916 9.000 427.255
v -71.116 9.000 427.812
v -70.172 9.000 428.012
v -69.209 9.000 427.845
v -68.391 9.000 427.322
v -67.833 9.000 426.521
v -61.618 0.000 431.908
v -61.789 0.000 430.951
v -62.320 0.000 430.139
v -63.111 0.000 429.582
v -64.065 0.000 429.370
v -65.018 0.000 429.537
v -65.836 0.000 430.061
v -66.394 0.000 430.862
v -66.610 0.000 431.808
v -66.439 0.000 432.766
v -65.908 0.000 433.589
v -65.117 0.000 434.146
v -64.163 0.000 434.358
v -63.210 0.000 434.179
v -62.392 0.000 433.656
v -61.834 0.000 432.866
v -61.618 9.000 431.908
v -61.789 9.000 430.951
v -62.320 9.000 430.139
v -63.111 9.000 429.582
v -64.065 9.000 429.370
v -65.018 9.000 429.537
v -65.836 9.000 430.061
v -66.394 9.000 430.862
v -66.610 9.000 431.808
v -66.439 9.000 432.766
v -65.908 9.000 433.589
v -65.117 9.000 434.146
v -64.163 9.000 434.358
v -63.210 9.000 434.179
v -62.392 9.000 433.656
v -61.834 9.000 432.866
v -28.862 0.000 400.071
v -28.601 0.000 399.804
v -28.412 0.000 399.503
v -28.277 0.000 399.169
v -28.214 0.000 398.813
v -28.223 0.000 398.446
v -28.304 0.000 398.101
v -28.448 0.000 397.767
v -28.655 0.000 397.477
v -28.916 0.000 397.232
v -29.213 0.000 397.043
v -29.545 0.000 396.921
v -29.887 0.000 396.854
v -30.238 0.000 396.865
v -30.805 0.000 397.021
v -31.281 0.000 397.344
v -31.641 0.000 397.811
v -31.776 0.000 398.134
v -31.848 0.000 398.479
v -31.848 0.000 398.835
v -31.785 0.000 399.181
v -31.650 0.000 399.515
v -31.452 0.000 399.815
v -31.128 0.000 400.127
v -30.733 0.000 400.361
v -30.481 0.000 400.438
v -30.220 0.000 400.483
v -29.851 0.000 400.494
v -29.491 0.000 400.416
v -29.159 0.000 400.271
v -28.862 9.000 400.071
v -28.601 9.000 399.804
v -28.412 9.000 399.503
v -28.277 9.000 399.169
v -28.214 9.000 398.813
v -28.223 9.000 398.446
v -28.304 9.000 398.101
v -28.448 9.000 397.767
v -28.655 9.000 397.477
v -28.916 9.000 397.232
v -29.213 9.000 397.043
v -29.545 9.000 396.921
v -29.887 9.000 396.854
v -30.238 9.000 396.865
v -30.805 9.000 397.021
v -31.281 9.000 397.344
v -31.641 9.000 397.811
v -31.776 9.000 398.134
v -31.848 9.000 398.479
v -31.848 9.000 398.835
v -31.785 9.000 399.181
v -31.650 9.000 399.515
v -31.452 9.000 399.815
v -31.128 9.000 400.127
v -30.733 9.000 400.361
v -30.481 9.000 400.438
v -30.220 9.000 400.483
v -29.851 9.000 400.494
v -29.491 9.000 400.416
v -29.159 9.000 400.271
v -36.246 0.000 392.613
v -36.003 0.000 392.357
v -35.832 0.000 392.112
v -35.661 0.000 391.722
v -35.589 0.000 391.366
v -35.589 0.000 391.010
v -35.661 0.000 390.653
v -35.805 0.000 390.320
v -36.003 0.000 390.030
v -36.255 0.000 389.774
v -36.561 0.000 389.574
v -36.894 0.000 389.440
v -37.244 0.000 389.373
v -37.604 0.000 389.384
v -37.955 0.000 389.451
v -38.288 0.000 389.596
v -38.584 0.000 389.796
v -38.836 0.000 390.063
v -39.025 0.000 390.353
v -39.160 0.000 390.687
v -39.223 0.000 391.032
v -39.223 0.000 391.399
v -39.151 0.000 391.744
v -38.917 0.000 392.223
v -38.557 0.000 392.613
v -38.252 0.000 392.813
v -37.928 0.000 392.947
v -37.577 0.000 393.013
v -37.217 0.000 393.013
v -36.867 0.000 392.936
v -36.543 0.000 392.802
v -36.246 9.000 392.613
v -36.003 9.000 392.357
v -35.832 9.000 392.112
v -35.661 9.000 391.722
v -35.589 9.000 391.366
v -35.589 9.000 391.010
v -35.661 9.000 390.653
v -35.805 9.000 390.320
v -36.003 9.000 390.030
v -36.255 9.000 389.774
v -36.561 9.000 389.574
v -36.894 9.000 389.440
v -37.244 9.000 389.373
v -37.604 9.000 389.384
v -37.955 9.000 389.451
v -38.288 9.000 389.596
v -38.584 9.000 389.796
v -38.836 9.000 390.063
v -39.025 9.000 390.353
v -39.160 9.000 390.687
v -39.223 9.000 391.032
v -39.223 9.000 391.399
v -39.151 9.000 391.744
v -38.917 9.000 392.223
v -38.557 9.000 392.613
v -38.252 9.000 392.813
v -37.928 9.000 392.947
v -37.577 9.000 393.013
v -37.217 9.000 393.013
v -36.867 9.000 392.936
v -36.543 9.000 392.802
v -35.580 0.000 407.719
v -35.329 0.000 407.463
v -35.131 0.000 407.162
v -34.996 0.000 406.828
v -34.933 0.000 406.483
v -34.933 0.000 406.127
v -35.005 0.000 405.771
v -35.149 0.000 405.448
v -35.347 0.000 405.147
v -35.598 0.000 404.891
v -35.904 0.000 404.702
v -36.237 0.000 404.568
v -36.588 0.000 404.502
v -36.939 0.000 404.502
v -37.289 0.000 404.568
v -37.622 0.000 404.713
v -37.919 0.000 404.914
v -38.279 0.000 405.314
v -38.503 0.000 405.804
v -38.566 0.000 406.160
v -38.566 0.000 406.517
v -38.494 0.000 406.862
v -38.351 0.000 407.196
v -38.144 0.000 407.485
v -37.892 0.000 407.741
v -37.595 0.000 407.930
v -37.262 0.000 408.064
v -36.912 0.000 408.131
v -36.552 0.000 408.131
v -36.201 0.000 408.053
v -35.877 0.000 407.919
v -35.580 9.000 407.719
v -35.329 9.000 407.463
v -35.131 9.000 407.162
v -34.996 9.000 406.828
v -34.933 9.000 406.483
v -34.933 9.000 406.127
v -35.005 9.000 405.771
v -35.149 9.000 405.448
v -35.347 9.000 405.147
v -35.598 9.000 404.891
v -35.904 9.000 404.702
v -36.237 9.000 404.568
v -36.588 9.000 404.502
v -36.939 9.000 404.502
v -37.289 9.000 404.568
v -37.622 9.000 404.713
v -37.919 9.000 404.914
v -38.279 9.000 405.314
v -38.503 9.000 405.804
v -38.566 9.000 406.160
v -38.566 9.000 406.517
v -38.494 9.000 406.862
v -38.351 9.000 407.196
v -38.144 9.000 407.485
v -37.892 9.000 407.741
v -37.595 9.000 407.930
v -37.262 9.000 408.064
v -36.912 9.000 408.131
v -36.552 9.000 408.131
v -36.201 9.000 408.053
v -35.877 9.000 407.919
v -44.026 0.000 399.381
v -43.954 0.000 399.292
v -43.756 0.000 398.991
v -43.621 0.000 398.657
v -43.558 0.000 398.312
v -43.558 0.000 397.956
v -43.630 0.000 397.611
v -43.765 0.000 397.277
v -43.972 0.000 396.988
v -44.224 0.000 396.732
v -44.520 0.000 396.531
v -44.853 0.000 396.398
v -45.204 0.000 396.331
v -45.564 0.000 396.331
v -45.915 0.000 396.409
v -46.247 0.000 396.542
v -46.544 0.000 396.743
v -46.796 0.000 396.999
v -46.985 0.000 397.299
v -47.120 0.000 397.633
v -47.192 0.000 397.989
v -47.183 0.000 398.346
v -47.111 0.000 398.691
v -46.976 0.000 399.025
v -46.769 0.000 399.314
v -46.517 0.000 399.570
v -46.220 0.000 399.771
v -45.888 0.000 399.904
v -45.537 0.000 399.960
v -45.177 0.000 399.960
v -44.826 0.000 399.893
v -44.494 0.000 399.748
v -44.026 9.000 399.381
v -43.954 9.000 399.292
v -43.756 9.000 398.991
v -43.621 9.000 398.657
v -43.558 9.000 398.312
v -43.558 9.000 397.956
v -43.630 9.000 397.611
v -43.765 9.000 397.277
v -43.972 9.000 396.988
v -44.224 9.000 396.732
v -44.520 9.000 396.531
v -44.853 9.000 396.398
v -45.204 9.000 396.331
v -45.564 9.000 396.331
v -45.915 9.000 396.409
v -46.247 9.000 396.542
v -46.544 9.000 396.743
v -46.796 9.000 396.999
v -46.985 9.000 397.299
v -47.120 9.000 397.633
v -47.192 9.000 397.989
v -47.183 9.000 398.346
v -47.111 9.000 398.691
v -46.976 9.000 399.025
v -46.769 9.000 399.314
v -46.517 9.000 399.570
v -46.220 9.000 399.771
v -45.888 9.000 399.904
v -45.537 9.000 399.960
v -45.177 9.000 399.960
v -44.826 9.000 399.893
v -44.494 9.000 399.748
v -36.588 0.000 404.502
v -36.237 0.000 404.568
v -35.904 0.000 404.702
v -35.598 0.000 404.891
v -35.347 0.000 405.147
v -30.733 0.000 400.361
v -31.128 0.000 400.127
v -31.452 0.000 399.815
v -31.650 0.000 399.515
v -31.785 0.000 399.181
v -31.848 0.000 398.835
v -31.848 0.000 398.479
v -31.776 0.000 398.134
v -31.641 0.000 397.811
v -31.281 0.000 397.344
v -30.805 0.000 397.021
v -30.238 0.000 396.865
v -33.323 0.000 393.915
v -35.661 0.000 391.722
v -35.832 0.000 392.112
v -36.003 0.000 392.357
v -36.246 0.000 392.613
v -36.543 0.000 392.802
v -36.867 0.000 392.936
v -37.217 0.000 393.013
v -37.577 0.000 393.013
v -37.928 0.000 392.947
v -38.252 0.000 392.813
v -38.557 0.000 392.613
v -38.917 0.000 392.223
v -39.151 0.000 391.744
v -43.972 0.000 396.988
v -43.765 0.000 397.277
v -43.630 0.000 397.611
v -43.558 0.000 397.956
v -43.558 0.000 398.312
v -43.621 0.000 398.657
v -43.756 0.000 398.991
v -43.954 0.000 399.292
v -44.026 0.000 399.381
v -41.049 0.000 402.208
v -37.919 0.000 404.914
v -37.622 0.000 404.713
v -37.289 0.000 404.568
v -36.939 0.000 404.502
v -36.588 9.000 404.502
v -36.237 9.000 404.568
v -35.904 9.000 404.702
v -35.598 9.000 404.891
v -35.347 9.000 405.147
v -30.733 9.000 400.361
v -31.128 9.000 400.127
v -31.452 9.000 399.815
v -31.650 9.000 399.515
v -31.785 9.000 399.181
v -31.848 9.000 398.835
v -31.848 9.000 398.479
v -31.776 9.000 398.134
v -31.641 9.000 397.811
v -31.281 9.000 397.344
v -30.805 9.000 397.021
v -30.238 9.000 396.865
v -33.323 9.000 393.915
v -35.661 9.000 391.722
v -35.832 9.000 392.112
v -36.003 9.000 392.357
v -36.246 9.000 392.613
v -36.543 9.000 392.802
v -36.867 9.000 392.936
v -37.217 9.000 393.013
v -37.577 9.000 393.013
v -37.928 9.000 392.947
v -38.252 9.000 392.813
v -38.557 9.000 392.613
v -38.917 9.000 392.223
v -39.151 9.000 391.744
v -43.972 9.000 396.988
v -43.765 9.000 397.277
v -43.630 9.000 397.611
v -43.558 9.000 397.956
v -43.558 9.000 398.312
v -43.621 9.000 398.657
v -43.756 9.000 398.991
v -43.954 9.000 399.292
v -44.026 9.000 399.381
v -41.049 9.000 402.208
v -37.919 9.000 404.914
v -37.622 9.000 404.713
v -37.289 9.000 404.568
v -36.939 9.000 404.502
v -86.694 0.000 440.647
v -87.881 0.000 441.816
v -86.801 0.000 442.896
v -84.832 0.000 444.888
v -81.828 0.000 441.916
v -84.868 0.000 438.833
v -86.694 9.000 440.647
v -87.881 9.000 441.816
v -86.801 9.000 442.896
v -84.832 9.000 444.888
v -81.828 9.000 441.916
v -84.868 9.000 438.833
v -58.353 0.000 425.641
v -60.332 0.000 423.637
v -63.273 0.000 426.543
v -60.233 0.000 429.626
v -58.803 0.000 428.202
v -57.292 0.000 426.710
v -58.353 9.000 425.641
v -60.332 9.000 423.637
v -63.273 9.000 426.543
v -60.233 9.000 429.626
v -58.803 9.000 428.202
v -57.292 9.000 426.710
v -80.020 0.000 443.486
v -83.024 0.000 446.458
v -81.162 0.000 448.350
v -79.984 0.000 449.541
v -78.806 0.000 448.384
v -76.971 0.000 446.569
v -80.020 9.000 443.486
v -83.024 9.000 446.458
v -81.162 9.000 448.350
v -79.984 9.000 449.541
v -78.806 9.000 448.384
v -76.971 9.000 446.569
v -65.081 0.000 418.884
v -66.124 0.000 419.919
v -68.094 0.000 421.856
v -65.054 0.000 424.940
v -62.041 0.000 421.968
v -64.289 0.000 419.686
v -65.081 9.000 418.884
v -66.124 9.000 419.919
v -68.094 9.000 421.856
v -65.054 9.000 424.940
v -62.041 9.000 421.968
v -64.289 9.000 419.686
v -486.488 0.000 -365.885
v -490.922 0.000 -365.696
v -500.000 0.000 -365.977
v -500.000 0.000 -350.613
v -495.787 0.000 -350.289
v -494.339 0.000 -351.480
v -486.488 9.000 -365.885
v -490.922 9.000 -365.696
v -500.000 9.000 -365.977
v -500.000 9.000 -350.613
v -495.787 9.000 -350.289
v -494.339 9.000 -351.480
v 347.134 0.000 -299.260
v 346.981 0.000 -272.466
v 419.536 0.000 -272.054
v 419.689 0.000 -298.848
v 347.134 9.000 -299.260
v 346.981 9.000 -272.466
v 419.536 9.000 -272.054
v 419.689 9.000 -298.848
v 466.305 0.000 -285.156
v 466.386 0.000 -281.282
v 466.458 0.000 -278.076
v 471.665 0.000 -278.087
v 471.692 0.000 -281.260
v 471.728 0.000 -285.100
v 482.638 0.000 -284.989
v 482.593 0.000 -291.468
v 483.394 0.000 -291.479
v 486.479 0.000 -291.512
v 490.058 0.000 -291.557
v 490.094 0.000 -302.455
v 486.380 0.000 -302.500
v 483.304 0.000 -302.533
v 482.719 0.000 -302.544
v 482.782 0.000 -309.212
v 436.939 0.000 -309.702
v 437.092 0.000 -278.967
v 458.102 0.000 -279.011
v 458.219 0.000 -285.245
v 466.305 9.000 -285.156
v 466.386 9.000 -281.282
v 466.458 9.000 -278.076
v 471.665 9.000 -278.087
v 471.692 9.000 -281.260
v 471.728 9.000 -285.100
v 482.638 9.000 -284.989
v 482.593 9.000 -291.468
v 483.394 9.000 -291.479
v 486.479 9.000 -291.512
v 490.058 9.000 -291.557
v 490.094 9.000 -302.455
v 486.380 9.000 -302.500
v 483.304 9.000 -302.533
v 482.719 9.000 -302.544
v 482.782 9.000 -309.212
v 436.939 9.000 -309.702
v 437.092 9.000 -278.967
v 458.102 9.000 -279.011
v 458.219 9.000 -285.245
v -86.694 0.000 440.647
v -87.881 0.000 441.816
v -86.801 0.000 442.896
v -110.483 0.000 466.585
v -107.002 0.000 469.913
v -104.772 0.000 471.972
v -81.162 0.000 448.350
v -79.984 0.000 449.541
v -78.806 0.000 448.384
v -77.807 0.000 449.375
v -76.935 0.000 450.009
v -75.901 0.000 450.343
v -74.821 0.000 450.332
v -74.039 0.000 450.065
v -73.796 0.000 449.987
v -72.942 0.000 449.330
v -72.339 0.000 448.428
v -72.042 0.000 447.393
v -72.096 0.000 446.302
v -72.492 0.000 445.300
v -73.185 0.000 444.465
v -72.834 0.000 443.964
v -72.627 0.000 443.018
v -72.798 0.000 442.061
v -73.077 0.000 441.616
v -72.465 0.000 440.892
v -66.070 0.000 440.892
v -49.638 0.000 440.892
v -42.029 0.000 439.768
v -41.507 0.000 441.571
v -35.167 0.000 445.078
v -46.148 0.000 466.406
v -49.161 0.000 464.469
v -52.777 0.000 471.349
v -46.292 0.000 474.889
v -38.908 0.000 479.119
v -30.823 0.000 483.650
v -26.964 0.000 476.659
v -29.617 0.000 475.089
v -10.820 0.000 439.768
v -19.220 0.000 435.081
v -20.542 0.000 430.595
v -21.936 0.000 425.908
v -30.337 0.000 421.322
v -39.520 0.000 424.005
v -44.143 0.000 432.376
v -43.693 0.000 433.946
v -49.548 0.000 435.137
v -67.608 0.000 435.315
v -65.908 0.000 433.589
v -65.117 0.000 434.146
v -64.163 0.000 434.358
v -63.210 0.000 434.179
v -62.392 0.000 433.656
v -61.528 0.000 434.246
v -60.521 0.000 434.547
v -59.469 0.000 434.513
v -58.479 0.000 434.146
v -57.661 0.000 433.500
v -57.085 0.000 432.621
v -56.806 0.000 431.608
v -56.860 0.000 430.550
v -57.247 0.000 429.582
v -57.913 0.000 428.769
v -58.803 0.000 428.202
v -57.292 0.000 426.710
v -58.353 0.000 425.641
v -38.503 0.000 405.804
v -38.566 0.000 406.160
v -38.566 0.000 406.517
v -38.494 0.000 406.862
v -38.351 0.000 407.196
v -38.144 0.000 407.485
v -37.892 0.000 407.741
v -37.595 0.000 407.930
v -37.262 0.000 408.064
v -36.912 0.000 408.131
v -36.552 0.000 408.131
v -36.201 0.000 408.053
v -35.877 0.000 407.919
v -35.580 0.000 407.719
v -35.329 0.000 407.463
v -35.131 0.000 407.162
v -34.996 0.000 406.828
v -34.933 0.000 406.483
v -34.933 0.000 406.127
v -35.005 0.000 405.771
v -35.149 0.000 405.448
v -35.347 0.000 405.147
v -30.733 0.000 400.361
v -30.481 0.000 400.438
v -30.220 0.000 400.483
v -29.851 0.000 400.494
v -29.491 0.000 400.416
v -29.159 0.000 400.271
v -28.862 0.000 400.071
v -28.601 0.000 399.804
v -28.412 0.000 399.503
v -28.277 0.000 399.169
v -28.214 0.000 398.813
v -28.223 0.000 398.446
v -28.304 0.000 398.101
v -28.448 0.000 397.767
v -28.655 0.000 397.477
v -28.916 0.000 397.232
v -29.213 0.000 397.043
v -29.545 0.000 396.921
v -29.887 0.000 396.854
v -30.238 0.000 396.865
v -33.323 0.000 393.915
v -35.661 0.000 391.722
v -35.589 0.000 391.366
v -35.589 0.000 391.010
v -35.661 0.000 390.653
v -35.805 0.000 390.320
v -36.003 0.000 390.030
v -36.255 0.000 389.774
v -36.561 0.000 389.574
v -36.894 0.000 389.440
v -37.244 0.000 389.373
v -37.604 0.000 389.384
v -37.955 0.000 389.451
v -38.288 0.000 389.596
v -38.584 0.000 389.796
v -38.836 0.000 390.063
v -39.025 0.000 390.353
v -39.160 0.000 390.687
v -39.223 0.000 391.032
v -39.223 0.000 391.399
v -39.151 0.000 391.744
v -43.972 0.000 396.988
v -44.224 0.000 396.732
v -44.520 0.000 396.531
v -44.853 0.000 396.398
v -45.204 0.000 396.331
v -45.564 0.000 396.331
v -45.915 0.000 396.409
v -46.247 0.000 396.542
v -46.544 0.000 396.743
v -46.796 0.000 396.999
v -46.985 0.000 397.299
v -47.120 0.000 397.633
v -47.192 0.000 397.989
v -47.183 0.000 398.346
v -47.111 0.000 398.691
v -46.976 0.000 399.025
v -46.769 0.000 399.314
v -46.517 0.000 399.570
v -46.220 0.000 399.771
v -45.888 0.000 399.904
v -45.537 0.000 399.960
v -45.177 0.000 399.960
v -44.826 0.000 399.893
v -44.494 0.000 399.748
v -64.289 0.000 419.686
v -65.081 0.000 418.884
v -66.124 0.000 419.919
v -66.907 0.000 418.973
v -67.959 0.000 418.339
v -69.155 0.000 418.071
v -70.369 0.000 418.216
v -71.476 0.000 418.751
v -72.348 0.000 419.619
v -72.888 0.000 420.721
v -73.041 0.000 421.934
v -72.789 0.000 423.137
v -72.168 0.000 424.183
v -72.402 0.000 424.528
v -72.609 0.000 425.474
v -72.438 0.000 426.432
v -72.249 0.000 426.732
v -73.535 0.000 427.990
v -73.490 0.000 394.939
v -71.449 0.000 394.939
v -71.440 0.000 389.373
v -75.793 0.000 389.362
v -79.282 0.000 389.362
v -79.336 0.000 426.688
v -79.345 0.000 434.814
v -80.137 0.000 434.257
v -81.090 0.000 434.057
v -82.044 0.000 434.224
v -82.538 0.000 434.536
v -83.555 0.000 433.879
v -84.724 0.000 433.578
v -85.938 0.000 433.690
v -87.035 0.000 434.191
v -87.917 0.000 435.025
v -88.205 0.000 435.593
v -88.465 0.000 436.105
v -88.636 0.000 437.307
v -88.402 0.000 438.499
v -87.782 0.000 439.545
v -86.694 9.000 440.647
v -87.881 9.000 441.816
v -86.801 9.000 442.896
v -110.483 9.000 466.585
v -107.002 9.000 469.913
v -104.772 9.000 471.972
v -81.162 9.000 448.350
v -79.984 9.000 449.541
v -78.806 9.000 448.384
v -77.807 9.000 449.375
v -76.935 9.000 450.009
v -75.901 9.000 450.343
v -74.821 9.000 450.332
v -74.039 9.000 450.065
v -73.796 9.000 449.987
v -72.942 9.000 449.330
v -72.339 9.000 448.428
v -72.042 9.000 447.393
v -72.096 9.000 446.302
v -72.492 9.000 445.300
v -73.185 9.000 444.465
v -72.834 9.000 443.964
v -72.627 9.000 443.018
v -72.798 9.000 442.061
v -73.077 9.000 441.616
v -72.465 9.000 440.892
v -66.070 9.000 440.892
v -49.638 9.000 440.892
v -42.029 9.000 439.768
v -41.507 9.000 441.571
v -35.167 9.000 445.078
v -46.148 9.000 466.406
v -49.161 9.000 464.469
v -52.777 9.000 471.349
v -46.292 9.000 474.889
v -38.908 9.000 479.119
v -30.823 9.000 483.650
v -26.964 9.000 476.659
v -29.617 9.000 475.089
v -10.820 9.000 439.768
v -19.220 9.000 435.081
v -20.542 9.000 430.595
v -21.936 9.000 425.908
v -30.337 9.000 421.322
v -39.520 9.000 424.005
v -44.143 9.000 432.376
v -43.693 9.000 433.946
v -49.548 9.000 435.137
v -67.608 9.000 435.315
v -65.908 9.000 433.589
v -65.117 9.000 434.146
v -64.163 9.000 434.358
v -63.210 9.000 434.179
v -62.392 9.000 433.656
v -61.528 9.000 434.246
v -60.521 9.000 434.547
v -59.469 9.000 434.513
v -58.479 9.000 434.146
v -57.661 9.000 433.500
v -57.085 9.000 432.621
v -56.806 9.000 431.608
v -56.860 9.000 430.550
v -57.247 9.000 429.582
v -57.913 9.000 428.769
v -58.803 9.000 428.202
v -57.292 9.000 426.710
v -58.353 9.000 425.641
v -38.503 9.000 405.804
v -38.566 9.000 406.160
v -38.566 9.000 406.517
v -38.494 9.000 406.862
v -38.351 9.000 407.196
v -38.144 9.000 407.485
v -37.892 9.000 407.741
v -37.595 9.000 407.930
v -37.262 9.000 408.064
v -36.912 9.000 408.131
v -36.552 9.000 408.131
v -36.201 9.000 408.053
v -35.877 9.000 407.919
v -35.580 9.000 407.719
v -35.329 9.000 407.463
v -35.131 9.000 407.162
v -34.996 9.000 406.828
v -34.933 9.000 406.483
v -34.933 9.000 406.127
v -35.005 9.000 405.771
v -35.149 9.000 405.448
v -35.347 9.000 405.147
v -30.733 9.000 400.361
v -30.481 9.000 400.438
v -30.220 9.000 400.483
v -29.851 9.000 400.494
v -29.491 9.000 400.416
v -29.159 9.000 400.271
v -28.862 9.000 400.071
v -28.601 9.000 399.804
v -28.412 9.000 399.503
v -28.277 9.000 399.169
v -28.214 9.000 398.813
v -28.223 9.000 398.446
v -28.304 9.000 398.101
v -28.448 9.000 397.767
v -28.655 9.000 397.477
v -28.916 9.000 397.232
v -29.213 9.000 397.043
v -29.545 9.000 396.921
v -29.887 9.000 396.854
v -30.238 9.000 396.865
v -33.323 9.000 393.915
v -35.661 9.000 391.722
v -35.589 9.000 391.366
v -35.589 9.000 391.010
v -35.661 9.000 390.653
v -35.805 9.000 390.320
v -36.003 9.000 390.030
v -36.255 9.000 389.774
v -36.561 9.000 389.574
v -36.894 9.000 389.440
v -37.244 9.000 389.373
v -37.604 9.000 389.384
v -37.955 9.000 389.451
v -38.288 9.000 389.596
v -38.584 9.000 389.796
v -38.836 9.000 390.063
v -39.025 9.000 390.353
v -39.160 9.000 390.687
v -39.223 9.000 391.032
v -39.223 9.000 391.399
v -39.151 9.000 391.744
v -43.972 9.000 396.988
v -44.224 9.000 396.732
v -44.520 9.000 396.531
v -44.853 9.000 396.398
v -45.204 9.000 396.331
v -45.564 9.000 396.331
v -45.915 9.000 396.409
v -46.247 9.000 396.542
v -46.544 9.000 396.743
v -46.796 9.000 396.999
v -46.985 9.000 397.299
v -47.120 9.000 397.633
v -47.192 9.000 397.989
v -47.183 9.000 398.346
v -47.111 9.000 398.691
v -46.976 9.000 399.025
v -46.769 9.000 399.314
v -46.517 9.000 399.570
v -46.220 9.000 399.771
v -45.888 9.000 399.904
v -45.537 9.000 399.960
v -45.177 9.000 399.960
v -44.826 9.000 399.893
v -44.494 9.000 399.748
v -64.289 9.000 419.686
v -65.081 9.000 418.884
v -66.124 9.000 419.919
v -66.907 9.000 418.973
v -67.959 9.000 418.339
v -69.155 9.000 418.071
v -70.369 9.000 418.216
v -71.476 9.000 418.751
v -72.348 9.000 419.619
v -72.888 9.000 420.721
v -73.041 9.000 421.934
v -72.789 9.000 423.137
v -72.168 9.000 424.183
v -72.402 9.000 424.528
v -72.609 9.000 425.474
v -72.438 9.000 426.432
v -72.249 9.000 426.732
v -73.535 9.000 427.990
v -73.490 9.000 394.939
v -71.449 9.000 394.939
v -71.440 9.000 389.373
v -75.793 9.000 389.362
v -79.282 9.000 389.362
v -79.336 9.000 426.688
v -79.345 9.000 434.814
v -80.137 9.000 434.257
v -81.090 9.000 434.057
v -82.044 9.000 434.224
v -82.538 9.000 434.536
v -83.555 9.000 433.879
v -84.724 9.000 433.578
v -85.938 9.000 433.690
v -87.035 9.000 434.191
v -87.917 9.000 435.025
v -88.205 9.000 435.593
v -88.465 9.000 436.105
v -88.636 9.000 437.307
v -88.402 9.000 438.499
v -87.782 9.000 439.545
v -87.395 0.000 95.000
v -73.652 0.000 95.033
v -73.625 0.000 82.744
v -119.117 0.000 82.644
v -123.596 0.000 78.146
v -156.505 0.000 78.068
v -167.352 0.000 88.866
v -196.799 0.000 88.800
v -196.817 0.000 97.661
v -208.257 0.000 97.638
v -226.173 0.000 79.638
v -247.624 0.000 100.989
v -243.064 0.000 105.575
v -243.091 0.000 116.362
v -181.716 0.000 116.496
v -157.351 0.000 92.228
v -87.395 0.000 92.384
v -87.395 9.000 95.000
v -73.652 9.000 95.033
v -73.625 9.000 82.744
v -119.117 9.000 82.644
v -123.596 9.000 78.146
v -156.505 9.000 78.068
v -167.352 9.000 88.866
v -196.799 9.000 88.800
v -196.817 9.000 97.661
v -208.257 9.000 97.638
v -226.173 9.000 79.638
v -247.624 9.000 100.989
v -243.064 9.000 105.575
v -243.091 9.000 116.362
v -181.716 9.000 116.496
v -157.351 9.000 92.228
v -87.395 9.000 92.384
v 86.591 0.000 -500.000
v 90.075 0.000 -496.685
v 100.841 0.000 -486.433
v 111.166 0.000 -485.375
v 115.627 0.000 -484.919
v 115.266 0.000 -500.000
v 86.591 9.600 -500.000
v 90.075 9.600 -496.685
v 100.841 9.600 -486.433
v 111.166 9.600 -485.375
v 115.627 9.600 -484.919
v 115.266 9.600 -500.000
v -118.748 0.000 331.754
v -118.730 0.000 333.291
v -107.749 0.000 333.157
v -107.767 0.000 331.632
v -118.748 9.000 331.754
v -118.730 9.000 333.291
v -107.749 9.000 333.157
v -107.767 9.000 331.632
v 321.762 0.000 -379.878
v 321.762 0.000 -371.596
v 305.321 0.000 -355.254
v 305.114 0.000 -343.654
v 314.656 0.000 -333.903
v 321.330 0.000 -333.936
v 325.773 0.000 -329.161
v 391.520 0.000 -329.328
v 404.624 0.000 -342.408
v 404.642 0.000 -344.801
v 404.687 0.000 -350.233
v 404.867 0.000 -417.571
v 395.693 0.000 -426.053
v 314.899 0.000 -425.808
v 305.105 0.000 -416.146
v 305.069 0.000 -404.212
v 321.771 0.000 -388.149
v 321.762 16.000 -379.878
v 321.762 16.000 -371.596
v 305.321 16.000 -355.254
v 305.114 16.000 -343.654
v 314.656 16.000 -333.903
v 321.330 16.000 -333.936
v 325.773 16.000 -329.161
v 391.520 16.000 -329.328
v 404.624 16.000 -342.408
v 404.642 16.000 -344.801
v 404.687 16.000 -350.233
v 404.867 16.000 -417.571
v 395.693 16.000 -426.053
v 314.899 16.000 -425.808
v 305.105 16.000 -416.146
v 305.069 16.000 -404.212
v 321.771 16.000 -388.149
v -15.254 0.000 -38.216
v -15.101 0.000 -38.205
v -13.725 0.000 -38.183
v -13.662 0.000 -41.756
v -16.432 0.000 -41.800
v -16.495 0.000 -38.238
v -15.254 6.400 -38.216
v -15.101 6.400 -38.205
v -13.725 6.400 -38.183
v -13.662 6.400 -41.756
v -16.432 6.400 -41.800
v -16.495 6.400 -38.238
v -26.335 0.000 -483.327
v -22.431 0.000 -482.459
v -22.062 0.000 -484.106
v -21.703 0.000 -485.743
v -25.606 0.000 -486.611
v -25.975 0.000 -484.963
v -26.335 6.400 -483.327
v -22.431 6.400 -482.459
v -22.062 6.400 -484.106
v -21.703 6.400 -485.743
v -25.606 6.400 -486.611
v -25.975 6.400 -484.963
v -104.020 0.000 -500.000
v -101.840 0.000 -499.201
v -102.946 0.000 -496.285
v -100.985 0.000 -493.869
v -102.190 0.000 -490.852
v -94.392 0.000 -487.891
v -94.024 0.000 -489.316
v -77.466 0.000 -483.115
v -78.041 0.000 -481.691
v -69.632 0.000 -478.507
v -68.526 0.000 -482.058
v -56.779 0.000 -477.438
v -54.081 0.000 -476.781
v -49.890 0.000 -477.305
v -45.789 0.000 -479.141
v -43.477 0.000 -480.900
v -42.281 0.000 -481.891
v -56.977 0.000 -495.093
v -54.324 0.000 -498.121
v -53.949 0.000 -500.000
v -104.020 9.000 -500.000
v -101.840 9.000 -499.201
v -102.946 9.000 -496.285
v -100.985 9.000 -493.869
v -102.190 9.000 -490.852
v -94.392 9.000 -487.891
v -94.024 9.000 -489.316
v -77.466 9.000 -483.115
v -78.041 9.000 -481.691
v -69.632 9.000 -478.507
v -68.526 9.000 -482.058
v -56.779 9.000 -477.438
v -54.081 9.000 -476.781
v -49.890 9.000 -477.305
v -45.789 9.000 -479.141
v -43.477 9.000 -480.900
v -42.281 9.000 -481.891
v -56.977 9.000 -495.093
v -54.324 9.000 -498.121
v -53.949 9.000 -500.000
v 81.765 0.000 -437.441
v 80.677 0.000 -437.575
v 80.173 0.000 -433.601
v 83.510 0.000 -433.178
v 84.013 0.000 -437.152
v 83.222 0.000 -437.252
v 81.765 9.000 -437.441
v 80.677 9.000 -437.575
v 80.173 9.000 -433.601
v 83.510 9.000 -433.178
v 84.013 9.000 -437.152
v 83.222 9.000 -437.252
v -181.904 0.000 -470.915
v -181.788 0.000 -468.009
v -103.881 0.000 -476.269
v -107.650 0.000 -492.923
v -109.600 0.000 -500.000
v -183.813 0.000 -500.000
v -181.904 9.000 -470.915
v -181.788 9.000 -468.009
v -103.881 9.000 -476.269
v -107.650 9.000 -492.923
v -109.600 9.000 -500.000
v -183.813 9.000 -500.000
v 108.819 0.000 -136.266
v 114.134 0.000 -136.311
v 114.116 0.000 -138.893
v 119.882 0.000 -138.949
v 119.837 0.000 -143.869
v 122.976 0.000 -143.892
v 122.904 0.000 -151.294
v 141.557 0.000 -151.472
v 141.485 0.000 -159.320
v 138.382 0.000 -161.636
v 122.706 0.000 -161.513
v 122.733 0.000 -157.317
v 119.081 0.000 -157.294
v 119.009 0.000 -167.079
v 118.982 0.000 -169.673
v 95.499 0.000 -169.495
v 75.019 0.000 -169.339
v 75.298 0.000 -132.370
v 97.396 0.000 -132.537
v 104.421 0.000 -132.593
v 108.819 9.600 -136.266
v 114.134 9.600 -136.311
v 114.116 9.600 -138.893
v 119.882 9.600 -138.949
v 119.837 9.600 -143.869
v 122.976 9.600 -143.892
v 122.904 9.600 -151.294
v 141.557 9.600 -151.472
v 141.485 9.600 -159.320
v 138.382 9.600 -161.636
v 122.706 9.600 -161.513
v 122.733 9.600 -157.317
v 119.081 9.600 -157.294
v 119.009 9.600 -167.079
v 118.982 9.600 -169.673
v 95.499 9.600 -169.495
v 75.019 9.600 -169.339
v 75.298 9.600 -132.370
v 97.396 9.600 -132.537
v 104.421 9.600 -132.593
v 128.957 0.000 -172.067
v 124.181 0.000 -172.078
v 124.217 0.000 -179.670
v 119.261 0.000 -179.692
v 119.423 0.000 -221.147
v 115.906 0.000 -221.170
v 115.870 0.000 -211.073
v 108.630 0.000 -211.095
v 108.648 0.000 -216.093
v 105.716 0.000 -216.105
v 105.734 0.000 -222.038
v 96.011 0.000 -222.082
v 92.144 0.000 -215.993
v 92.324 0.000 -213.600
v 93.682 0.000 -211.852
v 95.643 0.000 -211.841
v 95.499 0.000 -169.495
v 118.982 0.000 -169.673
v 119.009 0.000 -167.079
v 123.380 0.000 -167.057
v 123.389 0.000 -169.083
v 128.948 0.000 -169.061
v 128.957 9.600 -172.067
v 124.181 9.600 -172.078
v 124.217 9.600 -179.670
v 119.261 9.600 -179.692
v 119.423 9.600 -221.147
v 115.906 9.600 -221.170
v 115.870 9.600 -211.073
v 108.630 9.600 -211.095
v 108.648 9.600 -216.093
v 105.716 9.600 -216.105
v 105.734 9.600 -222.038
v 96.011 9.600 -222.082
v 92.144 9.600 -215.993
v 92.324 9.600 -213.600
v 93.682 9.600 -211.852
v 95.643 9.600 -211.841
v 95.499 9.600 -169.495
v 118.982 9.600 -169.673
v 119.009 9.600 -167.079
v 123.380 9.600 -167.057
v 123.389 9.600 -169.083
v 128.948 9.600 -169.061
v 125.584 0.000 -308.667
v 121.258 0.000 -308.722
v 121.240 0.000 -307.442
v 119.144 0.000 -307.453
v 119.207 0.000 -315.914
v 68.723 0.000 -316.225
v 68.723 0.000 -312.296
v 61.834 0.000 -312.273
v 61.996 0.000 -275.594
v 58.740 0.000 -275.560
v 58.983 0.000 -248.443
v 60.395 0.000 -246.472
v 63.210 0.000 -245.905
v 75.721 0.000 -246.306
v 79.345 0.000 -248.999
v 77.861 0.000 -292.960
v 83.213 0.000 -301.687
v 85.281 0.000 -302.822
v 86.703 0.000 -300.618
v 95.472 0.000 -300.830
v 95.436 0.000 -302.321
v 99.168 0.000 -302.399
v 98.386 0.000 -266.098
v 89.734 0.000 -251.337
v 90.147 0.000 -248.966
v 92.953 0.000 -247.608
v 98.422 0.000 -247.107
v 104.619 0.000 -247.140
v 106.184 0.000 -247.630
v 107.893 0.000 -252.829
v 111.760 0.000 -257.304
v 113.442 0.000 -257.270
v 113.379 0.000 -253.608
v 120.241 0.000 -253.486
v 120.682 0.000 -278.532
v 123.290 0.000 -278.488
v 123.560 0.000 -293.494
v 140.370 0.000 -293.193
v 140.532 0.000 -301.865
v 127.850 0.000 -302.088
v 128.039 0.000 -312.941
v 125.656 0.000 -312.986
v 125.584 9.600 -308.667
v 121.258 9.600 -308.722
v 121.240 9.600 -307.442
v 119.144 9.600 -307.453
v 119.207 9.600 -315.914
v 68.723 9.600 -316.225
v 68.723 9.600 -312.296
v 61.834 9.600 -312.273
v 61.996 9.600 -275.594
v 58.740 9.600 -275.560
v 58.983 9.600 -248.443
v 60.395 9.600 -246.472
v 63.210 9.600 -245.905
v 75.721 9.600 -246.306
v 79.345 9.600 -248.999
v 77.861 9.600 -292.960
v 83.213 9.600 -301.687
v 85.281 9.600 -302.822
v 86.703 9.600 -300.618
v 95.472 9.600 -300.830
v 95.436 9.600 -302.321
v 99.168 9.600 -302.399
v 98.386 9.600 -266.098
v 89.734 9.600 -251.337
v 90.147 9.600 -248.966
v 92.953 9.600 -247.608
v 98.422 9.600 -247.107
v 104.619 9.600 -247.140
v 106.184 9.600 -247.630
v 107.893 9.600 -252.829
v 111.760 9.600 -257.304
v 113.442 9.600 -257.270
v 113.379 9.600 -253.608
v 120.241 9.600 -253.486
v 120.682 9.600 -278.532
v 123.290 9.600 -278.488
v 123.560 9.600 -293.494
v 140.370 9.600 -293.193
v 140.532 9.600 -301.865
v 127.850 9.600 -302.088
v 128.039 9.600 -312.941
v 125.656 9.600 -312.986
v 54.990 0.000 -215.125
v 54.072 0.000 -212.353
v 54.621 0.000 -194.108
v 52.777 0.000 -190.790
v 50.933 0.000 -189.499
v 50.196 0.000 -186.917
v 50.385 0.000 -177.332
v 51.122 0.000 -175.484
v 52.966 0.000 -173.269
v 52.408 0.000 -150.415
v 49.647 0.000 -150.226
v 51.122 0.000 -134.196
v 51.770 0.000 -132.971
v 91.496 0.000 -132.214
v 97.396 0.000 -132.537
v 104.421 0.000 -132.593
v 108.819 0.000 -136.266
v 114.134 0.000 -136.311
v 114.116 0.000 -138.893
v 119.882 0.000 -138.949
v 119.837 0.000 -143.869
v 122.976 0.000 -143.892
v 122.904 0.000 -151.294
v 141.557 0.000 -151.472
v 141.485 0.000 -159.320
v 138.382 0.000 -161.636
v 122.706 0.000 -161.513
v 122.733 0.000 -157.317
v 119.081 0.000 -157.294
v 119.009 0.000 -167.079
v 123.380 0.000 -167.057
v 123.389 0.000 -169.083
v 128.948 0.000 -169.061
v 128.957 0.000 -172.067
v 124.181 0.000 -172.078
v 124.217 0.000 -179.670
v 119.261 0.000 -179.692
v 119.423 0.000 -221.147
v 120.988 0.000 -221.014
v 120.808 0.000 -230.587
v 120.619 0.000 -240.740
v 117.687 0.000 -240.806
v 117.696 0.000 -242.131
v 111.958 0.000 -242.220
v 111.760 0.000 -246.205
v 111.760 0.000 -257.304
v 113.442 0.000 -257.270
v 113.379 0.000 -253.608
v 120.241 0.000 -253.486
v 120.682 0.000 -278.532
v 123.290 0.000 -278.488
v 123.560 0.000 -293.494
v 140.370 0.000 -293.193
v 140.532 0.000 -301.865
v 127.850 0.000 -302.088
v 128.039 0.000 -312.941
v 125.656 0.000 -312.986
v 125.584 0.000 -308.667
v 121.258 0.000 -308.722
v 121.240 0.000 -307.442
v 119.144 0.000 -307.453
v 119.207 0.000 -315.914
v 68.723 0.000 -316.225
v 68.723 0.000 -312.296
v 61.834 0.000 -312.273
v 59.235 0.000 -312.273
v 59.046 0.000 -319.275
v 54.072 0.000 -319.275
v 54.126 0.000 -294.384
v 54.378 0.000 -253.675
v 53.919 0.000 -245.148
v 76.054 0.000 -245.292
v 76.377 0.000 -230.788
v 76.746 0.000 -217.518
v 58.128 0.000 -218.064
v 56.096 0.000 -216.594
v 54.990 9.000 -215.125
v 54.072 9.000 -212.353
v 54.621 9.000 -194.108
v 52.777 9.000 -190.790
v 50.933 9.000 -189.499
v 50.196 9.000 -186.917
v 50.385 9.000 -177.332
v 51.122 9.000 -175.484
v 52.966 9.000 -173.269
v 52.408 9.000 -150.415
v 49.647 9.000 -150.226
v 51.122 9.000 -134.196
v 51.770 9.000 -132.971
v 91.496 9.000 -132.214
v 97.396 9.000 -132.537
v 104.421 9.000 -132.593
v 108.819 9.000 -136.266
v 114.134 9.000 -136.311
v 114.116 9.000 -138.893
v 119.882 9.000 -138.949
v 119.837 9.000 -143.869
v 122.976 9.000 -143.892
v 122.904 9.000 -151.294
v 141.557 9.000 -151.472
v 141.485 9.000 -159.320
v 138.382 9.000 -161.636
v 122.706 9.000 -161.513
v 122.733 9.000 -157.317
v 119.081 9.000 -157.294
v 119.009 9.000 -167.079
v 123.380 9.000 -167.057
v 123.389 9.000 -169.083
v 128.948 9.000 -169.061
v 128.957 9.000 -172.067
v 124.181 9.000 -172.078
v 124.217 9.000 -179.670
v 119.261 9.000 -179.692
v 119.423 9.000 -221.147
v 120.988 9.000 -221.014
v 120.808 9.000 -230.587
v 120.619 9.000 -240.740
v 117.687 9.000 -240.806
v 117.696 9.000 -242.131
v 111.958 9.000 -242.220
v 111.760 9.000 -246.205
v 111.760 9.000 -257.304
v 113.442 9.000 -257.270
v 113.379 9.000 -253.608
v 120.241 9.000 -253.486
v 120.682 9.000 -278.532
v 123.290 9.000 -278.488
v 123.560 9.000 -293.494
v 140.370 9.000 -293.193
v 140.532 9.000 -301.865
v 127.850 9.000 -302.088
v 128.039 9.000 -312.941
v 125.656 9.000 -312.986
v 125.584 9.000 -308.667
v 121.258 9.000 -308.722
v 121.240 9.000 -307.442
v 119.144 9.000 -307.453
v 119.207 9.000 -315.914
v 68.723 9.000 -316.225
v 68.723 9.000 -312.296
v 61.834 9.000 -312.273
v 59.235 9.000 -312.273
v 59.046 9.000 -319.275
v 54.072 9.000 -319.275
v 54.126 9.000 -294.384
v 54.378 9.000 -253.675
v 53.919 9.000 -245.148
v 76.054 9.000 -245.292
v 76.377 9.000 -230.788
v 76.746 9.000 -217.518
v 58.128 9.000 -218.064
v 56.096 9.000 -216.594
v -240.663 0.000 -415.467
v -248.101 0.000 -413.886
v -261.592 0.000 -406.784
v -272.537 0.000 -396.086
v -273.904 0.000 -394.260
v -274.921 0.000 -392.902
v -272.124 0.000 -390.987
v -277.340 0.000 -381.737
v -280.533 0.000 -367.922
v -279.598 0.000 -353.573
v -274.417 0.000 -340.181
v -265.999 0.000 -328.871
v -254.450 0.000 -320.611
v -240.941 0.000 -315.780
v -226.740 0.000 -315.123
v -223.214 0.000 -315.992
v -223.682 0.000 -318.663
v -225.598 0.000 -329.539
v -228.395 0.000 -328.905
v -238.468 0.000 -329.417
v -248.092 0.000 -332.879
v -256.231 0.000 -338.879
v -262.383 0.000 -346.994
v -265.972 0.000 -356.534
v -266.511 0.000 -366.709
v -264.101 0.000 -376.494
v -260.243 0.000 -382.872
v -258.057 0.000 -381.392
v -246.041 0.000 -373.243
v -241.904 0.000 -370.438
v -241.310 0.000 -371.306
v -238.873 0.000 -373.711
v -235.761 0.000 -375.403
v -232.136 0.000 -375.993
v -228.512 0.000 -375.737
v -227.423 0.000 -375.269
v -225.445 0.000 -381.013
v -220.921 0.000 -394.060
v -216.810 0.000 -405.960
v -213.680 0.000 -414.988
v -217.485 0.000 -416.591
v -223.385 0.000 -416.936
v -233.224 0.000 -417.036
v -240.663 9.000 -415.467
v -248.101 9.000 -413.886
v -261.592 9.000 -406.784
v -272.537 9.000 -396.086
v -273.904 9.000 -394.260
v -274.921 9.000 -392.902
v -272.124 9.000 -390.987
v -277.340 9.000 -381.737
v -280.533 9.000 -367.922
v -279.598 9.000 -353.573
v -274.417 9.000 -340.181
v -265.999 9.000 -328.871
v -254.450 9.000 -320.611
v -240.941 9.000 -315.780
v -226.740 9.000 -315.123
v -223.214 9.000 -315.992
v -223.682 9.000 -318.663
v -225.598 9.000 -329.539
v -228.395 9.000 -328.905
v -238.468 9.000 -329.417
v -248.092 9.000 -332.879
v -256.231 9.000 -338.879
v -262.383 9.000 -346.994
v -265.972 9.000 -356.534
v -266.511 9.000 -366.709
v -264.101 9.000 -376.494
v -260.243 9.000 -382.872
v -258.057 9.000 -381.392
v -246.041 9.000 -373.243
v -241.904 9.000 -370.438
v -241.310 9.000 -371.306
v -238.873 9.000 -373.711
v -235.761 9.000 -375.403
v -232.136 9.000 -375.993
v -228.512 9.000 -375.737
v -227.423 9.000 -375.269
v -225.445 9.000 -381.013
v -220.921 9.000 -394.060
v -216.810 9.000 -405.960
v -213.680 9.000 -414.988
v -217.485 9.000 -416.591
v -223.385 9.000 -416.936
v -233.224 9.000 -417.036
v -30.931 0.000 -17.321
v -35.724 0.000 -22.197
v -47.210 0.000 -10.408
v -42.812 0.000 -5.956
v -36.948 0.000 -11.566
v -30.931 9.000 -17.321
v -35.724 9.000 -22.197
v -47.210 9.000 -10.408
v -42.812 9.000 -5.956
v -36.948 9.000 -11.566
v 148.311 0.000 500.000
v 393.421 0.000 500.000
v 386.834 0.000 479.909
v 364.996 0.000 438.744
v 324.253 0.000 413.541
v 283.087 0.000 403.466
v 241.508 0.000 404.301
v 174.304 0.000 459.749
v 148.311 9.000 500.000
v 393.421 9.000 500.000
v 386.834 9.000 479.909
v 364.996 9.000 438.744
v 324.253 9.000 413.541
v 283.087 9.000 403.466
v 241.508 9.000 404.301
v 174.304 9.000 459.749
v 119.423 0.000 -221.147
v 120.988 0.000 -221.014
v 120.808 0.000 -230.587
v 76.377 0.000 -230.788
v 76.746 0.000 -217.518
v 58.128 0.000 -218.064
v 56.096 0.000 -216.594
v 54.990 0.000 -215.125
v 54.072 0.000 -212.353
v 54.621 0.000 -194.108
v 52.777 0.000 -190.790
v 50.933 0.000 -189.499
v 50.196 0.000 -186.917
v 50.385 0.000 -177.332
v 51.122 0.000 -175.484
v 52.966 0.000 -173.269
v 52.408 0.000 -150.415
v 49.647 0.000 -150.226
v 51.122 0.000 -134.196
v 51.770 0.000 -132.971
v 75.298 0.000 -132.370
v 75.019 0.000 -169.339
v 95.499 0.000 -169.495
v 95.643 0.000 -211.841
v 93.682 0.000 -211.852
v 92.324 0.000 -213.600
v 92.144 0.000 -215.993
v 96.011 0.000 -222.082
v 105.734 0.000 -222.038
v 105.716 0.000 -216.105
v 108.648 0.000 -216.093
v 108.630 0.000 -211.095
v 115.870 0.000 -211.073
v 115.906 0.000 -221.170
v 119.423 6.400 -221.147
v 120.988 6.400 -221.014
v 120.808 6.400 -230.587
v 76.377 6.400 -230.788
v 76.746 6.400 -217.518
v 58.128 6.400 -218.064
v 56.096 6.400 -216.594
v 54.990 6.400 -215.125
v 54.072 6.400 -212.353
v 54.621 6.400 -194.108
v 52.777 6.400 -190.790
v 50.933 6.400 -189.499
v 50.196 6.400 -186.917
v 50.385 6.400 -177.332
v 51.122 6.400 -175.484
v 52.966 6.400 -173.269
v 52.408 6.400 -150.415
v 49.647 6.400 -150.226
v 51.122 6.400 -134.196
v 51.770 6.400 -132.971
v 75.298 6.400 -132.370
v 75.019 6.400 -169.339
v 95.499 6.400 -169.495
v 95.643 6.400 -211.841
v 93.682 6.400 -211.852
v 92.324 6.400 -213.600
v 92.144 6.400 -215.993
v 96.011 6.400 -222.082
v 105.734 6.400 -222.038
v 105.716 6.400 -216.105
v 108.648 6.400 -216.093
v 108.630 6.400 -211.095
v 115.870 6.400 -211.073
v 115.906 6.400 -221.170
v 61.834 0.000 -312.273
v 59.235 0.000 -312.273
v 59.046 0.000 -319.275
v 54.072 0.000 -319.275
v 54.378 0.000 -253.675
v 53.919 0.000 -245.148
v 76.054 0.000 -245.292
v 75.721 0.000 -246.306
v 111.760 0.000 -246.205
v 111.760 0.000 -257.304
v 113.442 0.000 -257.270
v 113.379 0.000 -253.608
v 120.241 0.000 -253.486
v 120.682 0.000 -278.532
v 123.290 0.000 -278.488
v 123.560 0.000 -293.494
v 140.370 0.000 -293.193
v 140.532 0.000 -301.865
v 127.850 0.000 -302.088
v 128.039 0.000 -312.941
v 125.656 0.000 -312.986
v 125.584 0.000 -308.667
v 121.258 0.000 -308.722
v 121.240 0.000 -307.442
v 119.144 0.000 -307.453
v 119.207 0.000 -315.914
v 68.723 0.000 -316.225
v 68.723 0.000 -312.296
v 61.834 6.400 -312.273
v 59.235 6.400 -312.273
v 59.046 6.400 -319.275
v 54.072 6.400 -319.275
v 54.378 6.400 -253.675
v 53.919 6.400 -245.148
v 76.054 6.400 -245.292
v 75.721 6.400 -246.306
v 111.760 6.400 -246.205
v 111.760 6.400 -257.304
v 113.442 6.400 -257.270
v 113.379 6.400 -253.608
v 120.241 6.400 -253.486
v 120.682 6.400 -278.532
v 123.290 6.400 -278.488
v 123.560 6.400 -293.494
v 140.370 6.400 -293.193
v 140.532 6.400 -301.865
v 127.850 6.400 -302.088
v 128.039 6.400 -312.941
v 125.656 6.400 -312.986
v 125.584 6.400 -308.667
v 121.258 6.400 -308.722
v 121.240 6.400 -307.442
v 119.144 6.400 -307.453
v 119.207 6.400 -315.914
v 68.723 6.400 -316.225
v 68.723 6.400 -312.296
v 117.696 3.000 -242.131
v 111.958 3.000 -242.220
v 111.760 3.000 -246.205
v 75.721 3.000 -246.306
v 76.054 3.000 -245.292
v 76.377 3.000 -230.788
v 120.808 3.000 -230.587
v 120.619 3.000 -240.740
v 117.687 3.000 -240.806
v 117.696 6.400 -242.131
v 111.958 6.400 -242.220
v 111.760 6.400 -246.205
v 75.721 6.400 -246.306
v 76.054 6.400 -245.292
v 76.377 6.400 -230.788
v 120.808 6.400 -230.587
v 120.619 6.400 -240.740
v 117.687 6.400 -240.806
v -313.793 0.000 120.581
v -314.279 0.000 110.930
v -328.273 0.000 111.409
v -328.273 0.000 121.060
v -313.793 9.000 120.581
v -314.279 9.000 110.930
v -328.273 9.000 111.409
v -328.273 9.000 121.060
v 490.355 0.000 96.046
v 487.081 0.000 100.432
v 483.861 0.000 104.985
v 481.118 0.000 111.175
v 478.753 0.000 117.431
v 477.602 0.000 120.615
v 476.324 0.000 126.348
v 475.542 0.000 131.246
v 475.029 0.000 137.446
v 475.002 0.000 215.949
v 487.315 0.000 215.860
v 486.757 0.000 141.387
v 486.137 0.000 141.398
v 486.074 0.000 131.179
v 484.464 0.000 131.190
v 486.101 0.000 121.294
v 487.594 0.000 114.859
v 489.429 0.000 109.082
v 491.722 0.000 103.995
v 494.205 0.000 97.783
v 494.169 0.000 96.870
v 493.476 0.000 95.646
v 491.488 0.000 95.334
v 490.355 9.000 96.046
v 487.081 9.000 100.432
v 483.861 9.000 104.985
v 481.118 9.000 111.175
v 478.753 9.000 117.431
v 477.602 9.000 120.615
v 476.324 9.000 126.348
v 475.542 9.000 131.246
v 475.029 9.000 137.446
v 475.002 9.000 215.949
v 487.315 9.000 215.860
v 486.757 9.000 141.387
v 486.137 9.000 141.398
v 486.074 9.000 131.179
v 484.464 9.000 131.190
v 486.101 9.000 121.294
v 487.594 9.000 114.859
v 489.429 9.000 109.082
v 491.722 9.000 103.995
v 494.205 9.000 97.783
v 494.169 9.000 96.870
v 493.476 9.000 95.646
v 491.488 9.000 95.334
v 122.168 0.000 -500.000
v 122.283 0.000 -472.774
v 239.817 0.000 -473.319
v 276.756 0.000 -473.197
v 276.380 0.000 -500.000
v 122.168 20.000 -500.000
v 122.283 20.000 -472.774
v 239.817 20.000 -473.319
v 276.756 20.000 -473.197
v 276.380 20.000 -500.000
v 435.310 0.000 -500.000
v 435.258 0.000 -491.665
v 453.857 0.000 -492.099
v 453.866 0.000 -489.973
v 478.186 0.000 -490.307
v 478.249 0.000 -488.236
v 487.018 0.000 -488.247
v 487.045 0.000 -500.000
v 435.310 183.000 -500.000
v 435.258 183.000 -491.665
v 453.857 183.000 -492.099
v 453.866 183.000 -489.973
v 478.186 183.000 -490.307
v 478.249 183.000 -488.236
v 487.018 183.000 -488.247
v 487.045 183.000 -500.000
v 117.282 0.000 143.380
v 117.282 0.000 150.504
v 119.144 0.000 150.504
v 119.162 0.000 161.569
v 215.048 0.000 161.536
v 215.056 0.000 172.055
v 223.232 0.000 172.757
v 223.295 0.000 111.286
v 231.489 0.000 111.286
v 231.129 0.000 86.818
v 230.985 0.000 76.855
v 231.084 0.000 51.730
v 205.001 0.000 51.541
v 205.001 0.000 46.543
v 257.167 0.000 46.520
v 257.167 0.000 41.233
v 260.881 0.000 41.233
v 260.881 0.000 37.348
v 266.673 0.000 37.337
v 266.664 0.000 26.906
v 262.689 0.000 26.906
v 262.680 0.000 9.774
v 260.099 0.000 9.774
v 260.099 0.000 8.694
v 255.512 0.000 8.694
v 255.512 0.000 9.785
v 253.038 0.000 9.785
v 253.038 0.000 13.091
v 235.545 0.000 13.102
v 235.554 0.000 15.451
v 220.471 0.000 15.451
v 220.750 0.000 13.926
v 210.344 0.000 14.004
v 210.344 0.000 15.574
v 202.977 0.000 15.574
v 202.986 0.000 17.978
v 194.964 0.000 17.978
v 194.964 0.000 14.839
v 185.007 0.000 14.850
v 185.007 0.000 17.978
v 171.318 0.000 17.989
v 171.318 0.000 14.906
v 161.191 0.000 14.906
v 161.191 0.000 17.989
v 153.348 0.000 17.989
v 153.348 0.000 14.427
v 145.263 0.000 14.427
v 145.263 0.000 18.000
v 136.098 0.000 18.000
v 136.098 0.000 22.809
v 131.754 0.000 22.809
v 131.763 0.000 35.288
v 120.412 0.000 35.299
v 120.412 0.000 38.372
v 117.597 0.000 40.954
v 115.349 0.000 46.721
v 115.358 0.000 55.070
v 112.273 0.000 55.070
v 112.282 0.000 65.935
v 115.358 0.000 65.935
v 115.367 0.000 72.079
v 112.210 0.000 72.079
v 112.210 0.000 74.428
v 109.556 0.000 74.439
v 109.565 0.000 78.569
v 109.565 0.000 82.332
v 107.991 0.000 82.332
v 108.000 0.000 103.026
v 117.948 0.000 103.026
v 117.948 0.000 103.861
v 139.596 0.000 103.861
v 139.596 0.000 116.006
v 142.052 0.000 116.006
v 142.061 0.000 139.584
v 114.926 0.000 139.595
v 114.926 0.000 143.380
v 117.282 14.000 143.380
v 117.282 14.000 150.504
v 119.144 14.000 150.504
v 119.162 14.000 161.569
v 215.048 14.000 161.536
v 215.056 14.000 172.055
v 223.232 14.000 172.757
v 223.295 14.000 111.286
v 231.489 14.000 111.286
v 231.129 14.000 86.818
v 230.985 14.000 76.855
v 231.084 14.000 51.730
v 205.001 14.000 51.541
v 205.001 14.000 46.543
v 257.167 14.000 46.520
v 257.167 14.000 41.233
v 260.881 14.000 41.233
v 260.881 14.000 37.348
v 266.673 14.000 37.337
v 266.664 14.000 26.906
v 262.689 14.000 26.906
v 262.680 14.000 9.774
v 260.099 14.000 9.774
v 260.099 14.000 8.694
v 255.512 14.000 8.694
v 255.512 14.000 9.785
v 253.038 14.000 9.785
v 253.038 14.000 13.091
v 235.545 14.000 13.102
v 235.554 14.000 15.451
v 220.471 14.000 15.451
v 220.750 14.000 13.926
v 210.344 14.000 14.004
v 210.344 14.000 15.574
v 202.977 14.000 15.574
v 202.986 14.000 17.978
v 194.964 14.000 17.978
v 194.964 14.000 14.839
v 185.007 14.000 14.850
v 185.007 14.000 17.978
v 171.318 14.000 17.989
v 171.318 14.000 14.906
v 161.191 14.000 14.906
v 161.191 14.000 17.989
v 153.348 14.000 17.989
v 153.348 14.000 14.427
v 145.263 14.000 14.427
v 145.263 14.000 18.000
v 136.098 14.000 18.000
v 136.098 14.000 22.809
v 131.754 14.000 22.809
v 131.763 14.000 35.288
v 120.412 14.000 35.299
v 120.412 14.000 38.372
v 117.597 14.000 40.954
v 115.349 14.000 46.721
v 115.358 14.000 55.070
v 112.273 14.000 55.070
v 112.282 14.000 65.935
v 115.358 14.000 65.935
v 115.367 14.000 72.079
v 112.210 14.000 72.079
v 112.210 14.000 74.428
v 109.556 14.000 74.439
v 109.565 14.000 78.569
v 109.565 14.000 82.332
v 107.991 14.000 82.332
v 108.000 14.000 103.026
v 117.948 14.000 103.026
v 117.948 14.000 103.861
v 139.596 14.000 103.861
v 139.596 14.000 116.006
v 142.052 14.000 116.006
v 142.061 14.000 139.584
v 114.926 14.000 139.595
v 114.926 14.000 143.380
v -500.000 -0.010 500.000
v -500.000 -0.010 -500.000
v 500.000 -0.010 -500.000
v 500.000 -0.010 500.000
vt 0.146264 0.564499
vt 0.151625 0.564554
vt 0.180703 0.564332
vt 0.191414 0.564254
vt 0.198151 0.564198
vt 0.218972 0.564276
vt 0.238121 0.554402
vt 0.274717 0.491028
vt 0.282344 0.495347
vt 0.284692 0.491584
vt 0.295017 0.497328
vt 0.290340 0.505455
vt 0.255911 0.564265
vt 0.255911 0.585671
vt 0.290592 0.643892
vt 0.295727 0.652508
vt 0.283289 0.659688
vt 0.280608 0.654923
vt 0.274438 0.658530
vt 0.238085 0.594922
vt 0.220915 0.585015
vt 0.141525 0.584547
vt 0.141453 0.571645
vt 0.143440 0.571679
vt 0.146282 0.571723
vt 0.146264 0.564499
vt 0.151625 0.564554
vt 0.180703 0.564332
vt 0.191414 0.564254
vt 0.198151 0.564198
vt 0.218972 0.564276
vt 0.238121 0.554402
vt 0.274717 0.491028
vt 0.282344 0.495347
vt 0.284692 0.491584
vt 0.295017 0.497328
vt 0.290340 0.505455
vt 0.255911 0.564265
vt 0.255911 0.585671
vt 0.290592 0.643892
vt 0.295727 0.652508
vt 0.283289 0.659688
vt 0.280608 0.654923
vt 0.274438 0.658530
vt 0.238085 0.594922
vt 0.220915 0.585015
vt 0.141525 0.584547
vt 0.141453 0.571645
vt 0.143440 0.571679
vt 0.146282 0.571723
vt 0.936526 0.095843
vt 0.936903 0.021538
vt 0.945016 0.021582
vt 0.963499 0.021682
vt 0.972691 0.021727
vt 0.972331 0.092771
vt 0.972313 0.096033
vt 0.963517 0.095988
vt 0.944836 0.095888
vt 0.936526 0.095843
vt 0.936903 0.021538
vt 0.945016 0.021582
vt 0.963499 0.021682
vt 0.972691 0.021727
vt 0.972331 0.092771
vt 0.972313 0.096033
vt 0.963517 0.095988
vt 0.944836 0.095888
vt 0.937434 0.521618
vt 0.962429 0.521641
vt 0.962339 0.646608
vt 0.864852 0.646530
vt 0.864933 0.530457
vt 0.864933 0.525091
vt 0.864942 0.521563
vt 0.903599 0.521596
vt 0.937434 0.521618
vt 0.962429 0.521641
vt 0.962339 0.646608
vt 0.864852 0.646530
vt 0.864933 0.530457
vt 0.864933 0.525091
vt 0.864942 0.521563
vt 0.903599 0.521596
vt 0.555053 0.455995
vt 0.555421 0.453969
vt 0.556546 0.452233
vt 0.558245 0.451064
vt 0.559900 0.450374
vt 0.559963 0.448426
vt 0.556294 0.439498
vt 0.556294 0.437149
vt 0.554855 0.437149
vt 0.554846 0.426563
vt 0.554504 0.425071
vt 0.554486 0.423579
vt 0.554729 0.422099
vt 0.555151 0.420618
vt 0.555700 0.419160
vt 0.556294 0.417702
vt 0.556878 0.416254
vt 0.557382 0.414818
vt 0.557724 0.413393
vt 0.557859 0.411991
vt 0.557796 0.410766
vt 0.557634 0.409820
vt 0.557391 0.409141
vt 0.557094 0.408673
vt 0.556770 0.408373
vt 0.556483 0.408239
vt 0.555691 0.408239
vt 0.555592 0.315098
vt 0.593124 0.315054
vt 0.593286 0.465558
vt 0.593295 0.476990
vt 0.559568 0.477024
vt 0.559882 0.461094
vt 0.558380 0.460827
vt 0.556653 0.459702
vt 0.555484 0.458010
vt 0.555053 0.455995
vt 0.555421 0.453969
vt 0.556546 0.452233
vt 0.558245 0.451064
vt 0.559900 0.450374
vt 0.559963 0.448426
vt 0.556294 0.439498
vt 0.556294 0.437149
vt 0.554855 0.437149
vt 0.554846 0.426563
vt 0.554504 0.425071
vt 0.554486 0.423579
vt 0.554729 0.422099
vt 0.555151 0.420618
vt 0.555700 0.419160
vt 0.556294 0.417702
vt 0.556878 0.416254
vt 0.557382 0.414818
vt 0.557724 0.413393
vt 0.557859 0.411991
vt 0.557796 0.410766
vt 0.557634 0.409820
vt 0.557391 0.409141
vt 0.557094 0.408673
vt 0.556770 0.408373
vt 0.556483 0.408239
vt 0.555691 0.408239
vt 0.555592 0.315098
vt 0.593124 0.315054
vt 0.593286 0.465558
vt 0.593295 0.476990
vt 0.559568 0.477024
vt 0.559882 0.461094
vt 0.558380 0.460827
vt 0.556653 0.459702
vt 0.555484 0.458010
vt 0.732658 0.788774
vt 0.685160 0.789843
vt 0.685583 0.808834
vt 0.666255 0.809268
vt 0.664852 0.746172
vt 0.684117 0.745738
vt 0.684558 0.765564
vt 0.732082 0.764495
vt 0.731642 0.744847
vt 0.750907 0.744413
vt 0.752328 0.807921
vt 0.733090 0.808355
vt 0.732658 0.788774
vt 0.685160 0.789843
vt 0.685583 0.808834
vt 0.666255 0.809268
vt 0.664852 0.746172
vt 0.684117 0.745738
vt 0.684558 0.765564
vt 0.732082 0.764495
vt 0.731642 0.744847
vt 0.750907 0.744413
vt 0.752328 0.807921
vt 0.733090 0.808355
vt 0.229702 0.350175
vt 0.229513 0.370992
vt 0.227193 0.370970
vt 0.153469 0.370168
vt 0.153747 0.348071
vt 0.153774 0.341559
vt 0.155079 0.220321
vt 0.155375 0.190131
vt 0.155528 0.178888
vt 0.231573 0.179712
vt 0.231366 0.199003
vt 0.231051 0.228514
vt 0.230035 0.322802
vt 0.229756 0.342104
vt 0.229702 0.350175
vt 0.229513 0.370992
vt 0.227193 0.370970
vt 0.153469 0.370168
vt 0.153747 0.348071
vt 0.153774 0.341559
vt 0.155079 0.220321
vt 0.155375 0.190131
vt 0.155528 0.178888
vt 0.231573 0.179712
vt 0.231366 0.199003
vt 0.231051 0.228514
vt 0.230035 0.322802
vt 0.229756 0.342104
vt 0.438921 0.773879
vt 0.435594 0.775082
vt 0.435720 0.772633
vt 0.432590 0.773723
vt 0.433453 0.768402
vt 0.436124 0.767356
vt 0.437051 0.766989
vt 0.444237 0.726079
vt 0.441925 0.726847
vt 0.437932 0.728183
vt 0.437374 0.731411
vt 0.434029 0.732669
vt 0.429595 0.734328
vt 0.428857 0.739381
vt 0.396038 0.747419
vt 0.385623 0.772321
vt 0.376575 0.792024
vt 0.303120 0.820099
vt 0.293524 0.797468
vt 0.307959 0.785156
vt 0.344772 0.785089
vt 0.344781 0.783097
vt 0.361051 0.777720
vt 0.373346 0.744035
vt 0.366025 0.744023
vt 0.373616 0.723107
vt 0.399833 0.713566
vt 0.402136 0.719722
vt 0.418037 0.714201
vt 0.435540 0.707878
vt 0.441638 0.705674
vt 0.442897 0.706420
vt 0.444705 0.705830
vt 0.448158 0.704238
vt 0.472559 0.704427
vt 0.472253 0.713355
vt 0.472451 0.761790
vt 0.438921 0.773879
vt 0.435594 0.775082
vt 0.435720 0.772633
vt 0.432590 0.773723
vt 0.433453 0.768402
vt 0.436124 0.767356
vt 0.437051 0.766989
vt 0.444237 0.726079
vt 0.441925 0.726847
vt 0.437932 0.728183
vt 0.437374 0.731411
vt 0.434029 0.732669
vt 0.429595 0.734328
vt 0.428857 0.739381
vt 0.396038 0.747419
vt 0.385623 0.772321
vt 0.376575 0.792024
vt 0.303120 0.820099
vt 0.293524 0.797468
vt 0.307959 0.785156
vt 0.344772 0.785089
vt 0.344781 0.783097
vt 0.361051 0.777720
vt 0.373346 0.744035
vt 0.366025 0.744023
vt 0.373616 0.723107
vt 0.399833 0.713566
vt 0.402136 0.719722
vt 0.418037 0.714201
vt 0.435540 0.707878
vt 0.441638 0.705674
vt 0.442897 0.706420
vt 0.444705 0.705830
vt 0.448158 0.704238
vt 0.472559 0.704427
vt 0.472253 0.713355
vt 0.472451 0.761790
vt 0.318212 0.968009
vt 0.318096 0.970915
vt 0.316836 0.970881
vt 0.312645 0.970759
vt 0.307294 0.970614
vt 0.306709 0.997209
vt 0.305876 1.000000
vt 0.289342 1.000000
vt 0.289342 0.980466
vt 0.278612 0.980577
vt 0.277982 0.967308
vt 0.285672 0.964347
vt 0.281004 0.961764
vt 0.288658 0.958536
vt 0.290277 0.945233
vt 0.292355 0.928224
vt 0.285267 0.906494
vt 0.307483 0.890086
vt 0.307177 0.919474
vt 0.312168 0.917315
vt 0.315982 0.915667
vt 0.318608 0.914532
vt 0.318653 0.910413
vt 0.336488 0.903589
vt 0.378733 0.888783
vt 0.377654 0.861833
vt 0.407658 0.850300
vt 0.411643 0.848686
vt 0.416634 0.846538
vt 0.418397 0.845725
vt 0.417543 0.857191
vt 0.428093 0.847662
vt 0.433831 0.842263
vt 0.435729 0.840471
vt 0.434613 0.837254
vt 0.475563 0.817951
vt 0.472514 0.855332
vt 0.479673 0.853974
vt 0.480690 0.867866
vt 0.474322 0.895652
vt 0.482201 0.906539
vt 0.467846 0.929003
vt 0.479476 0.954384
vt 0.477407 0.979219
vt 0.472631 0.982036
vt 0.467217 0.979342
vt 0.461389 0.976470
vt 0.456523 0.980900
vt 0.454211 0.979141
vt 0.450110 0.977305
vt 0.445919 0.976781
vt 0.443221 0.977438
vt 0.442375 0.974677
vt 0.430368 0.978507
vt 0.421959 0.981691
vt 0.405608 0.987891
vt 0.397810 0.990852
vt 0.392350 0.992923
vt 0.396119 0.976269
vt 0.318212 0.968009
vt 0.318096 0.970915
vt 0.316836 0.970881
vt 0.312645 0.970759
vt 0.307294 0.970614
vt 0.306709 0.997209
vt 0.305876 1.000000
vt 0.289342 1.000000
vt 0.289342 0.980466
vt 0.278612 0.980577
vt 0.277982 0.967308
vt 0.285672 0.964347
vt 0.281004 0.961764
vt 0.288658 0.958536
vt 0.290277 0.945233
vt 0.292355 0.928224
vt 0.285267 0.906494
vt 0.307483 0.890086
vt 0.307177 0.919474
vt 0.312168 0.917315
vt 0.315982 0.915667
vt 0.318608 0.914532
vt 0.318653 0.910413
vt 0.336488 0.903589
vt 0.378733 0.888783
vt 0.377654 0.861833
vt 0.407658 0.850300
vt 0.411643 0.848686
vt 0.416634 0.846538
vt 0.418397 0.845725
vt 0.417543 0.857191
vt 0.428093 0.847662
vt 0.433831 0.842263
vt 0.435729 0.840471
vt 0.434613 0.837254
vt 0.475563 0.817951
vt 0.472514 0.855332
vt 0.479673 0.853974
vt 0.480690 0.867866
vt 0.474322 0.895652
vt 0.482201 0.906539
vt 0.467846 0.929003
vt 0.479476 0.954384
vt 0.477407 0.979219
vt 0.472631 0.982036
vt 0.467217 0.979342
vt 0.461389 0.976470
vt 0.456523 0.980900
vt 0.454211 0.979141
vt 0.450110 0.977305
vt 0.445919 0.976781
vt 0.443221 0.977438
vt 0.442375 0.974677
vt 0.430368 0.978507
vt 0.421959 0.981691
vt 0.405608 0.987891
vt 0.397810 0.990852
vt 0.392350 0.992923
vt 0.396119 0.976269
vt 0.377654 0.861833
vt 0.407658 0.850300
vt 0.405473 0.890743
vt 0.379174 0.899960
vt 0.378733 0.888783
vt 0.377654 0.861833
vt 0.407658 0.850300
vt 0.405473 0.890743
vt 0.379174 0.899960
vt 0.378733 0.888783
vt 0.319885 0.860675
vt 0.350366 0.849421
vt 0.350177 0.889852
vt 0.320533 0.901329
vt 0.319885 0.860675
vt 0.350366 0.849421
vt 0.350177 0.889852
vt 0.320533 0.901329
vt 0.090609 0.688586
vt 0.094801 0.673814
vt 0.099504 0.671198
vt 0.105548 0.671143
vt 0.143476 0.670753
vt 0.149313 0.673002
vt 0.155142 0.677031
vt 0.158280 0.682419
vt 0.159180 0.689599
vt 0.158757 0.757037
vt 0.158730 0.761378
vt 0.206291 0.762480
vt 0.236358 0.761378
vt 0.273980 0.808199
vt 0.266641 0.808233
vt 0.259382 0.809257
vt 0.253698 0.810759
vt 0.247052 0.813409
vt 0.243742 0.815134
vt 0.240549 0.817082
vt 0.237437 0.819287
vt 0.234487 0.821702
vt 0.230637 0.825443
vt 0.229639 0.826545
vt 0.228029 0.828448
vt 0.225727 0.831521
vt 0.223649 0.834749
vt 0.220933 0.839914
vt 0.218873 0.845079
vt 0.217335 0.850523
vt 0.216913 0.852549
vt 0.216139 0.858315
vt 0.215977 0.864004
vt 0.216310 0.868879
vt 0.217623 0.876071
vt 0.219296 0.881492
vt 0.221275 0.886178
vt 0.223029 0.889551
vt 0.225079 0.892902
vt 0.226096 0.894260
vt 0.227463 0.896086
vt 0.228686 0.897722
vt 0.232544 0.901874
vt 0.234460 0.903644
vt 0.237725 0.906305
vt 0.238408 0.906784
vt 0.240810 0.908465
vt 0.244614 0.910724
vt 0.249372 0.912995
vt 0.251899 0.913886
vt 0.255686 0.915211
vt 0.259221 0.915990
vt 0.262225 0.916635
vt 0.266776 0.917036
vt 0.269411 0.917270
vt 0.276615 0.916936
vt 0.277982 0.967308
vt 0.278612 0.980577
vt 0.289342 0.980466
vt 0.289342 1.000000
vt 0.176663 1.000000
vt 0.168147 0.970002
vt 0.160925 0.968455
vt 0.160043 0.964336
vt 0.157255 0.959048
vt 0.153873 0.953749
vt 0.149313 0.948462
vt 0.145635 0.943909
vt 0.143323 0.941437
vt 0.140976 0.939935
vt 0.137153 0.936996
vt 0.133178 0.934502
vt 0.128771 0.932298
vt 0.125245 0.931118
vt 0.122448 0.929938
vt 0.119507 0.929059
vt 0.112303 0.928469
vt 0.114506 0.916713
vt 0.110099 0.916413
vt 0.103777 0.916858
vt 0.099217 0.917003
vt 0.095394 0.917448
vt 0.088927 0.919652
vt 0.081103 0.899659
vt 0.045549 0.898769
vt 0.000000 0.898291
vt 0.000000 0.622124
vt 0.087398 0.622362
vt 0.087093 0.689444
vt 0.090609 0.688586
vt 0.094801 0.673814
vt 0.099504 0.671198
vt 0.105548 0.671143
vt 0.143476 0.670753
vt 0.149313 0.673002
vt 0.155142 0.677031
vt 0.158280 0.682419
vt 0.159180 0.689599
vt 0.158757 0.757037
vt 0.158730 0.761378
vt 0.206291 0.762480
vt 0.236358 0.761378
vt 0.273980 0.808199
vt 0.266641 0.808233
vt 0.259382 0.809257
vt 0.253698 0.810759
vt 0.247052 0.813409
vt 0.243742 0.815134
vt 0.240549 0.817082
vt 0.237437 0.819287
vt 0.234487 0.821702
vt 0.230637 0.825443
vt 0.229639 0.826545
vt 0.228029 0.828448
vt 0.225727 0.831521
vt 0.223649 0.834749
vt 0.220933 0.839914
vt 0.218873 0.845079
vt 0.217335 0.850523
vt 0.216913 0.852549
vt 0.216139 0.858315
vt 0.215977 0.864004
vt 0.216310 0.868879
vt 0.217623 0.876071
vt 0.219296 0.881492
vt 0.221275 0.886178
vt 0.223029 0.889551
vt 0.225079 0.892902
vt 0.226096 0.894260
vt 0.227463 0.896086
vt 0.228686 0.897722
vt 0.232544 0.901874
vt 0.234460 0.903644
vt 0.237725 0.906305
vt 0.238408 0.906784
vt 0.240810 0.908465
vt 0.244614 0.910724
vt 0.249372 0.912995
vt 0.251899 0.913886
vt 0.255686 0.915211
vt 0.259221 0.915990
vt 0.262225 0.916635
vt 0.266776 0.917036
vt 0.269411 0.917270
vt 0.276615 0.916936
vt 0.277982 0.967308
vt 0.278612 0.980577
vt 0.289342 0.980466
vt 0.289342 1.000000
vt 0.176663 1.000000
vt 0.168147 0.970002
vt 0.160925 0.968455
vt 0.160043 0.964336
vt 0.157255 0.959048
vt 0.153873 0.953749
vt 0.149313 0.948462
vt 0.145635 0.943909
vt 0.143323 0.941437
vt 0.140976 0.939935
vt 0.137153 0.936996
vt 0.133178 0.934502
vt 0.128771 0.932298
vt 0.125245 0.931118
vt 0.122448 0.929938
vt 0.119507 0.929059
vt 0.112303 0.928469
vt 0.114506 0.916713
vt 0.110099 0.916413
vt 0.103777 0.916858
vt 0.099217 0.917003
vt 0.095394 0.917448
vt 0.088927 0.919652
vt 0.081103 0.899659
vt 0.045549 0.898769
vt 0.000000 0.898291
vt 0.000000 0.622124
vt 0.087398 0.622362
vt 0.087093 0.689444
vt 0.418037 0.714201
vt 0.402136 0.719722
vt 0.399833 0.713566
vt 0.373616 0.723107
vt 0.366025 0.744023
vt 0.373346 0.744035
vt 0.361051 0.777720
vt 0.344781 0.783097
vt 0.344772 0.785089
vt 0.307959 0.785156
vt 0.307824 0.656905
vt 0.316099 0.648901
vt 0.405697 0.648834
vt 0.418289 0.648723
vt 0.418037 0.714201
vt 0.402136 0.719722
vt 0.399833 0.713566
vt 0.373616 0.723107
vt 0.366025 0.744023
vt 0.373346 0.744035
vt 0.361051 0.777720
vt 0.344781 0.783097
vt 0.344772 0.785089
vt 0.307959 0.785156
vt 0.307824 0.656905
vt 0.316099 0.648901
vt 0.405697 0.648834
vt 0.418289 0.648723
vt 0.435540 0.707878
vt 0.441638 0.705674
vt 0.437932 0.728183
vt 0.437374 0.731411
vt 0.434029 0.732669
vt 0.429595 0.734328
vt 0.428857 0.739381
vt 0.396038 0.747419
vt 0.385623 0.772321
vt 0.359405 0.782239
vt 0.361051 0.777720
vt 0.373346 0.744035
vt 0.366025 0.744023
vt 0.373616 0.723107
vt 0.399833 0.713566
vt 0.402136 0.719722
vt 0.418037 0.714201
vt 0.435540 0.707878
vt 0.441638 0.705674
vt 0.437932 0.728183
vt 0.437374 0.731411
vt 0.434029 0.732669
vt 0.429595 0.734328
vt 0.428857 0.739381
vt 0.396038 0.747419
vt 0.385623 0.772321
vt 0.359405 0.782239
vt 0.361051 0.777720
vt 0.373346 0.744035
vt 0.366025 0.744023
vt 0.373616 0.723107
vt 0.399833 0.713566
vt 0.402136 0.719722
vt 0.418037 0.714201
vt 0.715857 0.507915
vt 0.722531 0.507826
vt 0.723385 0.549482
vt 0.615951 0.551830
vt 0.615537 0.511165
vt 0.621896 0.511945
vt 0.715893 0.511032
vt 0.715857 0.507915
vt 0.722531 0.507826
vt 0.723385 0.549482
vt 0.615951 0.551830
vt 0.615537 0.511165
vt 0.621896 0.511945
vt 0.715893 0.511032
vt 0.950440 0.831064
vt 0.975362 0.831331
vt 0.974499 0.910457
vt 0.949576 0.910190
vt 0.949612 0.906806
vt 0.950053 0.866686
vt 0.950440 0.831064
vt 0.975362 0.831331
vt 0.974499 0.910457
vt 0.949576 0.910190
vt 0.949612 0.906806
vt 0.950053 0.866686
vt 0.830189 0.775950
vt 0.819603 0.775972
vt 0.819558 0.784221
vt 0.821825 0.784110
vt 0.823291 0.782573
vt 0.824505 0.784110
vt 0.827185 0.784110
vt 0.827212 0.786503
vt 0.828849 0.788028
vt 0.827248 0.789754
vt 0.827284 0.808722
vt 0.787000 0.808934
vt 0.778851 0.800574
vt 0.779022 0.775972
vt 0.776414 0.776006
vt 0.776432 0.711808
vt 0.801975 0.711596
vt 0.802092 0.688408
vt 0.830207 0.688375
vt 0.830189 0.775950
vt 0.819603 0.775972
vt 0.819558 0.784221
vt 0.821825 0.784110
vt 0.823291 0.782573
vt 0.824505 0.784110
vt 0.827185 0.784110
vt 0.827212 0.786503
vt 0.828849 0.788028
vt 0.827248 0.789754
vt 0.827284 0.808722
vt 0.787000 0.808934
vt 0.778851 0.800574
vt 0.779022 0.775972
vt 0.776414 0.776006
vt 0.776432 0.711808
vt 0.801975 0.711596
vt 0.802092 0.688408
vt 0.830207 0.688375
vt 0.798521 0.627038
vt 0.828912 0.627038
vt 0.828912 0.663217
vt 0.798521 0.663217
vt 0.798521 0.627038
vt 0.828912 0.627038
vt 0.828912 0.663217
vt 0.798521 0.663217
vt 0.784401 0.636544
vt 0.792855 0.636600
vt 0.792666 0.664552
vt 0.784212 0.664497
vt 0.784401 0.636544
vt 0.792855 0.636600
vt 0.792666 0.664552
vt 0.784212 0.664497
vt 0.577870 0.620648
vt 0.577852 0.622040
vt 0.559073 0.622474
vt 0.556959 0.622073
vt 0.555053 0.621015
vt 0.553461 0.617932
vt 0.553380 0.615783
vt 0.553083 0.599041
vt 0.616985 0.597616
vt 0.617345 0.615783
vt 0.614062 0.619724
vt 0.577870 0.620648
vt 0.577852 0.622040
vt 0.559073 0.622474
vt 0.556959 0.622073
vt 0.555053 0.621015
vt 0.553461 0.617932
vt 0.553380 0.615783
vt 0.553083 0.599041
vt 0.616985 0.597616
vt 0.617345 0.615783
vt 0.614062 0.619724
vt 0.348504 0.016372
vt 0.348109 0.014714
vt 0.348307 0.013022
vt 0.349062 0.011486
vt 0.350294 0.010306
vt 0.351850 0.009604
vt 0.353550 0.009482
vt 0.355070 0.009871
vt 0.356392 0.010729
vt 0.357390 0.011953
vt 0.357939 0.013423
vt 0.358011 0.014992
vt 0.357588 0.016517
vt 0.356707 0.017820
vt 0.355466 0.018788
vt 0.353982 0.019311
vt 0.352408 0.019356
vt 0.350780 0.018833
vt 0.349431 0.017808
vt 0.348504 0.016372
vt 0.348109 0.014714
vt 0.348307 0.013022
vt 0.349062 0.011486
vt 0.350294 0.010306
vt 0.351850 0.009604
vt 0.353550 0.009482
vt 0.355070 0.009871
vt 0.356392 0.010729
vt 0.357390 0.011953
vt 0.357939 0.013423
vt 0.358011 0.014992
vt 0.357588 0.016517
vt 0.356707 0.017820
vt 0.355466 0.018788
vt 0.353982 0.019311
vt 0.352408 0.019356
vt 0.350780 0.018833
vt 0.349431 0.017808
vt 0.310406 0.000643
vt 0.308283 0.002780
vt 0.305486 0.000000
vt 0.311044 0.000000
vt 0.310406 0.000643
vt 0.308283 0.002780
vt 0.305486 0.000000
vt 0.311044 0.000000
vt 0.407469 0.022885
vt 0.405626 0.023608
vt 0.402792 0.023519
vt 0.401012 0.022707
vt 0.399312 0.020937
vt 0.398457 0.018643
vt 0.398592 0.016194
vt 0.399689 0.014001
vt 0.401173 0.012766
vt 0.401578 0.012432
vt 0.403926 0.011753
vt 0.405617 0.011864
vt 0.407190 0.012432
vt 0.408558 0.013423
vt 0.409475 0.014547
vt 0.410230 0.016361
vt 0.410374 0.018265
vt 0.409898 0.020135
vt 0.408881 0.021727
vt 0.407469 0.022885
vt 0.405626 0.023608
vt 0.402792 0.023519
vt 0.401012 0.022707
vt 0.399312 0.020937
vt 0.398457 0.018643
vt 0.398592 0.016194
vt 0.399689 0.014001
vt 0.401173 0.012766
vt 0.401578 0.012432
vt 0.403926 0.011753
vt 0.405617 0.011864
vt 0.407190 0.012432
vt 0.408558 0.013423
vt 0.409475 0.014547
vt 0.410230 0.016361
vt 0.410374 0.018265
vt 0.409898 0.020135
vt 0.408881 0.021727
vt 0.334914 0.009014
vt 0.333394 0.007044
vt 0.332603 0.004684
vt 0.332612 0.002202
vt 0.333384 0.000000
vt 0.346663 0.000000
vt 0.347236 0.001066
vt 0.347632 0.003526
vt 0.347209 0.005975
vt 0.346013 0.008157
vt 0.344169 0.009838
vt 0.341885 0.010829
vt 0.339402 0.011018
vt 0.339151 0.010951
vt 0.336992 0.010395
vt 0.334914 0.009014
vt 0.333394 0.007044
vt 0.332603 0.004684
vt 0.332612 0.002202
vt 0.333384 0.000000
vt 0.346663 0.000000
vt 0.347236 0.001066
vt 0.347632 0.003526
vt 0.347209 0.005975
vt 0.346013 0.008157
vt 0.344169 0.009838
vt 0.341885 0.010829
vt 0.339402 0.011018
vt 0.339151 0.010951
vt 0.336992 0.010395
vt 0.374605 0.045282
vt 0.373616 0.043267
vt 0.373373 0.041052
vt 0.374074 0.038492
vt 0.375729 0.036443
vt 0.378059 0.035219
vt 0.380676 0.035007
vt 0.383167 0.035865
vt 0.385110 0.037634
vt 0.386108 0.039672
vt 0.386351 0.041842
vt 0.385839 0.044002
vt 0.384615 0.045883
vt 0.382817 0.047252
vt 0.380631 0.047909
vt 0.378338 0.047776
vt 0.376242 0.046863
vt 0.374605 0.045282
vt 0.373616 0.043267
vt 0.373373 0.041052
vt 0.374074 0.038492
vt 0.375729 0.036443
vt 0.378059 0.035219
vt 0.380676 0.035007
vt 0.383167 0.035865
vt 0.385110 0.037634
vt 0.386108 0.039672
vt 0.386351 0.041842
vt 0.385839 0.044002
vt 0.384615 0.045883
vt 0.382817 0.047252
vt 0.380631 0.047909
vt 0.378338 0.047776
vt 0.376242 0.046863
vt 0.207262 0.012053
vt 0.197602 0.012053
vt 0.197692 0.000265
vt 0.197695 0.000000
vt 0.210996 0.000000
vt 0.211174 0.009593
vt 0.216481 0.015137
vt 0.228110 0.015014
vt 0.228038 0.010072
vt 0.227984 0.006209
vt 0.299613 0.006443
vt 0.299631 0.005296
vt 0.305153 0.005318
vt 0.305108 0.008981
vt 0.305081 0.010918
vt 0.303363 0.010884
vt 0.303327 0.013923
vt 0.307177 0.013935
vt 0.307177 0.023586
vt 0.307168 0.024577
vt 0.303696 0.024577
vt 0.303678 0.028050
vt 0.303696 0.028796
vt 0.213531 0.029252
vt 0.213153 0.018354
vt 0.207262 0.012053
vt 0.197602 0.012053
vt 0.197692 0.000265
vt 0.197695 0.000000
vt 0.210996 0.000000
vt 0.211174 0.009593
vt 0.216481 0.015137
vt 0.228110 0.015014
vt 0.228038 0.010072
vt 0.227984 0.006209
vt 0.299613 0.006443
vt 0.299631 0.005296
vt 0.305153 0.005318
vt 0.305108 0.008981
vt 0.305081 0.010918
vt 0.303363 0.010884
vt 0.303327 0.013923
vt 0.307177 0.013935
vt 0.307177 0.023586
vt 0.307168 0.024577
vt 0.303696 0.024577
vt 0.303678 0.028050
vt 0.303696 0.028796
vt 0.213531 0.029252
vt 0.213153 0.018354
vt 0.456307 0.066054
vt 0.457143 0.063138
vt 0.457971 0.060232
vt 0.458493 0.058429
vt 0.464833 0.054922
vt 0.466965 0.053742
vt 0.476247 0.056503
vt 0.480780 0.064919
vt 0.479458 0.069405
vt 0.478064 0.074092
vt 0.469663 0.078678
vt 0.460480 0.075995
vt 0.455857 0.067624
vt 0.456307 0.066054
vt 0.457143 0.063138
vt 0.457971 0.060232
vt 0.458493 0.058429
vt 0.464833 0.054922
vt 0.466965 0.053742
vt 0.476247 0.056503
vt 0.480780 0.064919
vt 0.479458 0.069405
vt 0.478064 0.074092
vt 0.469663 0.078678
vt 0.460480 0.075995
vt 0.455857 0.067624
vt 0.464833 0.054922
vt 0.453852 0.033594
vt 0.450839 0.035531
vt 0.447223 0.028651
vt 0.453708 0.025111
vt 0.461092 0.020881
vt 0.469177 0.016350
vt 0.473036 0.023341
vt 0.470383 0.024911
vt 0.489090 0.060388
vt 0.480780 0.064919
vt 0.476247 0.056503
vt 0.466965 0.053742
vt 0.464833 0.054922
vt 0.453852 0.033594
vt 0.450839 0.035531
vt 0.447223 0.028651
vt 0.453708 0.025111
vt 0.461092 0.020881
vt 0.469177 0.016350
vt 0.473036 0.023341
vt 0.470383 0.024911
vt 0.489090 0.060388
vt 0.480780 0.064919
vt 0.476247 0.056503
vt 0.466965 0.053742
vt 0.192483 0.000000
vt 0.192485 0.000298
vt 0.197692 0.000265
vt 0.197602 0.012053
vt 0.197557 0.018643
vt 0.190893 0.018655
vt 0.190794 0.003471
vt 0.188069 0.001845
vt 0.184957 0.001868
vt 0.185110 0.026135
vt 0.137297 0.026436
vt 0.137171 0.007422
vt 0.127152 0.007489
vt 0.127104 0.000000
vt 0.192483 0.000000
vt 0.192485 0.000298
vt 0.197692 0.000265
vt 0.197602 0.012053
vt 0.197557 0.018643
vt 0.190893 0.018655
vt 0.190794 0.003471
vt 0.188069 0.001845
vt 0.184957 0.001868
vt 0.185110 0.026135
vt 0.137297 0.026436
vt 0.137171 0.007422
vt 0.127152 0.007489
vt 0.127104 0.000000
vt 0.300062 0.626693
vt 0.287525 0.628741
vt 0.287444 0.634808
vt 0.292148 0.642890
vt 0.290592 0.643892
vt 0.295727 0.652508
vt 0.283289 0.659688
vt 0.277991 0.662627
vt 0.291257 0.685425
vt 0.247573 0.709770
vt 0.241754 0.699941
vt 0.235099 0.688709
vt 0.207082 0.640986
vt 0.226491 0.630233
vt 0.215501 0.611731
vt 0.219791 0.609160
vt 0.219998 0.606889
vt 0.216571 0.601123
vt 0.179317 0.601245
vt 0.169928 0.610863
vt 0.155375 0.596058
vt 0.143242 0.595924
vt 0.143242 0.588287
vt 0.143440 0.571679
vt 0.146282 0.571723
vt 0.146264 0.564499
vt 0.151625 0.564554
vt 0.151607 0.562317
vt 0.151589 0.559990
vt 0.175837 0.559990
vt 0.175747 0.547322
vt 0.175657 0.533585
vt 0.197980 0.533941
vt 0.198052 0.546832
vt 0.198142 0.562283
vt 0.198151 0.564198
vt 0.218972 0.564276
vt 0.238121 0.554402
vt 0.274717 0.491028
vt 0.277335 0.486408
vt 0.270355 0.483369
vt 0.273602 0.478037
vt 0.277460 0.473127
vt 0.281868 0.468719
vt 0.286769 0.464845
vt 0.292507 0.461372
vt 0.298641 0.458645
vt 0.305072 0.456719
vt 0.304011 0.453658
vt 0.303201 0.451309
vt 0.308157 0.449461
vt 0.313230 0.447958
vt 0.318977 0.446700
vt 0.324805 0.445899
vt 0.329419 0.445576
vt 0.334042 0.445543
vt 0.339241 0.445832
vt 0.344394 0.446478
vt 0.349907 0.447569
vt 0.355322 0.449060
vt 0.360754 0.450997
vt 0.366016 0.453346
vt 0.372851 0.457142
vt 0.379255 0.461628
vt 0.380055 0.462307
vt 0.384597 0.466192
vt 0.390426 0.472315
vt 0.393358 0.475966
vt 0.397459 0.482011
vt 0.400967 0.488412
vt 0.403845 0.495124
vt 0.417974 0.495291
vt 0.427076 0.495859
vt 0.432410 0.496916
vt 0.437554 0.498686
vt 0.442402 0.501158
vt 0.446315 0.503829
vt 0.449849 0.506735
vt 0.449427 0.507169
vt 0.452790 0.510408
vt 0.464276 0.522197
vt 0.467747 0.525570
vt 0.468134 0.525203
vt 0.471354 0.529066
vt 0.474106 0.533273
vt 0.476382 0.537760
vt 0.478091 0.542379
vt 0.479296 0.547144
vt 0.479961 0.552020
vt 0.480348 0.563185
vt 0.478972 0.623999
vt 0.483235 0.623988
vt 0.483163 0.630656
vt 0.463133 0.630711
vt 0.463403 0.625145
vt 0.461838 0.625112
vt 0.461694 0.626737
vt 0.453123 0.626882
vt 0.453204 0.628596
vt 0.442798 0.628251
vt 0.442789 0.625657
vt 0.428902 0.625357
vt 0.428866 0.627639
vt 0.300062 0.626693
vt 0.287525 0.628741
vt 0.287444 0.634808
vt 0.292148 0.642890
vt 0.290592 0.643892
vt 0.295727 0.652508
vt 0.283289 0.659688
vt 0.277991 0.662627
vt 0.291257 0.685425
vt 0.247573 0.709770
vt 0.241754 0.699941
vt 0.235099 0.688709
vt 0.207082 0.640986
vt 0.226491 0.630233
vt 0.215501 0.611731
vt 0.219791 0.609160
vt 0.219998 0.606889
vt 0.216571 0.601123
vt 0.179317 0.601245
vt 0.169928 0.610863
vt 0.155375 0.596058
vt 0.143242 0.595924
vt 0.143242 0.588287
vt 0.143440 0.571679
vt 0.146282 0.571723
vt 0.146264 0.564499
vt 0.151625 0.564554
vt 0.151607 0.562317
vt 0.151589 0.559990
vt 0.175837 0.559990
vt 0.175747 0.547322
vt 0.175657 0.533585
vt 0.197980 0.533941
vt 0.198052 0.546832
vt 0.198142 0.562283
vt 0.198151 0.564198
vt 0.218972 0.564276
vt 0.238121 0.554402
vt 0.274717 0.491028
vt 0.277335 0.486408
vt 0.270355 0.483369
vt 0.273602 0.478037
vt 0.277460 0.473127
vt 0.281868 0.468719
vt 0.286769 0.464845
vt 0.292507 0.461372
vt 0.298641 0.458645
vt 0.305072 0.456719
vt 0.304011 0.453658
vt 0.303201 0.451309
vt 0.308157 0.449461
vt 0.313230 0.447958
vt 0.318977 0.446700
vt 0.324805 0.445899
vt 0.329419 0.445576
vt 0.334042 0.445543
vt 0.339241 0.445832
vt 0.344394 0.446478
vt 0.349907 0.447569
vt 0.355322 0.449060
vt 0.360754 0.450997
vt 0.366016 0.453346
vt 0.372851 0.457142
vt 0.379255 0.461628
vt 0.380055 0.462307
vt 0.384597 0.466192
vt 0.390426 0.472315
vt 0.393358 0.475966
vt 0.397459 0.482011
vt 0.400967 0.488412
vt 0.403845 0.495124
vt 0.417974 0.495291
vt 0.427076 0.495859
vt 0.432410 0.496916
vt 0.437554 0.498686
vt 0.442402 0.501158
vt 0.446315 0.503829
vt 0.449849 0.506735
vt 0.449427 0.507169
vt 0.452790 0.510408
vt 0.464276 0.522197
vt 0.467747 0.525570
vt 0.468134 0.525203
vt 0.471354 0.529066
vt 0.474106 0.533273
vt 0.476382 0.537760
vt 0.478091 0.542379
vt 0.479296 0.547144
vt 0.479961 0.552020
vt 0.480348 0.563185
vt 0.478972 0.623999
vt 0.483235 0.623988
vt 0.483163 0.630656
vt 0.463133 0.630711
vt 0.463403 0.625145
vt 0.461838 0.625112
vt 0.461694 0.626737
vt 0.453123 0.626882
vt 0.453204 0.628596
vt 0.442798 0.628251
vt 0.442789 0.625657
vt 0.428902 0.625357
vt 0.428866 0.627639
vt 0.208422 0.735953
vt 0.207568 0.734895
vt 0.207055 0.733081
vt 0.206327 0.730431
vt 0.204681 0.727671
vt 0.203628 0.726056
vt 0.203808 0.723418
vt 0.203350 0.720657
vt 0.202810 0.718542
vt 0.202279 0.716450
vt 0.202567 0.716138
vt 0.203440 0.714579
vt 0.204087 0.713466
vt 0.204348 0.709882
vt 0.205337 0.709347
vt 0.214484 0.704394
vt 0.217965 0.704783
vt 0.220384 0.705384
vt 0.221194 0.705874
vt 0.224135 0.708368
vt 0.226707 0.709949
vt 0.228749 0.710906
vt 0.229909 0.712464
vt 0.231582 0.713745
vt 0.233282 0.714758
vt 0.233938 0.715960
vt 0.234433 0.717073
vt 0.236241 0.718676
vt 0.236574 0.719856
vt 0.237419 0.721504
vt 0.238094 0.722505
vt 0.239461 0.723607
vt 0.240405 0.725700
vt 0.241331 0.727704
vt 0.242447 0.729507
vt 0.243679 0.731645
vt 0.245235 0.733103
vt 0.244857 0.735741
vt 0.244938 0.737623
vt 0.245190 0.739849
vt 0.245685 0.743656
vt 0.244929 0.744524
vt 0.244165 0.746094
vt 0.243688 0.747909
vt 0.243517 0.750191
vt 0.237041 0.754521
vt 0.235989 0.755189
vt 0.235314 0.754543
vt 0.234451 0.754387
vt 0.232760 0.754276
vt 0.230521 0.754421
vt 0.228749 0.754532
vt 0.227526 0.753931
vt 0.226239 0.752729
vt 0.224504 0.751538
vt 0.224090 0.751337
vt 0.222300 0.750469
vt 0.220555 0.749857
vt 0.219161 0.748799
vt 0.218190 0.747218
vt 0.216724 0.745582
vt 0.214943 0.744346
vt 0.213441 0.743567
vt 0.212497 0.742075
vt 0.211372 0.739237
vt 0.209816 0.737456
vt 0.208422 0.735953
vt 0.207568 0.734895
vt 0.207055 0.733081
vt 0.206327 0.730431
vt 0.204681 0.727671
vt 0.203628 0.726056
vt 0.203808 0.723418
vt 0.203350 0.720657
vt 0.202810 0.718542
vt 0.202279 0.716450
vt 0.202567 0.716138
vt 0.203440 0.714579
vt 0.204087 0.713466
vt 0.204348 0.709882
vt 0.205337 0.709347
vt 0.214484 0.704394
vt 0.217965 0.704783
vt 0.220384 0.705384
vt 0.221194 0.705874
vt 0.224135 0.708368
vt 0.226707 0.709949
vt 0.228749 0.710906
vt 0.229909 0.712464
vt 0.231582 0.713745
vt 0.233282 0.714758
vt 0.233938 0.715960
vt 0.234433 0.717073
vt 0.236241 0.718676
vt 0.236574 0.719856
vt 0.237419 0.721504
vt 0.238094 0.722505
vt 0.239461 0.723607
vt 0.240405 0.725700
vt 0.241331 0.727704
vt 0.242447 0.729507
vt 0.243679 0.731645
vt 0.245235 0.733103
vt 0.244857 0.735741
vt 0.244938 0.737623
vt 0.245190 0.739849
vt 0.245685 0.743656
vt 0.244929 0.744524
vt 0.244165 0.746094
vt 0.243688 0.747909
vt 0.243517 0.750191
vt 0.237041 0.754521
vt 0.235989 0.755189
vt 0.235314 0.754543
vt 0.234451 0.754387
vt 0.232760 0.754276
vt 0.230521 0.754421
vt 0.228749 0.754532
vt 0.227526 0.753931
vt 0.226239 0.752729
vt 0.224504 0.751538
vt 0.224090 0.751337
vt 0.222300 0.750469
vt 0.220555 0.749857
vt 0.219161 0.748799
vt 0.218190 0.747218
vt 0.216724 0.745582
vt 0.214943 0.744346
vt 0.213441 0.743567
vt 0.212497 0.742075
vt 0.211372 0.739237
vt 0.209816 0.737456
vt 0.832824 0.437895
vt 0.833202 0.336483
vt 0.827653 0.330449
vt 0.789158 0.329971
vt 0.784715 0.325618
vt 0.784472 0.312850
vt 0.788862 0.307818
vt 0.827167 0.308263
vt 0.833445 0.301751
vt 0.833625 0.251635
vt 0.833742 0.208833
vt 0.833751 0.204948
vt 0.837978 0.200039
vt 0.850759 0.199972
vt 0.855624 0.204413
vt 0.855444 0.251323
vt 0.855516 0.301740
vt 0.861911 0.308620
vt 0.930293 0.310300
vt 0.960000 0.310568
vt 0.964263 0.315210
vt 0.964155 0.327911
vt 0.958696 0.333600
vt 0.861785 0.330694
vt 0.855274 0.337084
vt 0.854149 0.433876
vt 0.854158 0.437694
vt 0.850372 0.441557
vt 0.836782 0.441502
vt 0.832824 0.437895
vt 0.833202 0.336483
vt 0.827653 0.330449
vt 0.789158 0.329971
vt 0.784715 0.325618
vt 0.784472 0.312850
vt 0.788862 0.307818
vt 0.827167 0.308263
vt 0.833445 0.301751
vt 0.833625 0.251635
vt 0.833742 0.208833
vt 0.833751 0.204948
vt 0.837978 0.200039
vt 0.850759 0.199972
vt 0.855624 0.204413
vt 0.855444 0.251323
vt 0.855516 0.301740
vt 0.861911 0.308620
vt 0.930293 0.310300
vt 0.960000 0.310568
vt 0.964263 0.315210
vt 0.964155 0.327911
vt 0.958696 0.333600
vt 0.861785 0.330694
vt 0.855274 0.337084
vt 0.854149 0.433876
vt 0.854158 0.437694
vt 0.850372 0.441557
vt 0.836782 0.441502
vt 0.733818 0.312749
vt 0.734061 0.325573
vt 0.738495 0.329837
vt 0.729717 0.329726
vt 0.727522 0.327956
vt 0.725454 0.326130
vt 0.725247 0.312237
vt 0.727963 0.309454
vt 0.729591 0.307774
vt 0.738225 0.307707
vt 0.733818 0.312749
vt 0.734061 0.325573
vt 0.738495 0.329837
vt 0.729717 0.329726
vt 0.727522 0.327956
vt 0.725454 0.326130
vt 0.725247 0.312237
vt 0.727963 0.309454
vt 0.729591 0.307774
vt 0.738225 0.307707
vt 0.725454 0.326130
vt 0.727522 0.327956
vt 0.723232 0.327243
vt 0.715056 0.327945
vt 0.608306 0.327956
vt 0.608198 0.310568
vt 0.727963 0.309454
vt 0.725247 0.312237
vt 0.725454 0.326130
vt 0.727522 0.327956
vt 0.723232 0.327243
vt 0.715056 0.327945
vt 0.608306 0.327956
vt 0.608198 0.310568
vt 0.727963 0.309454
vt 0.725247 0.312237
vt 0.613550 0.193159
vt 0.641548 0.193159
vt 0.661740 0.213074
vt 0.662028 0.241672
vt 0.641926 0.261398
vt 0.613496 0.261721
vt 0.594231 0.241650
vt 0.593394 0.213876
vt 0.613550 0.193159
vt 0.641548 0.193159
vt 0.661740 0.213074
vt 0.662028 0.241672
vt 0.641926 0.261398
vt 0.613496 0.261721
vt 0.594231 0.241650
vt 0.593394 0.213876
vt 0.617660 0.202888
vt 0.637564 0.202888
vt 0.652062 0.217182
vt 0.652260 0.237631
vt 0.637906 0.251724
vt 0.617597 0.251958
vt 0.603836 0.237620
vt 0.603243 0.217705
vt 0.617660 0.202888
vt 0.637564 0.202888
vt 0.652062 0.217182
vt 0.652260 0.237631
vt 0.637906 0.251724
vt 0.617597 0.251958
vt 0.603836 0.237620
vt 0.603243 0.217705
vt 0.598233 0.253015
vt 0.598116 0.292578
vt 0.593799 0.294315
vt 0.572852 0.295105
vt 0.571107 0.271561
vt 0.570297 0.265572
vt 0.567338 0.265806
vt 0.565890 0.255108
vt 0.565153 0.242540
vt 0.567644 0.242251
vt 0.563282 0.210080
vt 0.564874 0.201664
vt 0.567680 0.202365
vt 0.570621 0.202198
vt 0.573517 0.201063
vt 0.575892 0.199092
vt 0.577565 0.196398
vt 0.578275 0.193293
vt 0.577924 0.190087
vt 0.587458 0.185645
vt 0.588636 0.186324
vt 0.674970 0.186057
vt 0.674583 0.198369
vt 0.674709 0.215133
vt 0.666983 0.215378
vt 0.667091 0.243765
vt 0.644013 0.266418
vt 0.611373 0.266797
vt 0.598233 0.253015
vt 0.598116 0.292578
vt 0.593799 0.294315
vt 0.572852 0.295105
vt 0.571107 0.271561
vt 0.570297 0.265572
vt 0.567338 0.265806
vt 0.565890 0.255108
vt 0.565153 0.242540
vt 0.567644 0.242251
vt 0.563282 0.210080
vt 0.564874 0.201664
vt 0.567680 0.202365
vt 0.570621 0.202198
vt 0.573517 0.201063
vt 0.575892 0.199092
vt 0.577565 0.196398
vt 0.578275 0.193293
vt 0.577924 0.190087
vt 0.587458 0.185645
vt 0.588636 0.186324
vt 0.674970 0.186057
vt 0.674583 0.198369
vt 0.674709 0.215133
vt 0.666983 0.215378
vt 0.667091 0.243765
vt 0.644013 0.266418
vt 0.611373 0.266797
vt 0.652323 0.406158
vt 0.652530 0.349285
vt 0.709462 0.349496
vt 0.709255 0.406369
vt 0.652323 0.406158
vt 0.652530 0.349285
vt 0.709462 0.349496
vt 0.709255 0.406369
vt 0.750565 0.312738
vt 0.750808 0.325562
vt 0.755251 0.329815
vt 0.746931 0.329826
vt 0.742488 0.325562
vt 0.742245 0.312749
vt 0.746653 0.307696
vt 0.754972 0.307696
vt 0.750565 0.312738
vt 0.750808 0.325562
vt 0.755251 0.329815
vt 0.746931 0.329826
vt 0.742488 0.325562
vt 0.742245 0.312749
vt 0.746653 0.307696
vt 0.754972 0.307696
vt 0.767519 0.312861
vt 0.767762 0.325651
vt 0.772196 0.329904
vt 0.763678 0.329870
vt 0.759235 0.325607
vt 0.758992 0.312794
vt 0.763399 0.307751
vt 0.771926 0.307818
vt 0.767519 0.312861
vt 0.767762 0.325651
vt 0.772196 0.329904
vt 0.763678 0.329870
vt 0.759235 0.325607
vt 0.758992 0.312794
vt 0.763399 0.307751
vt 0.771926 0.307818
vt 0.621761 0.212606
vt 0.633579 0.212606
vt 0.642385 0.221289
vt 0.642502 0.233590
vt 0.633885 0.242050
vt 0.621689 0.242195
vt 0.613433 0.233590
vt 0.613073 0.221523
vt 0.621761 0.212606
vt 0.633579 0.212606
vt 0.642385 0.221289
vt 0.642502 0.233590
vt 0.633885 0.242050
vt 0.621689 0.242195
vt 0.613433 0.233590
vt 0.613073 0.221523
vt 0.784472 0.312850
vt 0.784715 0.325618
vt 0.789158 0.329971
vt 0.780848 0.329915
vt 0.776414 0.325573
vt 0.776171 0.312805
vt 0.780560 0.307774
vt 0.788862 0.307818
vt 0.784472 0.312850
vt 0.784715 0.325618
vt 0.789158 0.329971
vt 0.780848 0.329915
vt 0.776414 0.325573
vt 0.776171 0.312805
vt 0.780560 0.307774
vt 0.788862 0.307818
vt 0.615501 0.197779
vt 0.639659 0.197779
vt 0.657144 0.215022
vt 0.657387 0.239746
vt 0.640019 0.256800
vt 0.615447 0.257090
vt 0.598791 0.239735
vt 0.598071 0.215690
vt 0.615501 0.197779
vt 0.639659 0.197779
vt 0.657144 0.215022
vt 0.657387 0.239746
vt 0.640019 0.256800
vt 0.615447 0.257090
vt 0.598791 0.239735
vt 0.598071 0.215690
vt 0.619621 0.207530
vt 0.635657 0.207530
vt 0.647430 0.219152
vt 0.647592 0.235694
vt 0.635981 0.247093
vt 0.619558 0.247282
vt 0.608432 0.235694
vt 0.607946 0.219531
vt 0.619621 0.207530
vt 0.635657 0.207530
vt 0.647430 0.219152
vt 0.647592 0.235694
vt 0.635981 0.247093
vt 0.619558 0.247282
vt 0.608432 0.235694
vt 0.607946 0.219531
vt 0.776171 0.312805
vt 0.776414 0.325573
vt 0.780848 0.329915
vt 0.772196 0.329904
vt 0.767762 0.325651
vt 0.767519 0.312861
vt 0.771926 0.307818
vt 0.780560 0.307774
vt 0.776171 0.312805
vt 0.776414 0.325573
vt 0.780848 0.329915
vt 0.772196 0.329904
vt 0.767762 0.325651
vt 0.767519 0.312861
vt 0.771926 0.307818
vt 0.780560 0.307774
vt 0.742245 0.312749
vt 0.742488 0.325562
vt 0.746931 0.329826
vt 0.738495 0.329837
vt 0.734061 0.325573
vt 0.733818 0.312749
vt 0.738225 0.307707
vt 0.746653 0.307696
vt 0.742245 0.312749
vt 0.742488 0.325562
vt 0.746931 0.329826
vt 0.738495 0.329837
vt 0.734061 0.325573
vt 0.733818 0.312749
vt 0.738225 0.307707
vt 0.746653 0.307696
vt 0.758992 0.312794
vt 0.759235 0.325607
vt 0.763678 0.329870
vt 0.755251 0.329815
vt 0.750808 0.325562
vt 0.750565 0.312738
vt 0.754972 0.307696
vt 0.763399 0.307751
vt 0.758992 0.312794
vt 0.759235 0.325607
vt 0.763678 0.329870
vt 0.755251 0.329815
vt 0.750808 0.325562
vt 0.750565 0.312738
vt 0.754972 0.307696
vt 0.763399 0.307751
vt 0.955989 0.232021
vt 0.955845 0.236551
vt 0.955800 0.237520
vt 0.954235 0.244700
vt 0.950961 0.250956
vt 0.950431 0.251980
vt 0.945142 0.258359
vt 0.940303 0.262377
vt 0.933711 0.266140
vt 0.926713 0.268522
vt 0.918196 0.269591
vt 0.919932 0.271828
vt 0.917278 0.275090
vt 0.914661 0.278318
vt 0.900190 0.264069
vt 0.887373 0.251446
vt 0.889991 0.248385
vt 0.893040 0.244811
vt 0.894721 0.246615
vt 0.894685 0.245368
vt 0.895711 0.238833
vt 0.899389 0.229382
vt 0.903832 0.222904
vt 0.908482 0.218250
vt 0.913303 0.214777
vt 0.913699 0.214499
vt 0.920112 0.211404
vt 0.926578 0.209590
vt 0.928854 0.209378
vt 0.933801 0.208900
vt 0.934475 0.207931
vt 0.932245 0.205504
vt 0.937956 0.200194
vt 0.941095 0.203645
vt 0.944099 0.202499
vt 0.946923 0.201931
vt 0.949666 0.201909
vt 0.951393 0.202243
vt 0.952769 0.202510
vt 0.955638 0.203745
vt 0.957941 0.205504
vt 0.958885 0.206217
vt 0.960585 0.208287
vt 0.962510 0.212317
vt 0.963013 0.214677
vt 0.963022 0.218428
vt 0.962402 0.221167
vt 0.961646 0.223716
vt 0.964794 0.227178
vt 0.959128 0.232499
vt 0.957302 0.230585
vt 0.955989 0.232021
vt 0.955845 0.236551
vt 0.955800 0.237520
vt 0.954235 0.244700
vt 0.950961 0.250956
vt 0.950431 0.251980
vt 0.945142 0.258359
vt 0.940303 0.262377
vt 0.933711 0.266140
vt 0.926713 0.268522
vt 0.918196 0.269591
vt 0.919932 0.271828
vt 0.917278 0.275090
vt 0.914661 0.278318
vt 0.900190 0.264069
vt 0.887373 0.251446
vt 0.889991 0.248385
vt 0.893040 0.244811
vt 0.894721 0.246615
vt 0.894685 0.245368
vt 0.895711 0.238833
vt 0.899389 0.229382
vt 0.903832 0.222904
vt 0.908482 0.218250
vt 0.913303 0.214777
vt 0.913699 0.214499
vt 0.920112 0.211404
vt 0.926578 0.209590
vt 0.928854 0.209378
vt 0.933801 0.208900
vt 0.934475 0.207931
vt 0.932245 0.205504
vt 0.937956 0.200194
vt 0.941095 0.203645
vt 0.944099 0.202499
vt 0.946923 0.201931
vt 0.949666 0.201909
vt 0.951393 0.202243
vt 0.952769 0.202510
vt 0.955638 0.203745
vt 0.957941 0.205504
vt 0.958885 0.206217
vt 0.960585 0.208287
vt 0.962510 0.212317
vt 0.963013 0.214677
vt 0.963022 0.218428
vt 0.962402 0.221167
vt 0.961646 0.223716
vt 0.964794 0.227178
vt 0.959128 0.232499
vt 0.957302 0.230585
vt 0.616014 0.556350
vt 0.551932 0.557463
vt 0.551383 0.557641
vt 0.551743 0.548713
vt 0.555637 0.496560
vt 0.615223 0.495325
vt 0.615537 0.511165
vt 0.615951 0.551830
vt 0.616014 0.556350
vt 0.551932 0.557463
vt 0.551383 0.557641
vt 0.551743 0.548713
vt 0.555637 0.496560
vt 0.615223 0.495325
vt 0.615537 0.511165
vt 0.615951 0.551830
vt 0.645524 0.563619
vt 0.636557 0.563697
vt 0.637105 0.582710
vt 0.629442 0.582755
vt 0.629685 0.586918
vt 0.598943 0.587475
vt 0.598997 0.589056
vt 0.552165 0.589946
vt 0.551932 0.557463
vt 0.616014 0.556350
vt 0.645290 0.556049
vt 0.645524 0.563619
vt 0.636557 0.563697
vt 0.637105 0.582710
vt 0.629442 0.582755
vt 0.629685 0.586918
vt 0.598943 0.587475
vt 0.598997 0.589056
vt 0.552165 0.589946
vt 0.551932 0.557463
vt 0.616014 0.556350
vt 0.645290 0.556049
vt 0.378347 0.361485
vt 0.378437 0.368487
vt 0.366798 0.368565
vt 0.363551 0.368654
vt 0.363291 0.346635
vt 0.372411 0.346535
vt 0.384903 0.346390
vt 0.385083 0.361407
vt 0.378347 0.361485
vt 0.378437 0.368487
vt 0.366798 0.368565
vt 0.363551 0.368654
vt 0.363291 0.346635
vt 0.372411 0.346535
vt 0.384903 0.346390
vt 0.385083 0.361407
vt 0.388321 0.384617
vt 0.372941 0.384729
vt 0.366906 0.384773
vt 0.366798 0.368565
vt 0.378437 0.368487
vt 0.388204 0.368420
vt 0.388321 0.384617
vt 0.372941 0.384729
vt 0.366906 0.384773
vt 0.366798 0.368565
vt 0.378437 0.368487
vt 0.388204 0.368420
vt 0.435765 0.205972
vt 0.442645 0.199571
vt 0.439542 0.196153
vt 0.444741 0.190721
vt 0.470482 0.216915
vt 0.475842 0.216781
vt 0.475896 0.227857
vt 0.475950 0.237954
vt 0.469231 0.238043
vt 0.469159 0.257758
vt 0.462297 0.257925
vt 0.462045 0.281858
vt 0.460057 0.281903
vt 0.460057 0.292033
vt 0.458834 0.292066
vt 0.459059 0.317826
vt 0.463907 0.317781
vt 0.463889 0.322011
vt 0.465823 0.322100
vt 0.465823 0.334602
vt 0.464276 0.334646
vt 0.464384 0.345344
vt 0.462954 0.345377
vt 0.462936 0.354672
vt 0.460993 0.354695
vt 0.460993 0.370201
vt 0.464060 0.370268
vt 0.464123 0.376636
vt 0.464150 0.400569
vt 0.442924 0.400714
vt 0.399716 0.400870
vt 0.395013 0.400892
vt 0.391577 0.400903
vt 0.391640 0.403753
vt 0.376854 0.403909
vt 0.376746 0.400948
vt 0.373301 0.400959
vt 0.359027 0.401015
vt 0.286607 0.329592
vt 0.294099 0.321900
vt 0.290826 0.318705
vt 0.283621 0.311659
vt 0.288586 0.306560
vt 0.287030 0.304979
vt 0.293569 0.298567
vt 0.294855 0.299870
vt 0.296717 0.298044
vt 0.301852 0.303287
vt 0.305909 0.299302
vt 0.310019 0.303276
vt 0.312591 0.300571
vt 0.298569 0.286623
vt 0.305747 0.278641
vt 0.289845 0.263157
vt 0.292867 0.259773
vt 0.267819 0.235405
vt 0.275976 0.227111
vt 0.278423 0.224874
vt 0.311989 0.224184
vt 0.320227 0.232566
vt 0.348513 0.232343
vt 0.348468 0.221902
vt 0.348441 0.213998
vt 0.348298 0.201953
vt 0.352291 0.201942
vt 0.352264 0.197712
vt 0.352201 0.188884
vt 0.374515 0.188918
vt 0.374524 0.197478
vt 0.374524 0.201552
vt 0.378724 0.201597
vt 0.378787 0.214766
vt 0.378823 0.221968
vt 0.378832 0.224996
vt 0.377132 0.224941
vt 0.377213 0.232388
vt 0.395975 0.232277
vt 0.399240 0.229583
vt 0.395004 0.225141
vt 0.417588 0.201608
vt 0.417579 0.199415
vt 0.417534 0.177084
vt 0.426042 0.177018
vt 0.435971 0.177129
vt 0.435917 0.199293
vt 0.431996 0.199415
vt 0.432032 0.205972
vt 0.435765 0.205972
vt 0.442645 0.199571
vt 0.439542 0.196153
vt 0.444741 0.190721
vt 0.470482 0.216915
vt 0.475842 0.216781
vt 0.475896 0.227857
vt 0.475950 0.237954
vt 0.469231 0.238043
vt 0.469159 0.257758
vt 0.462297 0.257925
vt 0.462045 0.281858
vt 0.460057 0.281903
vt 0.460057 0.292033
vt 0.458834 0.292066
vt 0.459059 0.317826
vt 0.463907 0.317781
vt 0.463889 0.322011
vt 0.465823 0.322100
vt 0.465823 0.334602
vt 0.464276 0.334646
vt 0.464384 0.345344
vt 0.462954 0.345377
vt 0.462936 0.354672
vt 0.460993 0.354695
vt 0.460993 0.370201
vt 0.464060 0.370268
vt 0.464123 0.376636
vt 0.464150 0.400569
vt 0.442924 0.400714
vt 0.399716 0.400870
vt 0.395013 0.400892
vt 0.391577 0.400903
vt 0.391640 0.403753
vt 0.376854 0.403909
vt 0.376746 0.400948
vt 0.373301 0.400959
vt 0.359027 0.401015
vt 0.286607 0.329592
vt 0.294099 0.321900
vt 0.290826 0.318705
vt 0.283621 0.311659
vt 0.288586 0.306560
vt 0.287030 0.304979
vt 0.293569 0.298567
vt 0.294855 0.299870
vt 0.296717 0.298044
vt 0.301852 0.303287
vt 0.305909 0.299302
vt 0.310019 0.303276
vt 0.312591 0.300571
vt 0.298569 0.286623
vt 0.305747 0.278641
vt 0.289845 0.263157
vt 0.292867 0.259773
vt 0.267819 0.235405
vt 0.275976 0.227111
vt 0.278423 0.224874
vt 0.311989 0.224184
vt 0.320227 0.232566
vt 0.348513 0.232343
vt 0.348468 0.221902
vt 0.348441 0.213998
vt 0.348298 0.201953
vt 0.352291 0.201942
vt 0.352264 0.197712
vt 0.352201 0.188884
vt 0.374515 0.188918
vt 0.374524 0.197478
vt 0.374524 0.201552
vt 0.378724 0.201597
vt 0.378787 0.214766
vt 0.378823 0.221968
vt 0.378832 0.224996
vt 0.377132 0.224941
vt 0.377213 0.232388
vt 0.395975 0.232277
vt 0.399240 0.229583
vt 0.395004 0.225141
vt 0.417588 0.201608
vt 0.417579 0.199415
vt 0.417534 0.177084
vt 0.426042 0.177018
vt 0.435971 0.177129
vt 0.435917 0.199293
vt 0.431996 0.199415
vt 0.432032 0.205972
vt 0.442897 0.376780
vt 0.464123 0.376636
vt 0.464150 0.400569
vt 0.442924 0.400714
vt 0.442897 0.376780
vt 0.464123 0.376636
vt 0.464150 0.400569
vt 0.442924 0.400714
vt 0.345356 0.326887
vt 0.356005 0.316367
vt 0.361105 0.322000
vt 0.361159 0.330327
vt 0.344169 0.330427
vt 0.344277 0.327978
vt 0.345356 0.326887
vt 0.356005 0.316367
vt 0.361105 0.322000
vt 0.361159 0.330327
vt 0.344169 0.330427
vt 0.344277 0.327978
vt 0.334609 0.264604
vt 0.329230 0.269847
vt 0.317853 0.280990
vt 0.300188 0.263023
vt 0.309713 0.252982
vt 0.316144 0.246648
vt 0.317079 0.247594
vt 0.334609 0.264604
vt 0.329230 0.269847
vt 0.317853 0.280990
vt 0.300188 0.263023
vt 0.309713 0.252982
vt 0.316144 0.246648
vt 0.317079 0.247594
vt 0.360556 0.311870
vt 0.363318 0.309109
vt 0.372258 0.318026
vt 0.372321 0.330260
vt 0.361159 0.330327
vt 0.361105 0.322000
vt 0.356005 0.316367
vt 0.360556 0.311870
vt 0.363318 0.309109
vt 0.372258 0.318026
vt 0.372321 0.330260
vt 0.361159 0.330327
vt 0.361105 0.322000
vt 0.356005 0.316367
vt 0.345779 0.282649
vt 0.359261 0.296129
vt 0.352003 0.303376
vt 0.355061 0.306438
vt 0.351976 0.309521
vt 0.348774 0.306315
vt 0.343612 0.311469
vt 0.341300 0.309154
vt 0.330282 0.298144
vt 0.343756 0.284675
vt 0.345779 0.282649
vt 0.359261 0.296129
vt 0.352003 0.303376
vt 0.355061 0.306438
vt 0.351976 0.309521
vt 0.348774 0.306315
vt 0.343612 0.311469
vt 0.341300 0.309154
vt 0.330282 0.298144
vt 0.343756 0.284675
vt 0.372411 0.346535
vt 0.363291 0.346635
vt 0.344259 0.346691
vt 0.344169 0.330427
vt 0.361159 0.330327
vt 0.372321 0.330260
vt 0.372411 0.346535
vt 0.363291 0.346635
vt 0.344259 0.346691
vt 0.344169 0.330427
vt 0.361159 0.330327
vt 0.372321 0.330260
vt 0.376854 0.403909
vt 0.376746 0.400948
vt 0.373301 0.400959
vt 0.372941 0.384729
vt 0.388321 0.384617
vt 0.394905 0.384628
vt 0.395013 0.400892
vt 0.391577 0.400903
vt 0.391640 0.403753
vt 0.376854 0.403909
vt 0.376746 0.400948
vt 0.373301 0.400959
vt 0.372941 0.384729
vt 0.388321 0.384617
vt 0.394905 0.384628
vt 0.395013 0.400892
vt 0.391577 0.400903
vt 0.391640 0.403753
vt 0.348774 0.306315
vt 0.351976 0.309521
vt 0.355061 0.306438
vt 0.360556 0.311870
vt 0.356005 0.316367
vt 0.345356 0.326887
vt 0.334204 0.316089
vt 0.341300 0.309154
vt 0.343612 0.311469
vt 0.348774 0.306315
vt 0.351976 0.309521
vt 0.355061 0.306438
vt 0.360556 0.311870
vt 0.356005 0.316367
vt 0.345356 0.326887
vt 0.334204 0.316089
vt 0.341300 0.309154
vt 0.343612 0.311469
vt 0.311980 0.224740
vt 0.319948 0.232844
vt 0.325911 0.238900
vt 0.317079 0.247594
vt 0.316144 0.246648
vt 0.309713 0.252982
vt 0.299379 0.242473
vt 0.304119 0.237809
vt 0.301457 0.235104
vt 0.311980 0.224740
vt 0.319948 0.232844
vt 0.325911 0.238900
vt 0.317079 0.247594
vt 0.316144 0.246648
vt 0.309713 0.252982
vt 0.299379 0.242473
vt 0.304119 0.237809
vt 0.301457 0.235104
vt 0.358614 0.232700
vt 0.358524 0.223048
vt 0.368345 0.222959
vt 0.368435 0.232611
vt 0.358614 0.232700
vt 0.358524 0.223048
vt 0.368345 0.222959
vt 0.368435 0.232611
vt 0.468188 0.400614
vt 0.464150 0.400569
vt 0.464123 0.376636
vt 0.464060 0.370268
vt 0.468152 0.370335
vt 0.468188 0.400614
vt 0.464150 0.400569
vt 0.464123 0.376636
vt 0.464060 0.370268
vt 0.468152 0.370335
vt 0.343756 0.284675
vt 0.330282 0.298144
vt 0.327917 0.300493
vt 0.313266 0.285487
vt 0.317853 0.280990
vt 0.329230 0.269847
vt 0.343756 0.284675
vt 0.330282 0.298144
vt 0.327917 0.300493
vt 0.313266 0.285487
vt 0.317853 0.280990
vt 0.329230 0.269847
vt 0.314336 0.264159
vt 0.314435 0.263335
vt 0.314813 0.262600
vt 0.315424 0.262032
vt 0.316558 0.261643
vt 0.317385 0.261732
vt 0.318132 0.262099
vt 0.318707 0.262689
vt 0.319040 0.263390
vt 0.319121 0.264214
vt 0.318914 0.265027
vt 0.318446 0.265717
vt 0.317772 0.266196
vt 0.316962 0.266418
vt 0.316522 0.266429
vt 0.315712 0.266207
vt 0.315038 0.265728
vt 0.314552 0.265049
vt 0.314336 0.264159
vt 0.314435 0.263335
vt 0.314813 0.262600
vt 0.315424 0.262032
vt 0.316558 0.261643
vt 0.317385 0.261732
vt 0.318132 0.262099
vt 0.318707 0.262689
vt 0.319040 0.263390
vt 0.319121 0.264214
vt 0.318914 0.265027
vt 0.318446 0.265717
vt 0.317772 0.266196
vt 0.316962 0.266418
vt 0.316522 0.266429
vt 0.315712 0.266207
vt 0.315038 0.265728
vt 0.314552 0.265049
vt 0.373058 0.381144
vt 0.373040 0.379875
vt 0.369011 0.379886
vt 0.368957 0.373285
vt 0.372968 0.373229
vt 0.372950 0.371849
vt 0.374308 0.371860
vt 0.374299 0.369701
vt 0.380748 0.369656
vt 0.380766 0.371782
vt 0.382034 0.371749
vt 0.382052 0.373151
vt 0.386144 0.373129
vt 0.386198 0.379730
vt 0.382124 0.379786
vt 0.382133 0.381044
vt 0.380820 0.381055
vt 0.380838 0.383526
vt 0.374380 0.383571
vt 0.374326 0.381133
vt 0.373058 0.381144
vt 0.373040 0.379875
vt 0.369011 0.379886
vt 0.368957 0.373285
vt 0.372968 0.373229
vt 0.372950 0.371849
vt 0.374308 0.371860
vt 0.374299 0.369701
vt 0.380748 0.369656
vt 0.380766 0.371782
vt 0.382034 0.371749
vt 0.382052 0.373151
vt 0.386144 0.373129
vt 0.386198 0.379730
vt 0.382124 0.379786
vt 0.382133 0.381044
vt 0.380820 0.381055
vt 0.380838 0.383526
vt 0.374380 0.383571
vt 0.374326 0.381133
vt 0.449427 0.507169
vt 0.452790 0.510408
vt 0.464276 0.522197
vt 0.467747 0.525570
vt 0.439092 0.553901
vt 0.420106 0.536791
vt 0.449427 0.507169
vt 0.452790 0.510408
vt 0.464276 0.522197
vt 0.467747 0.525570
vt 0.439092 0.553901
vt 0.420106 0.536791
vt 0.731489 0.388714
vt 0.731749 0.370446
vt 0.800572 0.371448
vt 0.799960 0.413872
vt 0.791992 0.413750
vt 0.791731 0.431694
vt 0.739898 0.430937
vt 0.740006 0.423279
vt 0.730985 0.423145
vt 0.731129 0.413182
vt 0.731489 0.388714
vt 0.731749 0.370446
vt 0.800572 0.371448
vt 0.799960 0.413872
vt 0.791992 0.413750
vt 0.791731 0.431694
vt 0.739898 0.430937
vt 0.740006 0.423279
vt 0.730985 0.423145
vt 0.731129 0.413182
vt 0.817634 0.475432
vt 0.807992 0.475421
vt 0.801786 0.475421
vt 0.782539 0.475421
vt 0.782539 0.460237
vt 0.782539 0.448325
vt 0.817957 0.448693
vt 0.817723 0.455572
vt 0.817634 0.467728
vt 0.817634 0.475432
vt 0.807992 0.475421
vt 0.801786 0.475421
vt 0.782539 0.475421
vt 0.782539 0.460237
vt 0.782539 0.448325
vt 0.817957 0.448693
vt 0.817723 0.455572
vt 0.817634 0.467728
vt 0.220384 0.705384
vt 0.217965 0.704783
vt 0.214484 0.704394
vt 0.205337 0.709347
vt 0.204033 0.706954
vt 0.215069 0.700843
vt 0.216688 0.703281
vt 0.218190 0.702268
vt 0.217101 0.699896
vt 0.226464 0.694297
vt 0.227723 0.696702
vt 0.230071 0.695266
vt 0.228380 0.692572
vt 0.235099 0.688709
vt 0.241754 0.699941
vt 0.247573 0.709770
vt 0.254013 0.720635
vt 0.253743 0.751471
vt 0.253698 0.756814
vt 0.253653 0.761567
vt 0.251684 0.761556
vt 0.246503 0.761545
vt 0.241277 0.761523
vt 0.240981 0.756959
vt 0.237041 0.754521
vt 0.243517 0.750191
vt 0.243688 0.747909
vt 0.244165 0.746094
vt 0.244929 0.744524
vt 0.245685 0.743656
vt 0.245190 0.739849
vt 0.244938 0.737623
vt 0.244857 0.735741
vt 0.245235 0.733103
vt 0.243679 0.731645
vt 0.242447 0.729507
vt 0.241331 0.727704
vt 0.240405 0.725700
vt 0.239461 0.723607
vt 0.238094 0.722505
vt 0.237419 0.721504
vt 0.236574 0.719856
vt 0.236241 0.718676
vt 0.234433 0.717073
vt 0.233938 0.715960
vt 0.233282 0.714758
vt 0.231582 0.713745
vt 0.229909 0.712464
vt 0.228749 0.710906
vt 0.226707 0.709949
vt 0.224135 0.708368
vt 0.221194 0.705874
vt 0.220384 0.705384
vt 0.217965 0.704783
vt 0.214484 0.704394
vt 0.205337 0.709347
vt 0.204033 0.706954
vt 0.215069 0.700843
vt 0.216688 0.703281
vt 0.218190 0.702268
vt 0.217101 0.699896
vt 0.226464 0.694297
vt 0.227723 0.696702
vt 0.230071 0.695266
vt 0.228380 0.692572
vt 0.235099 0.688709
vt 0.241754 0.699941
vt 0.247573 0.709770
vt 0.254013 0.720635
vt 0.253743 0.751471
vt 0.253698 0.756814
vt 0.253653 0.761567
vt 0.251684 0.761556
vt 0.246503 0.761545
vt 0.241277 0.761523
vt 0.240981 0.756959
vt 0.237041 0.754521
vt 0.243517 0.750191
vt 0.243688 0.747909
vt 0.244165 0.746094
vt 0.244929 0.744524
vt 0.245685 0.743656
vt 0.245190 0.739849
vt 0.244938 0.737623
vt 0.244857 0.735741
vt 0.245235 0.733103
vt 0.243679 0.731645
vt 0.242447 0.729507
vt 0.241331 0.727704
vt 0.240405 0.725700
vt 0.239461 0.723607
vt 0.238094 0.722505
vt 0.237419 0.721504
vt 0.236574 0.719856
vt 0.236241 0.718676
vt 0.234433 0.717073
vt 0.233938 0.715960
vt 0.233282 0.714758
vt 0.231582 0.713745
vt 0.229909 0.712464
vt 0.228749 0.710906
vt 0.226707 0.709949
vt 0.224135 0.708368
vt 0.221194 0.705874
vt 0.933558 0.216102
vt 0.948272 0.231063
vt 0.948389 0.239624
vt 0.927289 0.260730
vt 0.917998 0.260607
vt 0.904183 0.246147
vt 0.903886 0.236963
vt 0.924753 0.216102
vt 0.933558 0.216102
vt 0.948272 0.231063
vt 0.948389 0.239624
vt 0.927289 0.260730
vt 0.917998 0.260607
vt 0.904183 0.246147
vt 0.903886 0.236963
vt 0.924753 0.216102
vt 0.922729 0.252203
vt 0.912332 0.241438
vt 0.929393 0.224963
vt 0.939791 0.235716
vt 0.922729 0.252203
vt 0.912332 0.241438
vt 0.929393 0.224963
vt 0.939791 0.235716
vt 0.931750 0.220421
vt 0.943982 0.232855
vt 0.944054 0.237865
vt 0.925517 0.256388
vt 0.919869 0.256322
vt 0.908437 0.244355
vt 0.908257 0.238700
vt 0.926542 0.220421
vt 0.931750 0.220421
vt 0.943982 0.232855
vt 0.944054 0.237865
vt 0.925517 0.256388
vt 0.919869 0.256322
vt 0.908437 0.244355
vt 0.908257 0.238700
vt 0.926542 0.220421
vt 0.955926 0.229048
vt 0.961646 0.223716
vt 0.964794 0.227178
vt 0.959128 0.232499
vt 0.957302 0.230585
vt 0.955926 0.229048
vt 0.961646 0.223716
vt 0.964794 0.227178
vt 0.959128 0.232499
vt 0.957302 0.230585
vt 0.932245 0.205504
vt 0.937956 0.200194
vt 0.941095 0.203645
vt 0.935437 0.208955
vt 0.934475 0.207931
vt 0.932245 0.205504
vt 0.937956 0.200194
vt 0.941095 0.203645
vt 0.935437 0.208955
vt 0.934475 0.207931
vt 0.937434 0.521618
vt 0.903599 0.521596
vt 0.903482 0.503239
vt 0.903428 0.495146
vt 0.903419 0.493989
vt 0.937110 0.494044
vt 0.937128 0.495336
vt 0.937218 0.503050
vt 0.937434 0.521618
vt 0.903599 0.521596
vt 0.903482 0.503239
vt 0.903428 0.495146
vt 0.903419 0.493989
vt 0.937110 0.494044
vt 0.937128 0.495336
vt 0.937218 0.503050
vt 0.594114 0.302508
vt 0.593799 0.294315
vt 0.572852 0.295105
vt 0.572357 0.281992
vt 0.566925 0.282203
vt 0.567042 0.285142
vt 0.564982 0.285220
vt 0.564856 0.281847
vt 0.563606 0.278753
vt 0.560944 0.276259
vt 0.563012 0.274066
vt 0.564307 0.275279
vt 0.571026 0.274745
vt 0.570783 0.271728
vt 0.570297 0.265572
vt 0.567338 0.265806
vt 0.565692 0.265672
vt 0.565468 0.262455
vt 0.563219 0.262611
vt 0.562985 0.259116
vt 0.561771 0.255876
vt 0.559756 0.253082
vt 0.561654 0.251724
vt 0.564190 0.255253
vt 0.565890 0.255108
vt 0.565755 0.253494
vt 0.565027 0.245000
vt 0.561762 0.245279
vt 0.558326 0.238165
vt 0.558389 0.234792
vt 0.559523 0.230529
vt 0.559514 0.229193
vt 0.559514 0.227824
vt 0.559505 0.226132
vt 0.558326 0.221879
vt 0.558389 0.219052
vt 0.563282 0.210080
vt 0.564874 0.201664
vt 0.567680 0.202365
vt 0.570621 0.202198
vt 0.573517 0.201063
vt 0.575892 0.199092
vt 0.577565 0.196398
vt 0.578275 0.193293
vt 0.577924 0.190087
vt 0.587458 0.185645
vt 0.594006 0.180279
vt 0.596290 0.183073
vt 0.599672 0.184220
vt 0.603917 0.182483
vt 0.607569 0.179689
vt 0.614323 0.183619
vt 0.619054 0.183007
vt 0.623308 0.180836
vt 0.625359 0.182584
vt 0.628705 0.183975
vt 0.629631 0.184131
vt 0.635891 0.183819
vt 0.639174 0.182283
vt 0.642313 0.183931
vt 0.645757 0.184788
vt 0.649301 0.184821
vt 0.653627 0.182806
vt 0.652620 0.180636
vt 0.655489 0.179300
vt 0.657926 0.181281
vt 0.660777 0.182595
vt 0.663871 0.183162
vt 0.667604 0.182684
vt 0.669466 0.180179
vt 0.673396 0.183118
vt 0.675842 0.183652
vt 0.678343 0.183463
vt 0.679485 0.186057
vt 0.676409 0.188829
vt 0.674583 0.188829
vt 0.674583 0.190487
vt 0.674583 0.198369
vt 0.777043 0.198447
vt 0.779274 0.196265
vt 0.779283 0.191244
vt 0.819909 0.191356
vt 0.819747 0.251602
vt 0.833625 0.251635
vt 0.833742 0.208833
vt 0.833751 0.204948
vt 0.837978 0.200039
vt 0.850759 0.199972
vt 0.855624 0.204413
vt 0.855444 0.251323
vt 0.887373 0.251446
vt 0.900190 0.264069
vt 0.914661 0.278318
vt 0.922054 0.285565
vt 0.921964 0.294738
vt 0.930437 0.294816
vt 0.930293 0.310300
vt 0.960000 0.310568
vt 0.964263 0.315210
vt 0.964155 0.327911
vt 0.958696 0.333600
vt 0.954118 0.333644
vt 0.954874 0.407226
vt 0.986299 0.406904
vt 0.986371 0.417523
vt 0.996219 0.417423
vt 0.996795 0.473205
vt 1.000000 0.475733
vt 1.000000 0.508606
vt 0.992244 0.502716
vt 0.982683 0.495458
vt 0.980857 0.494067
vt 0.937110 0.494044
vt 0.903419 0.493989
vt 0.900379 0.493989
vt 0.894479 0.493989
vt 0.894425 0.433843
vt 0.854149 0.433876
vt 0.854158 0.437694
vt 0.850372 0.441557
vt 0.836782 0.441502
vt 0.832824 0.437895
vt 0.818326 0.437806
vt 0.817957 0.448693
vt 0.817723 0.455572
vt 0.817634 0.467728
vt 0.817634 0.475432
vt 0.807992 0.475421
vt 0.801786 0.475421
vt 0.782539 0.475421
vt 0.782539 0.460237
vt 0.782539 0.448325
vt 0.767807 0.448470
vt 0.731084 0.448270
vt 0.730985 0.423145
vt 0.731129 0.413182
vt 0.731489 0.388714
vt 0.723295 0.388714
vt 0.723232 0.327243
vt 0.715056 0.327945
vt 0.608306 0.327956
vt 0.608198 0.310568
vt 0.602082 0.302208
vt 0.594114 0.302508
vt 0.593799 0.294315
vt 0.572852 0.295105
vt 0.572357 0.281992
vt 0.566925 0.282203
vt 0.567042 0.285142
vt 0.564982 0.285220
vt 0.564856 0.281847
vt 0.563606 0.278753
vt 0.560944 0.276259
vt 0.563012 0.274066
vt 0.564307 0.275279
vt 0.571026 0.274745
vt 0.570783 0.271728
vt 0.570297 0.265572
vt 0.567338 0.265806
vt 0.565692 0.265672
vt 0.565468 0.262455
vt 0.563219 0.262611
vt 0.562985 0.259116
vt 0.561771 0.255876
vt 0.559756 0.253082
vt 0.561654 0.251724
vt 0.564190 0.255253
vt 0.565890 0.255108
vt 0.565755 0.253494
vt 0.565027 0.245000
vt 0.561762 0.245279
vt 0.558326 0.238165
vt 0.558389 0.234792
vt 0.559523 0.230529
vt 0.559514 0.229193
vt 0.559514 0.227824
vt 0.559505 0.226132
vt 0.558326 0.221879
vt 0.558389 0.219052
vt 0.563282 0.210080
vt 0.564874 0.201664
vt 0.567680 0.202365
vt 0.570621 0.202198
vt 0.573517 0.201063
vt 0.575892 0.199092
vt 0.577565 0.196398
vt 0.578275 0.193293
vt 0.577924 0.190087
vt 0.587458 0.185645
vt 0.594006 0.180279
vt 0.596290 0.183073
vt 0.599672 0.184220
vt 0.603917 0.182483
vt 0.607569 0.179689
vt 0.614323 0.183619
vt 0.619054 0.183007
vt 0.623308 0.180836
vt 0.625359 0.182584
vt 0.628705 0.183975
vt 0.629631 0.184131
vt 0.635891 0.183819
vt 0.639174 0.182283
vt 0.642313 0.183931
vt 0.645757 0.184788
vt 0.649301 0.184821
vt 0.653627 0.182806
vt 0.652620 0.180636
vt 0.655489 0.179300
vt 0.657926 0.181281
vt 0.660777 0.182595
vt 0.663871 0.183162
vt 0.667604 0.182684
vt 0.669466 0.180179
vt 0.673396 0.183118
vt 0.675842 0.183652
vt 0.678343 0.183463
vt 0.679485 0.186057
vt 0.676409 0.188829
vt 0.674583 0.188829
vt 0.674583 0.190487
vt 0.674583 0.198369
vt 0.777043 0.198447
vt 0.779274 0.196265
vt 0.779283 0.191244
vt 0.819909 0.191356
vt 0.819747 0.251602
vt 0.833625 0.251635
vt 0.833742 0.208833
vt 0.833751 0.204948
vt 0.837978 0.200039
vt 0.850759 0.199972
vt 0.855624 0.204413
vt 0.855444 0.251323
vt 0.887373 0.251446
vt 0.900190 0.264069
vt 0.914661 0.278318
vt 0.922054 0.285565
vt 0.921964 0.294738
vt 0.930437 0.294816
vt 0.930293 0.310300
vt 0.960000 0.310568
vt 0.964263 0.315210
vt 0.964155 0.327911
vt 0.958696 0.333600
vt 0.954118 0.333644
vt 0.954874 0.407226
vt 0.986299 0.406904
vt 0.986371 0.417523
vt 0.996219 0.417423
vt 0.996795 0.473205
vt 1.000000 0.475733
vt 1.000000 0.508606
vt 0.992244 0.502716
vt 0.982683 0.495458
vt 0.980857 0.494067
vt 0.937110 0.494044
vt 0.903419 0.493989
vt 0.900379 0.493989
vt 0.894479 0.493989
vt 0.894425 0.433843
vt 0.854149 0.433876
vt 0.854158 0.437694
vt 0.850372 0.441557
vt 0.836782 0.441502
vt 0.832824 0.437895
vt 0.818326 0.437806
vt 0.817957 0.448693
vt 0.817723 0.455572
vt 0.817634 0.467728
vt 0.817634 0.475432
vt 0.807992 0.475421
vt 0.801786 0.475421
vt 0.782539 0.475421
vt 0.782539 0.460237
vt 0.782539 0.448325
vt 0.767807 0.448470
vt 0.731084 0.448270
vt 0.730985 0.423145
vt 0.731129 0.413182
vt 0.731489 0.388714
vt 0.723295 0.388714
vt 0.723232 0.327243
vt 0.715056 0.327945
vt 0.608306 0.327956
vt 0.608198 0.310568
vt 0.602082 0.302208
vt 0.848492 0.525225
vt 0.849490 0.525225
vt 0.864933 0.525091
vt 0.864933 0.530457
vt 0.849068 0.530457
vt 0.847638 0.530457
vt 0.837933 0.530457
vt 0.833121 0.525359
vt 0.847359 0.525236
vt 0.848492 0.525225
vt 0.849490 0.525225
vt 0.864933 0.525091
vt 0.864933 0.530457
vt 0.849068 0.530457
vt 0.847638 0.530457
vt 0.837933 0.530457
vt 0.833121 0.525359
vt 0.847359 0.525236
vt 0.828876 0.520850
vt 0.833121 0.525359
vt 0.837933 0.530457
vt 0.837879 0.555871
vt 0.793898 0.555771
vt 0.793970 0.520772
vt 0.802820 0.520783
vt 0.808019 0.520761
vt 0.828876 0.520850
vt 0.833121 0.525359
vt 0.837933 0.530457
vt 0.837879 0.555871
vt 0.793898 0.555771
vt 0.793970 0.520772
vt 0.802820 0.520783
vt 0.808019 0.520761
vt 0.807965 0.503774
vt 0.808019 0.520761
vt 0.802820 0.520783
vt 0.802578 0.503774
vt 0.801786 0.475421
vt 0.807992 0.475421
vt 0.807965 0.503774
vt 0.808019 0.520761
vt 0.802820 0.520783
vt 0.802578 0.503774
vt 0.801786 0.475421
vt 0.807992 0.475421
vt 1.000000 0.092770
vt 1.000000 0.119754
vt 0.980345 0.119744
vt 0.980327 0.096712
vt 0.980363 0.092760
vt 0.990283 0.092760
vt 1.000000 0.092770
vt 1.000000 0.119754
vt 0.980345 0.119744
vt 0.980327 0.096712
vt 0.980363 0.092760
vt 0.990283 0.092760
vt 1.000000 0.000000
vt 1.000000 0.092770
vt 0.990283 0.092760
vt 0.980363 0.092760
vt 0.972331 0.092771
vt 0.972691 0.021727
vt 0.972700 0.020146
vt 0.972826 0.000000
vt 1.000000 0.000000
vt 1.000000 0.092770
vt 0.990283 0.092760
vt 0.980363 0.092760
vt 0.972331 0.092771
vt 0.972691 0.021727
vt 0.972700 0.020146
vt 0.972826 0.000000
vt 0.988197 0.002424
vt 1.000000 0.002421
vt 1.000000 0.020182
vt 0.972700 0.020146
vt 0.972826 0.000000
vt 0.984206 0.000000
vt 0.984374 0.006276
vt 0.988268 0.006220
vt 0.988197 0.002424
vt 1.000000 0.002421
vt 1.000000 0.020182
vt 0.972700 0.020146
vt 0.972826 0.000000
vt 0.984206 0.000000
vt 0.984374 0.006276
vt 0.988268 0.006220
vt 0.984206 0.000000
vt 0.988182 0.000000
vt 0.988197 0.002424
vt 0.988268 0.006220
vt 0.984374 0.006276
vt 0.984206 0.000000
vt 0.988182 0.000000
vt 0.988197 0.002424
vt 0.988268 0.006220
vt 0.984374 0.006276
vt 0.012586 0.486230
vt 0.023478 0.486263
vt 0.098515 0.486408
vt 0.098407 0.536101
vt 0.098407 0.540275
vt 0.098407 0.554992
vt 0.098317 0.588555
vt 0.098164 0.622340
vt 0.087398 0.622362
vt 0.000000 0.622124
vt 0.000000 0.486192
vt 0.012586 0.486230
vt 0.023478 0.486263
vt 0.098515 0.486408
vt 0.098407 0.536101
vt 0.098407 0.540275
vt 0.098407 0.554992
vt 0.098317 0.588555
vt 0.098164 0.622340
vt 0.087398 0.622362
vt 0.000000 0.622124
vt 0.000000 0.486192
vt 0.988241 0.762169
vt 0.841810 0.761612
vt 0.842097 0.685748
vt 0.988529 0.686293
vt 0.988241 0.762169
vt 0.841810 0.761612
vt 0.842097 0.685748
vt 0.988529 0.686293
vt 0.442645 0.697169
vt 0.442978 0.664129
vt 0.482300 0.664519
vt 0.481967 0.697559
vt 0.442645 0.697169
vt 0.442978 0.664129
vt 0.482300 0.664519
vt 0.481967 0.697559
vt 0.240108 0.981913
vt 0.248716 0.983839
vt 0.256882 0.985175
vt 0.265121 0.985231
vt 0.268826 0.995472
vt 0.271947 0.995327
vt 0.273134 0.998299
vt 0.276102 0.998299
vt 0.276757 1.000000
vt 0.223516 1.000000
vt 0.215150 0.997242
vt 0.207757 0.994214
vt 0.206668 0.984385
vt 0.203440 0.970069
vt 0.201803 0.964202
vt 0.206893 0.967675
vt 0.213576 0.971761
vt 0.221365 0.975468
vt 0.231204 0.979086
vt 0.240108 0.981913
vt 0.248716 0.983839
vt 0.256882 0.985175
vt 0.265121 0.985231
vt 0.268826 0.995472
vt 0.271947 0.995327
vt 0.273134 0.998299
vt 0.276102 0.998299
vt 0.276757 1.000000
vt 0.223516 1.000000
vt 0.215150 0.997242
vt 0.207757 0.994214
vt 0.206668 0.984385
vt 0.203440 0.970069
vt 0.201803 0.964202
vt 0.206893 0.967675
vt 0.213576 0.971761
vt 0.221365 0.975468
vt 0.231204 0.979086
vt 0.163443 0.933701
vt 0.167023 0.939779
vt 0.172572 0.949274
vt 0.177851 0.961219
vt 0.183149 0.977115
vt 0.183770 0.980589
vt 0.172590 0.971572
vt 0.163272 0.962532
vt 0.162022 0.961174
vt 0.155969 0.954607
vt 0.147353 0.944376
vt 0.145824 0.942217
vt 0.141381 0.935949
vt 0.134743 0.922880
vt 0.146912 0.921244
vt 0.149439 0.927779
vt 0.154638 0.913674
vt 0.146822 0.897399
vt 0.145284 0.892357
vt 0.143710 0.887158
vt 0.142397 0.881369
vt 0.151508 0.888227
vt 0.162993 0.898936
vt 0.172572 0.909533
vt 0.179992 0.918884
vt 0.186846 0.928513
vt 0.173597 0.930840
vt 0.168408 0.922780
vt 0.163443 0.933701
vt 0.167023 0.939779
vt 0.172572 0.949274
vt 0.177851 0.961219
vt 0.183149 0.977115
vt 0.183770 0.980589
vt 0.172590 0.971572
vt 0.163272 0.962532
vt 0.162022 0.961174
vt 0.155969 0.954607
vt 0.147353 0.944376
vt 0.145824 0.942217
vt 0.141381 0.935949
vt 0.134743 0.922880
vt 0.146912 0.921244
vt 0.149439 0.927779
vt 0.154638 0.913674
vt 0.146822 0.897399
vt 0.145284 0.892357
vt 0.143710 0.887158
vt 0.142397 0.881369
vt 0.151508 0.888227
vt 0.162993 0.898936
vt 0.172572 0.909533
vt 0.179992 0.918884
vt 0.186846 0.928513
vt 0.173597 0.930840
vt 0.168408 0.922780
vt 0.186420 1.000000
vt 0.185865 0.992288
vt 0.183770 0.980589
vt 0.183149 0.977115
vt 0.177851 0.961219
vt 0.172572 0.949274
vt 0.167023 0.939779
vt 0.163443 0.933701
vt 0.168408 0.922780
vt 0.173597 0.930840
vt 0.186846 0.928513
vt 0.194320 0.943575
vt 0.199689 0.956644
vt 0.201803 0.964202
vt 0.203440 0.970069
vt 0.206668 0.984385
vt 0.207757 0.994214
vt 0.208206 0.998199
vt 0.208277 1.000000
vt 0.186420 1.000000
vt 0.185865 0.992288
vt 0.183770 0.980589
vt 0.183149 0.977115
vt 0.177851 0.961219
vt 0.172572 0.949274
vt 0.167023 0.939779
vt 0.163443 0.933701
vt 0.168408 0.922780
vt 0.173597 0.930840
vt 0.186846 0.928513
vt 0.194320 0.943575
vt 0.199689 0.956644
vt 0.201803 0.964202
vt 0.203440 0.970069
vt 0.206668 0.984385
vt 0.207757 0.994214
vt 0.208206 0.998199
vt 0.208277 1.000000
vt 0.117969 0.897388
vt 0.111224 0.894550
vt 0.102176 0.890665
vt 0.089449 0.886301
vt 0.076480 0.883473
vt 0.064733 0.881603
vt 0.055299 0.880969
vt 0.046673 0.880579
vt 0.035584 0.880345
vt 0.030871 0.871674
vt 0.024953 0.872430
vt 0.016876 0.859350
vt 0.024323 0.857837
vt 0.034415 0.856334
vt 0.044218 0.855387
vt 0.050946 0.855310
vt 0.058240 0.855465
vt 0.062944 0.855699
vt 0.068322 0.856067
vt 0.076219 0.856913
vt 0.082497 0.858415
vt 0.088235 0.859684
vt 0.098029 0.862545
vt 0.107239 0.865863
vt 0.119480 0.870349
vt 0.119894 0.874045
vt 0.122268 0.886958
vt 0.125092 0.897945
vt 0.126064 0.900750
vt 0.117969 0.897388
vt 0.111224 0.894550
vt 0.102176 0.890665
vt 0.089449 0.886301
vt 0.076480 0.883473
vt 0.064733 0.881603
vt 0.055299 0.880969
vt 0.046673 0.880579
vt 0.035584 0.880345
vt 0.030871 0.871674
vt 0.024953 0.872430
vt 0.016876 0.859350
vt 0.024323 0.857837
vt 0.034415 0.856334
vt 0.044218 0.855387
vt 0.050946 0.855310
vt 0.058240 0.855465
vt 0.062944 0.855699
vt 0.068322 0.856067
vt 0.076219 0.856913
vt 0.082497 0.858415
vt 0.088235 0.859684
vt 0.098029 0.862545
vt 0.107239 0.865863
vt 0.119480 0.870349
vt 0.119894 0.874045
vt 0.122268 0.886958
vt 0.125092 0.897945
vt 0.126064 0.900750
vt 0.129401 0.910413
vt 0.126064 0.900750
vt 0.125092 0.897945
vt 0.122268 0.886958
vt 0.119894 0.874045
vt 0.119480 0.870349
vt 0.118815 0.860619
vt 0.118815 0.846705
vt 0.119336 0.839257
vt 0.119741 0.833535
vt 0.121971 0.820734
vt 0.125974 0.805850
vt 0.130867 0.793082
vt 0.136803 0.780614
vt 0.141704 0.770517
vt 0.150905 0.780169
vt 0.146750 0.787438
vt 0.153577 0.794863
vt 0.148684 0.805260
vt 0.145419 0.816838
vt 0.142748 0.827669
vt 0.140814 0.839547
vt 0.140373 0.850679
vt 0.140589 0.865039
vt 0.141929 0.877952
vt 0.142397 0.881369
vt 0.143710 0.887158
vt 0.145284 0.892357
vt 0.146822 0.897399
vt 0.150986 0.907051
vt 0.154638 0.913674
vt 0.149439 0.927779
vt 0.146912 0.921244
vt 0.134743 0.922880
vt 0.129401 0.910413
vt 0.126064 0.900750
vt 0.125092 0.897945
vt 0.122268 0.886958
vt 0.119894 0.874045
vt 0.119480 0.870349
vt 0.118815 0.860619
vt 0.118815 0.846705
vt 0.119336 0.839257
vt 0.119741 0.833535
vt 0.121971 0.820734
vt 0.125974 0.805850
vt 0.130867 0.793082
vt 0.136803 0.780614
vt 0.141704 0.770517
vt 0.150905 0.780169
vt 0.146750 0.787438
vt 0.153577 0.794863
vt 0.148684 0.805260
vt 0.145419 0.816838
vt 0.142748 0.827669
vt 0.140814 0.839547
vt 0.140373 0.850679
vt 0.140589 0.865039
vt 0.141929 0.877952
vt 0.142397 0.881369
vt 0.143710 0.887158
vt 0.145284 0.892357
vt 0.146822 0.897399
vt 0.150986 0.907051
vt 0.154638 0.913674
vt 0.149439 0.927779
vt 0.146912 0.921244
vt 0.134743 0.922880
vt 0.805105 0.916146
vt 0.805069 0.904212
vt 0.821771 0.888149
vt 0.821762 0.879878
vt 0.821762 0.871596
vt 0.805321 0.855254
vt 0.805114 0.843654
vt 0.814656 0.833903
vt 0.821330 0.833936
vt 0.825773 0.829161
vt 0.891520 0.829328
vt 0.904624 0.842408
vt 0.904642 0.844801
vt 0.904687 0.850233
vt 0.904867 0.917571
vt 0.895693 0.926053
vt 0.814899 0.925808
vt 0.805105 0.916146
vt 0.805069 0.904212
vt 0.821771 0.888149
vt 0.821762 0.879878
vt 0.821762 0.871596
vt 0.805321 0.855254
vt 0.805114 0.843654
vt 0.814656 0.833903
vt 0.821330 0.833936
vt 0.825773 0.829161
vt 0.891520 0.829328
vt 0.904624 0.842408
vt 0.904642 0.844801
vt 0.904687 0.850233
vt 0.904867 0.917571
vt 0.895693 0.926053
vt 0.814899 0.925808
vt 0.896340 0.836764
vt 0.904642 0.844801
vt 0.904687 0.850233
vt 0.830297 0.922958
vt 0.816626 0.923125
vt 0.808586 0.915611
vt 0.808226 0.911559
vt 0.837834 0.879132
vt 0.808046 0.848007
vt 0.808487 0.844645
vt 0.816320 0.836597
vt 0.830387 0.836641
vt 0.856290 0.863402
vt 0.883155 0.836664
vt 0.896340 0.836764
vt 0.904642 0.844801
vt 0.904687 0.850233
vt 0.830297 0.922958
vt 0.816626 0.923125
vt 0.808586 0.915611
vt 0.808226 0.911559
vt 0.837834 0.879132
vt 0.808046 0.848007
vt 0.808487 0.844645
vt 0.816320 0.836597
vt 0.830387 0.836641
vt 0.856290 0.863402
vt 0.883155 0.836664
vt 0.123887 0.329292
vt 0.127710 0.334735
vt 0.114821 0.340513
vt 0.111880 0.335448
vt 0.105809 0.327655
vt 0.094360 0.318026
vt 0.101150 0.308007
vt 0.110567 0.316545
vt 0.118446 0.323280
vt 0.120667 0.325729
vt 0.123887 0.329292
vt 0.127710 0.334735
vt 0.114821 0.340513
vt 0.111880 0.335448
vt 0.105809 0.327655
vt 0.094360 0.318026
vt 0.101150 0.308007
vt 0.110567 0.316545
vt 0.118446 0.323280
vt 0.120667 0.325729
vt 0.102805 0.283484
vt 0.108678 0.282760
vt 0.113832 0.282905
vt 0.117124 0.285343
vt 0.120416 0.290074
vt 0.121135 0.296230
vt 0.120919 0.309566
vt 0.120748 0.320453
vt 0.120667 0.325729
vt 0.118446 0.323280
vt 0.110567 0.316545
vt 0.101150 0.308007
vt 0.088190 0.298690
vt 0.076300 0.291231
vt 0.090106 0.287736
vt 0.091059 0.287491
vt 0.099549 0.284597
vt 0.102805 0.283484
vt 0.108678 0.282760
vt 0.113832 0.282905
vt 0.117124 0.285343
vt 0.120416 0.290074
vt 0.121135 0.296230
vt 0.120919 0.309566
vt 0.120748 0.320453
vt 0.120667 0.325729
vt 0.118446 0.323280
vt 0.110567 0.316545
vt 0.101150 0.308007
vt 0.088190 0.298690
vt 0.076300 0.291231
vt 0.090106 0.287736
vt 0.091059 0.287491
vt 0.099549 0.284597
vt 0.034936 0.272029
vt 0.042122 0.277650
vt 0.033803 0.276103
vt 0.015581 0.275903
vt 0.003412 0.279454
vt 0.000000 0.280675
vt 0.000000 0.238226
vt 0.015293 0.250366
vt 0.028254 0.264737
vt 0.034936 0.272029
vt 0.042122 0.277650
vt 0.033803 0.276103
vt 0.015581 0.275903
vt 0.003412 0.279454
vt 0.000000 0.280675
vt 0.000000 0.238226
vt 0.015293 0.250366
vt 0.028254 0.264737
vt 0.067072 0.458812
vt 0.054471 0.457777
vt 0.042212 0.454682
vt 0.030637 0.449617
vt 0.036231 0.435468
vt 0.025492 0.431416
vt 0.017191 0.426752
vt 0.009699 0.419460
vt 0.001056 0.430871
vt 0.000000 0.429919
vt 0.000000 0.280675
vt 0.003412 0.279454
vt 0.015581 0.275903
vt 0.033803 0.276103
vt 0.042122 0.277650
vt 0.043804 0.277973
vt 0.050109 0.279142
vt 0.071884 0.288460
vt 0.076300 0.291231
vt 0.088190 0.298690
vt 0.101150 0.308007
vt 0.094360 0.318026
vt 0.105809 0.327655
vt 0.111880 0.335448
vt 0.114821 0.340513
vt 0.127710 0.334735
vt 0.131028 0.340357
vt 0.137055 0.351466
vt 0.141165 0.363411
vt 0.143107 0.374966
vt 0.143260 0.375879
vt 0.143269 0.388525
vt 0.141201 0.400992
vt 0.137108 0.412948
vt 0.131109 0.424069
vt 0.123357 0.434054
vt 0.114057 0.442626
vt 0.103489 0.449550
vt 0.091913 0.454637
vt 0.079664 0.457754
vt 0.067072 0.458812
vt 0.054471 0.457777
vt 0.042212 0.454682
vt 0.030637 0.449617
vt 0.036231 0.435468
vt 0.025492 0.431416
vt 0.017191 0.426752
vt 0.009699 0.419460
vt 0.001056 0.430871
vt 0.000000 0.429919
vt 0.000000 0.280675
vt 0.003412 0.279454
vt 0.015581 0.275903
vt 0.033803 0.276103
vt 0.042122 0.277650
vt 0.043804 0.277973
vt 0.050109 0.279142
vt 0.071884 0.288460
vt 0.076300 0.291231
vt 0.088190 0.298690
vt 0.101150 0.308007
vt 0.094360 0.318026
vt 0.105809 0.327655
vt 0.111880 0.335448
vt 0.114821 0.340513
vt 0.127710 0.334735
vt 0.131028 0.340357
vt 0.137055 0.351466
vt 0.141165 0.363411
vt 0.143107 0.374966
vt 0.143260 0.375879
vt 0.143269 0.388525
vt 0.141201 0.400992
vt 0.137108 0.412948
vt 0.131109 0.424069
vt 0.123357 0.434054
vt 0.114057 0.442626
vt 0.103489 0.449550
vt 0.091913 0.454637
vt 0.079664 0.457754
vt 0.030637 0.449617
vt 0.023073 0.445632
vt 0.007747 0.436926
vt 0.001056 0.430871
vt 0.009699 0.419460
vt 0.017191 0.426752
vt 0.025492 0.431416
vt 0.036231 0.435468
vt 0.030637 0.449617
vt 0.023073 0.445632
vt 0.007747 0.436926
vt 0.001056 0.430871
vt 0.009699 0.419460
vt 0.017191 0.426752
vt 0.025492 0.431416
vt 0.036231 0.435468
vt 0.091059 0.287491
vt 0.099549 0.284597
vt 0.102805 0.283484
vt 0.108678 0.282760
vt 0.113832 0.282905
vt 0.117124 0.285343
vt 0.120416 0.290074
vt 0.121135 0.296230
vt 0.120919 0.309566
vt 0.120748 0.320453
vt 0.120667 0.325729
vt 0.123887 0.329292
vt 0.127710 0.334735
vt 0.131028 0.340357
vt 0.137055 0.351466
vt 0.141165 0.363411
vt 0.143107 0.374966
vt 0.143260 0.375879
vt 0.143269 0.388525
vt 0.141201 0.400992
vt 0.137108 0.412948
vt 0.131109 0.424069
vt 0.123357 0.434054
vt 0.114057 0.442626
vt 0.103489 0.449550
vt 0.091913 0.454637
vt 0.079664 0.457754
vt 0.067072 0.458812
vt 0.054471 0.457777
vt 0.042212 0.454682
vt 0.030637 0.449617
vt 0.023073 0.445632
vt 0.007747 0.436926
vt 0.001056 0.430871
vt 0.000000 0.429919
vt 0.000000 0.238226
vt 0.015293 0.250366
vt 0.028254 0.264737
vt 0.034936 0.272029
vt 0.042122 0.277650
vt 0.043804 0.277973
vt 0.050109 0.279142
vt 0.071884 0.288460
vt 0.076300 0.291231
vt 0.090106 0.287736
vt 0.091059 0.287491
vt 0.099549 0.284597
vt 0.102805 0.283484
vt 0.108678 0.282760
vt 0.113832 0.282905
vt 0.117124 0.285343
vt 0.120416 0.290074
vt 0.121135 0.296230
vt 0.120919 0.309566
vt 0.120748 0.320453
vt 0.120667 0.325729
vt 0.123887 0.329292
vt 0.127710 0.334735
vt 0.131028 0.340357
vt 0.137055 0.351466
vt 0.141165 0.363411
vt 0.143107 0.374966
vt 0.143260 0.375879
vt 0.143269 0.388525
vt 0.141201 0.400992
vt 0.137108 0.412948
vt 0.131109 0.424069
vt 0.123357 0.434054
vt 0.114057 0.442626
vt 0.103489 0.449550
vt 0.091913 0.454637
vt 0.079664 0.457754
vt 0.067072 0.458812
vt 0.054471 0.457777
vt 0.042212 0.454682
vt 0.030637 0.449617
vt 0.023073 0.445632
vt 0.007747 0.436926
vt 0.001056 0.430871
vt 0.000000 0.429919
vt 0.000000 0.238226
vt 0.015293 0.250366
vt 0.028254 0.264737
vt 0.034936 0.272029
vt 0.042122 0.277650
vt 0.043804 0.277973
vt 0.050109 0.279142
vt 0.071884 0.288460
vt 0.076300 0.291231
vt 0.090106 0.287736
vt 0.464680 0.275235
vt 0.467747 0.270704
vt 0.470428 0.272519
vt 0.467370 0.277049
vt 0.464680 0.275235
vt 0.467747 0.270704
vt 0.470428 0.272519
vt 0.467370 0.277049
vt 0.427166 0.056036
vt 0.427373 0.056982
vt 0.427202 0.057939
vt 0.426923 0.058384
vt 0.426681 0.058763
vt 0.425880 0.059320
vt 0.424936 0.059520
vt 0.423973 0.059353
vt 0.423155 0.058830
vt 0.422597 0.058028
vt 0.422390 0.057082
vt 0.422561 0.056125
vt 0.423083 0.055301
vt 0.423883 0.054744
vt 0.424828 0.054544
vt 0.425790 0.054711
vt 0.426609 0.055234
vt 0.426815 0.055535
vt 0.427166 0.056036
vt 0.427373 0.056982
vt 0.427202 0.057939
vt 0.426923 0.058384
vt 0.426681 0.058763
vt 0.425880 0.059320
vt 0.424936 0.059520
vt 0.423973 0.059353
vt 0.423155 0.058830
vt 0.422597 0.058028
vt 0.422390 0.057082
vt 0.422561 0.056125
vt 0.423083 0.055301
vt 0.423883 0.054744
vt 0.424828 0.054544
vt 0.425790 0.054711
vt 0.426609 0.055234
vt 0.426815 0.055535
vt 0.403287 0.045494
vt 0.403197 0.045950
vt 0.402927 0.046340
vt 0.402532 0.046596
vt 0.402073 0.046685
vt 0.401614 0.046585
vt 0.401218 0.046317
vt 0.400967 0.045928
vt 0.400877 0.045460
vt 0.400976 0.045004
vt 0.401236 0.044614
vt 0.401632 0.044358
vt 0.402100 0.044269
vt 0.402559 0.044369
vt 0.402945 0.044636
vt 0.403206 0.045026
vt 0.403287 0.045494
vt 0.403197 0.045950
vt 0.402927 0.046340
vt 0.402532 0.046596
vt 0.402073 0.046685
vt 0.401614 0.046585
vt 0.401218 0.046317
vt 0.400967 0.045928
vt 0.400877 0.045460
vt 0.400976 0.045004
vt 0.401236 0.044614
vt 0.401632 0.044358
vt 0.402100 0.044269
vt 0.402559 0.044369
vt 0.402945 0.044636
vt 0.403206 0.045026
vt 0.408755 0.040117
vt 0.408657 0.040584
vt 0.408396 0.040974
vt 0.408000 0.041230
vt 0.407532 0.041319
vt 0.407074 0.041219
vt 0.406687 0.040952
vt 0.406426 0.040562
vt 0.406345 0.040095
vt 0.406435 0.039638
vt 0.406705 0.039249
vt 0.407101 0.038993
vt 0.407559 0.038904
vt 0.408018 0.039004
vt 0.408405 0.039260
vt 0.408666 0.039661
vt 0.408755 0.040117
vt 0.408657 0.040584
vt 0.408396 0.040974
vt 0.408000 0.041230
vt 0.407532 0.041319
vt 0.407074 0.041219
vt 0.406687 0.040952
vt 0.406426 0.040562
vt 0.406345 0.040095
vt 0.406435 0.039638
vt 0.406705 0.039249
vt 0.407101 0.038993
vt 0.407559 0.038904
vt 0.408018 0.039004
vt 0.408405 0.039260
vt 0.408666 0.039661
vt 0.402442 0.033850
vt 0.402343 0.034317
vt 0.402073 0.034707
vt 0.401686 0.034963
vt 0.401218 0.035052
vt 0.400760 0.034952
vt 0.400373 0.034685
vt 0.400112 0.034295
vt 0.400022 0.033827
vt 0.400121 0.033371
vt 0.400391 0.032981
vt 0.400778 0.032725
vt 0.401245 0.032636
vt 0.401704 0.032725
vt 0.402091 0.032992
vt 0.402352 0.033393
vt 0.402442 0.033850
vt 0.402343 0.034317
vt 0.402073 0.034707
vt 0.401686 0.034963
vt 0.401218 0.035052
vt 0.400760 0.034952
vt 0.400373 0.034685
vt 0.400112 0.034295
vt 0.400022 0.033827
vt 0.400121 0.033371
vt 0.400391 0.032981
vt 0.400778 0.032725
vt 0.401245 0.032636
vt 0.401704 0.032725
vt 0.402091 0.032992
vt 0.402352 0.033393
vt 0.415141 0.046740
vt 0.415042 0.047208
vt 0.414781 0.047598
vt 0.414386 0.047854
vt 0.413918 0.047943
vt 0.413459 0.047842
vt 0.413073 0.047575
vt 0.412812 0.047186
vt 0.412731 0.046718
vt 0.412821 0.046262
vt 0.413091 0.045872
vt 0.413486 0.045616
vt 0.413945 0.045527
vt 0.414404 0.045616
vt 0.414790 0.045883
vt 0.415051 0.046284
vt 0.415141 0.046740
vt 0.415042 0.047208
vt 0.414781 0.047598
vt 0.414386 0.047854
vt 0.413918 0.047943
vt 0.413459 0.047842
vt 0.413073 0.047575
vt 0.412812 0.047186
vt 0.412731 0.046718
vt 0.412821 0.046262
vt 0.413091 0.045872
vt 0.413486 0.045616
vt 0.413945 0.045527
vt 0.414404 0.045616
vt 0.414790 0.045883
vt 0.415051 0.046284
vt 0.421356 0.063405
vt 0.421185 0.064362
vt 0.420655 0.065186
vt 0.419863 0.065743
vt 0.418910 0.065943
vt 0.417956 0.065776
vt 0.417462 0.065464
vt 0.417138 0.065253
vt 0.416580 0.064451
vt 0.416373 0.063505
vt 0.416544 0.062548
vt 0.417066 0.061724
vt 0.417857 0.061167
vt 0.418811 0.060967
vt 0.419764 0.061134
vt 0.420592 0.061657
vt 0.421140 0.062459
vt 0.421356 0.063405
vt 0.421185 0.064362
vt 0.420655 0.065186
vt 0.419863 0.065743
vt 0.418910 0.065943
vt 0.417956 0.065776
vt 0.417462 0.065464
vt 0.417138 0.065253
vt 0.416580 0.064451
vt 0.416373 0.063505
vt 0.416544 0.062548
vt 0.417066 0.061724
vt 0.417857 0.061167
vt 0.418811 0.060967
vt 0.419764 0.061134
vt 0.420592 0.061657
vt 0.421140 0.062459
vt 0.409763 0.052117
vt 0.409664 0.052574
vt 0.409394 0.052963
vt 0.409007 0.053219
vt 0.408540 0.053308
vt 0.408081 0.053208
vt 0.407694 0.052941
vt 0.407433 0.052551
vt 0.407343 0.052084
vt 0.407442 0.051627
vt 0.407712 0.051238
vt 0.408099 0.050982
vt 0.408567 0.050893
vt 0.409025 0.050993
vt 0.409412 0.051260
vt 0.409673 0.051650
vt 0.409763 0.052117
vt 0.409664 0.052574
vt 0.409394 0.052963
vt 0.409007 0.053219
vt 0.408540 0.053308
vt 0.408081 0.053208
vt 0.407694 0.052941
vt 0.407433 0.052551
vt 0.407343 0.052084
vt 0.407442 0.051627
vt 0.407712 0.051238
vt 0.408099 0.050982
vt 0.408567 0.050893
vt 0.409025 0.050993
vt 0.409412 0.051260
vt 0.409673 0.051650
vt 0.397018 0.039004
vt 0.396928 0.039471
vt 0.396658 0.039861
vt 0.396263 0.040117
vt 0.395804 0.040206
vt 0.395345 0.040106
vt 0.394959 0.039839
vt 0.394698 0.039449
vt 0.394608 0.038981
vt 0.394707 0.038525
vt 0.394968 0.038135
vt 0.395363 0.037879
vt 0.395831 0.037790
vt 0.396290 0.037891
vt 0.396676 0.038147
vt 0.396937 0.038547
vt 0.397018 0.039004
vt 0.396928 0.039471
vt 0.396658 0.039861
vt 0.396263 0.040117
vt 0.395804 0.040206
vt 0.395345 0.040106
vt 0.394959 0.039839
vt 0.394698 0.039449
vt 0.394608 0.038981
vt 0.394707 0.038525
vt 0.394968 0.038135
vt 0.395363 0.037879
vt 0.395831 0.037790
vt 0.396290 0.037891
vt 0.396676 0.038147
vt 0.396937 0.038547
vt 0.432374 0.074426
vt 0.432203 0.075383
vt 0.431681 0.076207
vt 0.430881 0.076763
vt 0.429936 0.076964
vt 0.428974 0.076797
vt 0.428156 0.076273
vt 0.427832 0.075817
vt 0.427598 0.075472
vt 0.427391 0.074526
vt 0.427562 0.073568
vt 0.427751 0.073268
vt 0.428084 0.072745
vt 0.428884 0.072188
vt 0.429828 0.071988
vt 0.430791 0.072155
vt 0.431609 0.072678
vt 0.432167 0.073479
vt 0.432374 0.074426
vt 0.432203 0.075383
vt 0.431681 0.076207
vt 0.430881 0.076763
vt 0.429936 0.076964
vt 0.428974 0.076797
vt 0.428156 0.076273
vt 0.427832 0.075817
vt 0.427598 0.075472
vt 0.427391 0.074526
vt 0.427562 0.073568
vt 0.427751 0.073268
vt 0.428084 0.072745
vt 0.428884 0.072188
vt 0.429828 0.071988
vt 0.430791 0.072155
vt 0.431609 0.072678
vt 0.432167 0.073479
vt 0.438382 0.068092
vt 0.438211 0.069049
vt 0.437680 0.069861
vt 0.436889 0.070418
vt 0.435935 0.070630
vt 0.434982 0.070463
vt 0.434164 0.069939
vt 0.433606 0.069138
vt 0.433390 0.068192
vt 0.433561 0.067234
vt 0.434092 0.066411
vt 0.434883 0.065854
vt 0.435837 0.065642
vt 0.436790 0.065821
vt 0.437608 0.066344
vt 0.438166 0.067134
vt 0.438382 0.068092
vt 0.438211 0.069049
vt 0.437680 0.069861
vt 0.436889 0.070418
vt 0.435935 0.070630
vt 0.434982 0.070463
vt 0.434164 0.069939
vt 0.433606 0.069138
vt 0.433390 0.068192
vt 0.433561 0.067234
vt 0.434092 0.066411
vt 0.434883 0.065854
vt 0.435837 0.065642
vt 0.436790 0.065821
vt 0.437608 0.066344
vt 0.438166 0.067134
vt 0.471138 0.099929
vt 0.471399 0.100196
vt 0.471588 0.100497
vt 0.471723 0.100831
vt 0.471786 0.101187
vt 0.471777 0.101554
vt 0.471696 0.101899
vt 0.471552 0.102233
vt 0.471345 0.102523
vt 0.471084 0.102768
vt 0.470787 0.102957
vt 0.470455 0.103079
vt 0.470113 0.103146
vt 0.469762 0.103135
vt 0.469195 0.102979
vt 0.468719 0.102656
vt 0.468359 0.102189
vt 0.468224 0.101866
vt 0.468152 0.101521
vt 0.468152 0.101165
vt 0.468215 0.100819
vt 0.468350 0.100485
vt 0.468548 0.100185
vt 0.468872 0.099873
vt 0.469267 0.099639
vt 0.469519 0.099562
vt 0.469780 0.099517
vt 0.470149 0.099506
vt 0.470509 0.099584
vt 0.470841 0.099729
vt 0.471138 0.099929
vt 0.471399 0.100196
vt 0.471588 0.100497
vt 0.471723 0.100831
vt 0.471786 0.101187
vt 0.471777 0.101554
vt 0.471696 0.101899
vt 0.471552 0.102233
vt 0.471345 0.102523
vt 0.471084 0.102768
vt 0.470787 0.102957
vt 0.470455 0.103079
vt 0.470113 0.103146
vt 0.469762 0.103135
vt 0.469195 0.102979
vt 0.468719 0.102656
vt 0.468359 0.102189
vt 0.468224 0.101866
vt 0.468152 0.101521
vt 0.468152 0.101165
vt 0.468215 0.100819
vt 0.468350 0.100485
vt 0.468548 0.100185
vt 0.468872 0.099873
vt 0.469267 0.099639
vt 0.469519 0.099562
vt 0.469780 0.099517
vt 0.470149 0.099506
vt 0.470509 0.099584
vt 0.470841 0.099729
vt 0.463754 0.107387
vt 0.463997 0.107643
vt 0.464168 0.107888
vt 0.464339 0.108278
vt 0.464411 0.108634
vt 0.464411 0.108990
vt 0.464339 0.109347
vt 0.464195 0.109680
vt 0.463997 0.109970
vt 0.463745 0.110226
vt 0.463439 0.110426
vt 0.463106 0.110560
vt 0.462756 0.110627
vt 0.462396 0.110616
vt 0.462045 0.110549
vt 0.461712 0.110404
vt 0.461416 0.110204
vt 0.461164 0.109937
vt 0.460975 0.109647
vt 0.460840 0.109313
vt 0.460777 0.108968
vt 0.460777 0.108601
vt 0.460849 0.108256
vt 0.461083 0.107777
vt 0.461443 0.107387
vt 0.461748 0.107187
vt 0.462072 0.107053
vt 0.462423 0.106987
vt 0.462783 0.106987
vt 0.463133 0.107064
vt 0.463457 0.107198
vt 0.463754 0.107387
vt 0.463997 0.107643
vt 0.464168 0.107888
vt 0.464339 0.108278
vt 0.464411 0.108634
vt 0.464411 0.108990
vt 0.464339 0.109347
vt 0.464195 0.109680
vt 0.463997 0.109970
vt 0.463745 0.110226
vt 0.463439 0.110426
vt 0.463106 0.110560
vt 0.462756 0.110627
vt 0.462396 0.110616
vt 0.462045 0.110549
vt 0.461712 0.110404
vt 0.461416 0.110204
vt 0.461164 0.109937
vt 0.460975 0.109647
vt 0.460840 0.109313
vt 0.460777 0.108968
vt 0.460777 0.108601
vt 0.460849 0.108256
vt 0.461083 0.107777
vt 0.461443 0.107387
vt 0.461748 0.107187
vt 0.462072 0.107053
vt 0.462423 0.106987
vt 0.462783 0.106987
vt 0.463133 0.107064
vt 0.463457 0.107198
vt 0.464420 0.092281
vt 0.464671 0.092537
vt 0.464869 0.092838
vt 0.465004 0.093172
vt 0.465067 0.093517
vt 0.465067 0.093873
vt 0.464995 0.094229
vt 0.464851 0.094552
vt 0.464653 0.094853
vt 0.464402 0.095109
vt 0.464096 0.095298
vt 0.463763 0.095432
vt 0.463412 0.095498
vt 0.463061 0.095498
vt 0.462711 0.095432
vt 0.462378 0.095287
vt 0.462081 0.095086
vt 0.461721 0.094686
vt 0.461497 0.094196
vt 0.461434 0.093840
vt 0.461434 0.093483
vt 0.461506 0.093138
vt 0.461649 0.092804
vt 0.461856 0.092515
vt 0.462108 0.092259
vt 0.462405 0.092070
vt 0.462738 0.091936
vt 0.463088 0.091869
vt 0.463448 0.091869
vt 0.463799 0.091947
vt 0.464123 0.092081
vt 0.464420 0.092281
vt 0.464671 0.092537
vt 0.464869 0.092838
vt 0.465004 0.093172
vt 0.465067 0.093517
vt 0.465067 0.093873
vt 0.464995 0.094229
vt 0.464851 0.094552
vt 0.464653 0.094853
vt 0.464402 0.095109
vt 0.464096 0.095298
vt 0.463763 0.095432
vt 0.463412 0.095498
vt 0.463061 0.095498
vt 0.462711 0.095432
vt 0.462378 0.095287
vt 0.462081 0.095086
vt 0.461721 0.094686
vt 0.461497 0.094196
vt 0.461434 0.093840
vt 0.461434 0.093483
vt 0.461506 0.093138
vt 0.461649 0.092804
vt 0.461856 0.092515
vt 0.462108 0.092259
vt 0.462405 0.092070
vt 0.462738 0.091936
vt 0.463088 0.091869
vt 0.463448 0.091869
vt 0.463799 0.091947
vt 0.464123 0.092081
vt 0.455974 0.100619
vt 0.456046 0.100708
vt 0.456244 0.101009
vt 0.456379 0.101343
vt 0.456442 0.101688
vt 0.456442 0.102044
vt 0.456370 0.102389
vt 0.456235 0.102723
vt 0.456028 0.103012
vt 0.455776 0.103268
vt 0.455480 0.103469
vt 0.455147 0.103602
vt 0.454796 0.103669
vt 0.454436 0.103669
vt 0.454085 0.103591
vt 0.453753 0.103458
vt 0.453456 0.103257
vt 0.453204 0.103001
vt 0.453015 0.102701
vt 0.452880 0.102367
vt 0.452808 0.102011
vt 0.452817 0.101654
vt 0.452889 0.101309
vt 0.453024 0.100975
vt 0.453231 0.100686
vt 0.453483 0.100430
vt 0.453780 0.100229
vt 0.454112 0.100096
vt 0.454463 0.100040
vt 0.454823 0.100040
vt 0.455174 0.100107
vt 0.455506 0.100252
vt 0.455974 0.100619
vt 0.456046 0.100708
vt 0.456244 0.101009
vt 0.456379 0.101343
vt 0.456442 0.101688
vt 0.456442 0.102044
vt 0.456370 0.102389
vt 0.456235 0.102723
vt 0.456028 0.103012
vt 0.455776 0.103268
vt 0.455480 0.103469
vt 0.455147 0.103602
vt 0.454796 0.103669
vt 0.454436 0.103669
vt 0.454085 0.103591
vt 0.453753 0.103458
vt 0.453456 0.103257
vt 0.453204 0.103001
vt 0.453015 0.102701
vt 0.452880 0.102367
vt 0.452808 0.102011
vt 0.452817 0.101654
vt 0.452889 0.101309
vt 0.453024 0.100975
vt 0.453231 0.100686
vt 0.453483 0.100430
vt 0.453780 0.100229
vt 0.454112 0.100096
vt 0.454463 0.100040
vt 0.454823 0.100040
vt 0.455174 0.100107
vt 0.455506 0.100252
vt 0.463412 0.095498
vt 0.463763 0.095432
vt 0.464096 0.095298
vt 0.464402 0.095109
vt 0.464653 0.094853
vt 0.469267 0.099639
vt 0.468872 0.099873
vt 0.468548 0.100185
vt 0.468350 0.100485
vt 0.468215 0.100819
vt 0.468152 0.101165
vt 0.468152 0.101521
vt 0.468224 0.101866
vt 0.468359 0.102189
vt 0.468719 0.102656
vt 0.469195 0.102979
vt 0.469762 0.103135
vt 0.466677 0.106085
vt 0.464339 0.108278
vt 0.464168 0.107888
vt 0.463997 0.107643
vt 0.463754 0.107387
vt 0.463457 0.107198
vt 0.463133 0.107064
vt 0.462783 0.106987
vt 0.462423 0.106987
vt 0.462072 0.107053
vt 0.461748 0.107187
vt 0.461443 0.107387
vt 0.461083 0.107777
vt 0.460849 0.108256
vt 0.456028 0.103012
vt 0.456235 0.102723
vt 0.456370 0.102389
vt 0.456442 0.102044
vt 0.456442 0.101688
vt 0.456379 0.101343
vt 0.456244 0.101009
vt 0.456046 0.100708
vt 0.455974 0.100619
vt 0.458951 0.097792
vt 0.462081 0.095086
vt 0.462378 0.095287
vt 0.462711 0.095432
vt 0.463061 0.095498
vt 0.463412 0.095498
vt 0.463763 0.095432
vt 0.464096 0.095298
vt 0.464402 0.095109
vt 0.464653 0.094853
vt 0.469267 0.099639
vt 0.468872 0.099873
vt 0.468548 0.100185
vt 0.468350 0.100485
vt 0.468215 0.100819
vt 0.468152 0.101165
vt 0.468152 0.101521
vt 0.468224 0.101866
vt 0.468359 0.102189
vt 0.468719 0.102656
vt 0.469195 0.102979
vt 0.469762 0.103135
vt 0.466677 0.106085
vt 0.464339 0.108278
vt 0.464168 0.107888
vt 0.463997 0.107643
vt 0.463754 0.107387
vt 0.463457 0.107198
vt 0.463133 0.107064
vt 0.462783 0.106987
vt 0.462423 0.106987
vt 0.462072 0.107053
vt 0.461748 0.107187
vt 0.461443 0.107387
vt 0.461083 0.107777
vt 0.460849 0.108256
vt 0.456028 0.103012
vt 0.456235 0.102723
vt 0.456370 0.102389
vt 0.456442 0.102044
vt 0.456442 0.101688
vt 0.456379 0.101343
vt 0.456244 0.101009
vt 0.456046 0.100708
vt 0.455974 0.100619
vt 0.458951 0.097792
vt 0.462081 0.095086
vt 0.462378 0.095287
vt 0.462711 0.095432
vt 0.463061 0.095498
vt 0.413306 0.059353
vt 0.412119 0.058184
vt 0.413199 0.057104
vt 0.415168 0.055112
vt 0.418172 0.058084
vt 0.415132 0.061167
vt 0.413306 0.059353
vt 0.412119 0.058184
vt 0.413199 0.057104
vt 0.415168 0.055112
vt 0.418172 0.058084
vt 0.415132 0.061167
vt 0.441647 0.074359
vt 0.439668 0.076363
vt 0.436727 0.073457
vt 0.439767 0.070374
vt 0.441197 0.071798
vt 0.442708 0.073290
vt 0.441647 0.074359
vt 0.439668 0.076363
vt 0.436727 0.073457
vt 0.439767 0.070374
vt 0.441197 0.071798
vt 0.442708 0.073290
vt 0.419980 0.056514
vt 0.416976 0.053542
vt 0.418838 0.051650
vt 0.420016 0.050459
vt 0.421194 0.051616
vt 0.423029 0.053431
vt 0.419980 0.056514
vt 0.416976 0.053542
vt 0.418838 0.051650
vt 0.420016 0.050459
vt 0.421194 0.051616
vt 0.423029 0.053431
vt 0.434919 0.081116
vt 0.433876 0.080081
vt 0.431906 0.078144
vt 0.434946 0.075060
vt 0.437959 0.078032
vt 0.435711 0.080314
vt 0.434919 0.081116
vt 0.433876 0.080081
vt 0.431906 0.078144
vt 0.434946 0.075060
vt 0.437959 0.078032
vt 0.435711 0.080314
vt 0.013512 0.865885
vt 0.009078 0.865696
vt 0.000000 0.865977
vt 0.000000 0.850613
vt 0.004213 0.850289
vt 0.005661 0.851480
vt 0.013512 0.865885
vt 0.009078 0.865696
vt 0.000000 0.865977
vt 0.000000 0.850613
vt 0.004213 0.850289
vt 0.005661 0.851480
vt 0.847134 0.799260
vt 0.846981 0.772466
vt 0.919536 0.772054
vt 0.919689 0.798848
vt 0.847134 0.799260
vt 0.846981 0.772466
vt 0.919536 0.772054
vt 0.919689 0.798848
vt 0.966305 0.785156
vt 0.966386 0.781282
vt 0.966458 0.778076
vt 0.971665 0.778087
vt 0.971692 0.781260
vt 0.971728 0.785100
vt 0.982638 0.784989
vt 0.982593 0.791468
vt 0.983394 0.791479
vt 0.986479 0.791512
vt 0.990058 0.791557
vt 0.990094 0.802455
vt 0.986380 0.802500
vt 0.983304 0.802533
vt 0.982719 0.802544
vt 0.982782 0.809212
vt 0.936939 0.809702
vt 0.937092 0.778967
vt 0.958102 0.779011
vt 0.958219 0.785245
vt 0.966305 0.785156
vt 0.966386 0.781282
vt 0.966458 0.778076
vt 0.971665 0.778087
vt 0.971692 0.781260
vt 0.971728 0.785100
vt 0.982638 0.784989
vt 0.982593 0.791468
vt 0.983394 0.791479
vt 0.986479 0.791512
vt 0.990058 0.791557
vt 0.990094 0.802455
vt 0.986380 0.802500
vt 0.983304 0.802533
vt 0.982719 0.802544
vt 0.982782 0.809212
vt 0.936939 0.809702
vt 0.937092 0.778967
vt 0.958102 0.779011
vt 0.958219 0.785245
vt 0.413306 0.059353
vt 0.412119 0.058184
vt 0.413199 0.057104
vt 0.389517 0.033415
vt 0.392998 0.030087
vt 0.395228 0.028028
vt 0.418838 0.051650
vt 0.420016 0.050459
vt 0.421194 0.051616
vt 0.422193 0.050625
vt 0.423065 0.049991
vt 0.424099 0.049657
vt 0.425179 0.049668
vt 0.425961 0.049935
vt 0.426204 0.050013
vt 0.427058 0.050670
vt 0.427661 0.051572
vt 0.427958 0.052607
vt 0.427904 0.053698
vt 0.427508 0.054700
vt 0.426815 0.055535
vt 0.427166 0.056036
vt 0.427373 0.056982
vt 0.427202 0.057939
vt 0.426923 0.058384
vt 0.427535 0.059108
vt 0.433930 0.059108
vt 0.450362 0.059108
vt 0.457971 0.060232
vt 0.458493 0.058429
vt 0.464833 0.054922
vt 0.453852 0.033594
vt 0.450839 0.035531
vt 0.447223 0.028651
vt 0.453708 0.025111
vt 0.461092 0.020881
vt 0.469177 0.016350
vt 0.473036 0.023341
vt 0.470383 0.024911
vt 0.489180 0.060232
vt 0.480780 0.064919
vt 0.479458 0.069405
vt 0.478064 0.074092
vt 0.469663 0.078678
vt 0.460480 0.075995
vt 0.455857 0.067624
vt 0.456307 0.066054
vt 0.450452 0.064863
vt 0.432392 0.064685
vt 0.434092 0.066411
vt 0.434883 0.065854
vt 0.435837 0.065642
vt 0.436790 0.065821
vt 0.437608 0.066344
vt 0.438472 0.065754
vt 0.439479 0.065453
vt 0.440531 0.065487
vt 0.441521 0.065854
vt 0.442339 0.066500
vt 0.442915 0.067379
vt 0.443194 0.068392
vt 0.443140 0.069450
vt 0.442753 0.070418
vt 0.442087 0.071231
vt 0.441197 0.071798
vt 0.442708 0.073290
vt 0.441647 0.074359
vt 0.461497 0.094196
vt 0.461434 0.093840
vt 0.461434 0.093483
vt 0.461506 0.093138
vt 0.461649 0.092804
vt 0.461856 0.092515
vt 0.462108 0.092259
vt 0.462405 0.092070
vt 0.462738 0.091936
vt 0.463088 0.091869
vt 0.463448 0.091869
vt 0.463799 0.091947
vt 0.464123 0.092081
vt 0.464420 0.092281
vt 0.464671 0.092537
vt 0.464869 0.092838
vt 0.465004 0.093172
vt 0.465067 0.093517
vt 0.465067 0.093873
vt 0.464995 0.094229
vt 0.464851 0.094552
vt 0.464653 0.094853
vt 0.469267 0.099639
vt 0.469519 0.099562
vt 0.469780 0.099517
vt 0.470149 0.099506
vt 0.470509 0.099584
vt 0.470841 0.099729
vt 0.471138 0.099929
vt 0.471399 0.100196
vt 0.471588 0.100497
vt 0.471723 0.100831
vt 0.471786 0.101187
vt 0.471777 0.101554
vt 0.471696 0.101899
vt 0.471552 0.102233
vt 0.471345 0.102523
vt 0.471084 0.102768
vt 0.470787 0.102957
vt 0.470455 0.103079
vt 0.470113 0.103146
vt 0.469762 0.103135
vt 0.466677 0.106085
vt 0.464339 0.108278
vt 0.464411 0.108634
vt 0.464411 0.108990
vt 0.464339 0.109347
vt 0.464195 0.109680
vt 0.463997 0.109970
vt 0.463745 0.110226
vt 0.463439 0.110426
vt 0.463106 0.110560
vt 0.462756 0.110627
vt 0.462396 0.110616
vt 0.462045 0.110549
vt 0.461712 0.110404
vt 0.461416 0.110204
vt 0.461164 0.109937
vt 0.460975 0.109647
vt 0.460840 0.109313
vt 0.460777 0.108968
vt 0.460777 0.108601
vt 0.460849 0.108256
vt 0.456028 0.103012
vt 0.455776 0.103268
vt 0.455480 0.103469
vt 0.455147 0.103602
vt 0.454796 0.103669
vt 0.454436 0.103669
vt 0.454085 0.103591
vt 0.453753 0.103458
vt 0.453456 0.103257
vt 0.453204 0.103001
vt 0.453015 0.102701
vt 0.452880 0.102367
vt 0.452808 0.102011
vt 0.452817 0.101654
vt 0.452889 0.101309
vt 0.453024 0.100975
vt 0.453231 0.100686
vt 0.453483 0.100430
vt 0.453780 0.100229
vt 0.454112 0.100096
vt 0.454463 0.100040
vt 0.454823 0.100040
vt 0.455174 0.100107
vt 0.455506 0.100252
vt 0.435711 0.080314
vt 0.434919 0.081116
vt 0.433876 0.080081
vt 0.433093 0.081027
vt 0.432041 0.081661
vt 0.430845 0.081929
vt 0.429631 0.081784
vt 0.428524 0.081249
vt 0.427652 0.080381
vt 0.427112 0.079279
vt 0.426959 0.078066
vt 0.427211 0.076863
vt 0.427832 0.075817
vt 0.427598 0.075472
vt 0.427391 0.074526
vt 0.427562 0.073568
vt 0.427751 0.073268
vt 0.426465 0.072010
vt 0.426510 0.105061
vt 0.428551 0.105061
vt 0.428560 0.110627
vt 0.424207 0.110638
vt 0.420718 0.110638
vt 0.420664 0.073312
vt 0.420655 0.065186
vt 0.419863 0.065743
vt 0.418910 0.065943
vt 0.417956 0.065776
vt 0.417462 0.065464
vt 0.416445 0.066121
vt 0.415276 0.066422
vt 0.414062 0.066310
vt 0.412965 0.065809
vt 0.412083 0.064975
vt 0.411795 0.064407
vt 0.411535 0.063895
vt 0.411364 0.062693
vt 0.411598 0.061501
vt 0.412218 0.060455
vt 0.413306 0.059353
vt 0.412119 0.058184
vt 0.413199 0.057104
vt 0.389517 0.033415
vt 0.392998 0.030087
vt 0.395228 0.028028
vt 0.418838 0.051650
vt 0.420016 0.050459
vt 0.421194 0.051616
vt 0.422193 0.050625
vt 0.423065 0.049991
vt 0.424099 0.049657
vt 0.425179 0.049668
vt 0.425961 0.049935
vt 0.426204 0.050013
vt 0.427058 0.050670
vt 0.427661 0.051572
vt 0.427958 0.052607
vt 0.427904 0.053698
vt 0.427508 0.054700
vt 0.426815 0.055535
vt 0.427166 0.056036
vt 0.427373 0.056982
vt 0.427202 0.057939
vt 0.426923 0.058384
vt 0.427535 0.059108
vt 0.433930 0.059108
vt 0.450362 0.059108
vt 0.457971 0.060232
vt 0.458493 0.058429
vt 0.464833 0.054922
vt 0.453852 0.033594
vt 0.450839 0.035531
vt 0.447223 0.028651
vt 0.453708 0.025111
vt 0.461092 0.020881
vt 0.469177 0.016350
vt 0.473036 0.023341
vt 0.470383 0.024911
vt 0.489180 0.060232
vt 0.480780 0.064919
vt 0.479458 0.069405
vt 0.478064 0.074092
vt 0.469663 0.078678
vt 0.460480 0.075995
vt 0.455857 0.067624
vt 0.456307 0.066054
vt 0.450452 0.064863
vt 0.432392 0.064685
vt 0.434092 0.066411
vt 0.434883 0.065854
vt 0.435837 0.065642
vt 0.436790 0.065821
vt 0.437608 0.066344
vt 0.438472 0.065754
vt 0.439479 0.065453
vt 0.440531 0.065487
vt 0.441521 0.065854
vt 0.442339 0.066500
vt 0.442915 0.067379
vt 0.443194 0.068392
vt 0.443140 0.069450
vt 0.442753 0.070418
vt 0.442087 0.071231
vt 0.441197 0.071798
vt 0.442708 0.073290
vt 0.441647 0.074359
vt 0.461497 0.094196
vt 0.461434 0.093840
vt 0.461434 0.093483
vt 0.461506 0.093138
vt 0.461649 0.092804
vt 0.461856 0.092515
vt 0.462108 0.092259
vt 0.462405 0.092070
vt 0.462738 0.091936
vt 0.463088 0.091869
vt 0.463448 0.091869
vt 0.463799 0.091947
vt 0.464123 0.092081
vt 0.464420 0.092281
vt 0.464671 0.092537
vt 0.464869 0.092838
vt 0.465004 0.093172
vt 0.465067 0.093517
vt 0.465067 0.093873
vt 0.464995 0.094229
vt 0.464851 0.094552
vt 0.464653 0.094853
vt 0.469267 0.099639
vt 0.469519 0.099562
vt 0.469780 0.099517
vt 0.470149 0.099506
vt 0.470509 0.099584
vt 0.470841 0.099729
vt 0.471138 0.099929
vt 0.471399 0.100196
vt 0.471588 0.100497
vt 0.471723 0.100831
vt 0.471786 0.101187
vt 0.471777 0.101554
vt 0.471696 0.101899
vt 0.471552 0.102233
vt 0.471345 0.102523
vt 0.471084 0.102768
vt 0.470787 0.102957
vt 0.470455 0.103079
vt 0.470113 0.103146
vt 0.469762 0.103135
vt 0.466677 0.106085
vt 0.464339 0.108278
vt 0.464411 0.108634
vt 0.464411 0.108990
vt 0.464339 0.109347
vt 0.464195 0.109680
vt 0.463997 0.109970
vt 0.463745 0.110226
vt 0.463439 0.110426
vt 0.463106 0.110560
vt 0.462756 0.110627
vt 0.462396 0.110616
vt 0.462045 0.110549
vt 0.461712 0.110404
vt 0.461416 0.110204
vt 0.461164 0.109937
vt 0.460975 0.109647
vt 0.460840 0.109313
vt 0.460777 0.108968
vt 0.460777 0.108601
vt 0.460849 0.108256
vt 0.456028 0.103012
vt 0.455776 0.103268
vt 0.455480 0.103469
vt 0.455147 0.103602
vt 0.454796 0.103669
vt 0.454436 0.103669
vt 0.454085 0.103591
vt 0.453753 0.103458
vt 0.453456 0.103257
vt 0.453204 0.103001
vt 0.453015 0.102701
vt 0.452880 0.102367
vt 0.452808 0.102011
vt 0.452817 0.101654
vt 0.452889 0.101309
vt 0.453024 0.100975
vt 0.453231 0.100686
vt 0.453483 0.100430
vt 0.453780 0.100229
vt 0.454112 0.100096
vt 0.454463 0.100040
vt 0.454823 0.100040
vt 0.455174 0.100107
vt 0.455506 0.100252
vt 0.435711 0.080314
vt 0.434919 0.081116
vt 0.433876 0.080081
vt 0.433093 0.081027
vt 0.432041 0.081661
vt 0.430845 0.081929
vt 0.429631 0.081784
vt 0.428524 0.081249
vt 0.427652 0.080381
vt 0.427112 0.079279
vt 0.426959 0.078066
vt 0.427211 0.076863
vt 0.427832 0.075817
vt 0.427598 0.075472
vt 0.427391 0.074526
vt 0.427562 0.073568
vt 0.427751 0.073268
vt 0.426465 0.072010
vt 0.426510 0.105061
vt 0.428551 0.105061
vt 0.428560 0.110627
vt 0.424207 0.110638
vt 0.420718 0.110638
vt 0.420664 0.073312
vt 0.420655 0.065186
vt 0.419863 0.065743
vt 0.418910 0.065943
vt 0.417956 0.065776
vt 0.417462 0.065464
vt 0.416445 0.066121
vt 0.415276 0.066422
vt 0.414062 0.066310
vt 0.412965 0.065809
vt 0.412083 0.064975
vt 0.411795 0.064407
vt 0.411535 0.063895
vt 0.411364 0.062693
vt 0.411598 0.061501
vt 0.412218 0.060455
vt 0.412605 0.405000
vt 0.426348 0.404967
vt 0.426375 0.417256
vt 0.380883 0.417356
vt 0.376404 0.421854
vt 0.343495 0.421932
vt 0.332648 0.411134
vt 0.303201 0.411200
vt 0.303183 0.402339
vt 0.291743 0.402362
vt 0.273827 0.420362
vt 0.252376 0.399011
vt 0.256936 0.394425
vt 0.256909 0.383638
vt 0.318284 0.383504
vt 0.342649 0.407772
vt 0.412605 0.407616
vt 0.412605 0.405000
vt 0.426348 0.404967
vt 0.426375 0.417256
vt 0.380883 0.417356
vt 0.376404 0.421854
vt 0.343495 0.421932
vt 0.332648 0.411134
vt 0.303201 0.411200
vt 0.303183 0.402339
vt 0.291743 0.402362
vt 0.273827 0.420362
vt 0.252376 0.399011
vt 0.256936 0.394425
vt 0.256909 0.383638
vt 0.318284 0.383504
vt 0.342649 0.407772
vt 0.412605 0.407616
vt 0.586591 1.000000
vt 0.590075 0.996685
vt 0.600841 0.986433
vt 0.611166 0.985375
vt 0.615627 0.984919
vt 0.615266 1.000000
vt 0.586591 1.000000
vt 0.590075 0.996685
vt 0.600841 0.986433
vt 0.611166 0.985375
vt 0.615627 0.984919
vt 0.615266 1.000000
vt 0.381252 0.168246
vt 0.381270 0.166709
vt 0.392251 0.166843
vt 0.392233 0.168368
vt 0.381252 0.168246
vt 0.381270 0.166709
vt 0.392251 0.166843
vt 0.392233 0.168368
vt 0.821762 0.879878
vt 0.821762 0.871596
vt 0.805321 0.855254
vt 0.805114 0.843654
vt 0.814656 0.833903
vt 0.821330 0.833936
vt 0.825773 0.829161
vt 0.891520 0.829328
vt 0.904624 0.842408
vt 0.904642 0.844801
vt 0.904687 0.850233
vt 0.904867 0.917571
vt 0.895693 0.926053
vt 0.814899 0.925808
vt 0.805105 0.916146
vt 0.805069 0.904212
vt 0.821771 0.888149
vt 0.821762 0.879878
vt 0.821762 0.871596
vt 0.805321 0.855254
vt 0.805114 0.843654
vt 0.814656 0.833903
vt 0.821330 0.833936
vt 0.825773 0.829161
vt 0.891520 0.829328
vt 0.904624 0.842408
vt 0.904642 0.844801
vt 0.904687 0.850233
vt 0.904867 0.917571
vt 0.895693 0.926053
vt 0.814899 0.925808
vt 0.805105 0.916146
vt 0.805069 0.904212
vt 0.821771 0.888149
vt 0.484746 0.538216
vt 0.484899 0.538205
vt 0.486275 0.538183
vt 0.486338 0.541756
vt 0.483568 0.541800
vt 0.483505 0.538238
vt 0.484746 0.538216
vt 0.484899 0.538205
vt 0.486275 0.538183
vt 0.486338 0.541756
vt 0.483568 0.541800
vt 0.483505 0.538238
vt 0.473665 0.983327
vt 0.477569 0.982459
vt 0.477938 0.984106
vt 0.478297 0.985743
vt 0.474394 0.986611
vt 0.474025 0.984963
vt 0.473665 0.983327
vt 0.477569 0.982459
vt 0.477938 0.984106
vt 0.478297 0.985743
vt 0.474394 0.986611
vt 0.474025 0.984963
vt 0.395980 1.000000
vt 0.398160 0.999201
vt 0.397054 0.996285
vt 0.399015 0.993869
vt 0.397810 0.990852
vt 0.405608 0.987891
vt 0.405976 0.989316
vt 0.422534 0.983115
vt 0.421959 0.981691
vt 0.430368 0.978507
vt 0.431474 0.982058
vt 0.443221 0.977438
vt 0.445919 0.976781
vt 0.450110 0.977305
vt 0.454211 0.979141
vt 0.456523 0.980900
vt 0.457719 0.981891
vt 0.443023 0.995093
vt 0.445676 0.998121
vt 0.446051 1.000000
vt 0.395980 1.000000
vt 0.398160 0.999201
vt 0.397054 0.996285
vt 0.399015 0.993869
vt 0.397810 0.990852
vt 0.405608 0.987891
vt 0.405976 0.989316
vt 0.422534 0.983115
vt 0.421959 0.981691
vt 0.430368 0.978507
vt 0.431474 0.982058
vt 0.443221 0.977438
vt 0.445919 0.976781
vt 0.450110 0.977305
vt 0.454211 0.979141
vt 0.456523 0.980900
vt 0.457719 0.981891
vt 0.443023 0.995093
vt 0.445676 0.998121
vt 0.446051 1.000000
vt 0.581765 0.937441
vt 0.580677 0.937575
vt 0.580173 0.933601
vt 0.583510 0.933178
vt 0.584013 0.937152
vt 0.583222 0.937252
vt 0.581765 0.937441
vt 0.580677 0.937575
vt 0.580173 0.933601
vt 0.583510 0.933178
vt 0.584013 0.937152
vt 0.583222 0.937252
vt 0.318096 0.970915
vt 0.318212 0.968009
vt 0.396119 0.976269
vt 0.392350 0.992923
vt 0.390400 1.000000
vt 0.316187 1.000000
vt 0.318096 0.970915
vt 0.318212 0.968009
vt 0.396119 0.976269
vt 0.392350 0.992923
vt 0.390400 1.000000
vt 0.316187 1.000000
vt 0.608819 0.636266
vt 0.614134 0.636311
vt 0.614116 0.638893
vt 0.619882 0.638949
vt 0.619837 0.643869
vt 0.622976 0.643892
vt 0.622904 0.651294
vt 0.641557 0.651472
vt 0.641485 0.659320
vt 0.638382 0.661636
vt 0.622706 0.661513
vt 0.622733 0.657317
vt 0.619081 0.657294
vt 0.619009 0.667079
vt 0.618982 0.669673
vt 0.595499 0.669495
vt 0.575019 0.669339
vt 0.575298 0.632370
vt 0.597396 0.632537
vt 0.604421 0.632593
vt 0.608819 0.636266
vt 0.614134 0.636311
vt 0.614116 0.638893
vt 0.619882 0.638949
vt 0.619837 0.643869
vt 0.622976 0.643892
vt 0.622904 0.651294
vt 0.641557 0.651472
vt 0.641485 0.659320
vt 0.638382 0.661636
vt 0.622706 0.661513
vt 0.622733 0.657317
vt 0.619081 0.657294
vt 0.619009 0.667079
vt 0.618982 0.669673
vt 0.595499 0.669495
vt 0.575019 0.669339
vt 0.575298 0.632370
vt 0.597396 0.632537
vt 0.604421 0.632593
vt 0.628957 0.672067
vt 0.624181 0.672078
vt 0.624217 0.679670
vt 0.619261 0.679692
vt 0.619423 0.721147
vt 0.615906 0.721170
vt 0.615870 0.711073
vt 0.608630 0.711095
vt 0.608648 0.716093
vt 0.605716 0.716105
vt 0.605734 0.722038
vt 0.596011 0.722082
vt 0.592144 0.715993
vt 0.592324 0.713600
vt 0.593682 0.711852
vt 0.595643 0.711841
vt 0.595499 0.669495
vt 0.618982 0.669673
vt 0.619009 0.667079
vt 0.623380 0.667057
vt 0.623389 0.669083
vt 0.628948 0.669061
vt 0.628957 0.672067
vt 0.624181 0.672078
vt 0.624217 0.679670
vt 0.619261 0.679692
vt 0.619423 0.721147
vt 0.615906 0.721170
vt 0.615870 0.711073
vt 0.608630 0.711095
vt 0.608648 0.716093
vt 0.605716 0.716105
vt 0.605734 0.722038
vt 0.596011 0.722082
vt 0.592144 0.715993
vt 0.592324 0.713600
vt 0.593682 0.711852
vt 0.595643 0.711841
vt 0.595499 0.669495
vt 0.618982 0.669673
vt 0.619009 0.667079
vt 0.623380 0.667057
vt 0.623389 0.669083
vt 0.628948 0.669061
vt 0.625584 0.808667
vt 0.621258 0.808722
vt 0.621240 0.807442
vt 0.619144 0.807453
vt 0.619207 0.815914
vt 0.568723 0.816225
vt 0.568723 0.812296
vt 0.561834 0.812273
vt 0.561996 0.775594
vt 0.558740 0.775560
vt 0.558983 0.748443
vt 0.560395 0.746472
vt 0.563210 0.745905
vt 0.575721 0.746306
vt 0.579345 0.748999
vt 0.577861 0.792960
vt 0.583213 0.801687
vt 0.585281 0.802822
vt 0.586703 0.800618
vt 0.595472 0.800830
vt 0.595436 0.802321
vt 0.599168 0.802399
vt 0.598386 0.766098
vt 0.589734 0.751337
vt 0.590147 0.748966
vt 0.592953 0.747608
vt 0.598422 0.747107
vt 0.604619 0.747140
vt 0.606184 0.747630
vt 0.607893 0.752829
vt 0.611760 0.757304
vt 0.613442 0.757270
vt 0.613379 0.753608
vt 0.620241 0.753486
vt 0.620682 0.778532
vt 0.623290 0.778488
vt 0.623560 0.793494
vt 0.640370 0.793193
vt 0.640532 0.801865
vt 0.627850 0.802088
vt 0.628039 0.812941
vt 0.625656 0.812986
vt 0.625584 0.808667
vt 0.621258 0.808722
vt 0.621240 0.807442
vt 0.619144 0.807453
vt 0.619207 0.815914
vt 0.568723 0.816225
vt 0.568723 0.812296
vt 0.561834 0.812273
vt 0.561996 0.775594
vt 0.558740 0.775560
vt 0.558983 0.748443
vt 0.560395 0.746472
vt 0.563210 0.745905
vt 0.575721 0.746306
vt 0.579345 0.748999
vt 0.577861 0.792960
vt 0.583213 0.801687
vt 0.585281 0.802822
vt 0.586703 0.800618
vt 0.595472 0.800830
vt 0.595436 0.802321
vt 0.599168 0.802399
vt 0.598386 0.766098
vt 0.589734 0.751337
vt 0.590147 0.748966
vt 0.592953 0.747608
vt 0.598422 0.747107
vt 0.604619 0.747140
vt 0.606184 0.747630
vt 0.607893 0.752829
vt 0.611760 0.757304
vt 0.613442 0.757270
vt 0.613379 0.753608
vt 0.620241 0.753486
vt 0.620682 0.778532
vt 0.623290 0.778488
vt 0.623560 0.793494
vt 0.640370 0.793193
vt 0.640532 0.801865
vt 0.627850 0.802088
vt 0.628039 0.812941
vt 0.625656 0.812986
vt 0.554990 0.715125
vt 0.554072 0.712353
vt 0.554621 0.694108
vt 0.552777 0.690790
vt 0.550933 0.689499
vt 0.550196 0.686917
vt 0.550385 0.677332
vt 0.551122 0.675484
vt 0.552966 0.673269
vt 0.552408 0.650415
vt 0.549647 0.650226
vt 0.551122 0.634196
vt 0.551770 0.632971
vt 0.591496 0.632214
vt 0.597396 0.632537
vt 0.604421 0.632593
vt 0.608819 0.636266
vt 0.614134 0.636311
vt 0.614116 0.638893
vt 0.619882 0.638949
vt 0.619837 0.643869
vt 0.622976 0.643892
vt 0.622904 0.651294
vt 0.641557 0.651472
vt 0.641485 0.659320
vt 0.638382 0.661636
vt 0.622706 0.661513
vt 0.622733 0.657317
vt 0.619081 0.657294
vt 0.619009 0.667079
vt 0.623380 0.667057
vt 0.623389 0.669083
vt 0.628948 0.669061
vt 0.628957 0.672067
vt 0.624181 0.672078
vt 0.624217 0.679670
vt 0.619261 0.679692
vt 0.619423 0.721147
vt 0.620988 0.721014
vt 0.620808 0.730587
vt 0.620619 0.740740
vt 0.617687 0.740806
vt 0.617696 0.742131
vt 0.611958 0.742220
vt 0.611760 0.746205
vt 0.611760 0.757304
vt 0.613442 0.757270
vt 0.613379 0.753608
vt 0.620241 0.753486
vt 0.620682 0.778532
vt 0.623290 0.778488
vt 0.623560 0.793494
vt 0.640370 0.793193
vt 0.640532 0.801865
vt 0.627850 0.802088
vt 0.628039 0.812941
vt 0.625656 0.812986
vt 0.625584 0.808667
vt 0.621258 0.808722
vt 0.621240 0.807442
vt 0.619144 0.807453
vt 0.619207 0.815914
vt 0.568723 0.816225
vt 0.568723 0.812296
vt 0.561834 0.812273
vt 0.559235 0.812273
vt 0.559046 0.819275
vt 0.554072 0.819275
vt 0.554126 0.794384
vt 0.554378 0.753675
vt 0.553919 0.745148
vt 0.576054 0.745292
vt 0.576377 0.730788
vt 0.576746 0.717518
vt 0.558128 0.718064
vt 0.556096 0.716594
vt 0.554990 0.715125
vt 0.554072 0.712353
vt 0.554621 0.694108
vt 0.552777 0.690790
vt 0.550933 0.689499
vt 0.550196 0.686917
vt 0.550385 0.677332
vt 0.551122 0.675484
vt 0.552966 0.673269
vt 0.552408 0.650415
vt 0.549647 0.650226
vt 0.551122 0.634196
vt 0.551770 0.632971
vt 0.591496 0.632214
vt 0.597396 0.632537
vt 0.604421 0.632593
vt 0.608819 0.636266
vt 0.614134 0.636311
vt 0.614116 0.638893
vt 0.619882 0.638949
vt 0.619837 0.643869
vt 0.622976 0.643892
vt 0.622904 0.651294
vt 0.641557 0.651472
vt 0.641485 0.659320
vt 0.638382 0.661636
vt 0.622706 0.661513
vt 0.622733 0.657317
vt 0.619081 0.657294
vt 0.619009 0.667079
vt 0.623380 0.667057
vt 0.623389 0.669083
vt 0.628948 0.669061
vt 0.628957 0.672067
vt 0.624181 0.672078
vt 0.624217 0.679670
vt 0.619261 0.679692
vt 0.619423 0.721147
vt 0.620988 0.721014
vt 0.620808 0.730587
vt 0.620619 0.740740
vt 0.617687 0.740806
vt 0.617696 0.742131
vt 0.611958 0.742220
vt 0.611760 0.746205
vt 0.611760 0.757304
vt 0.613442 0.757270
vt 0.613379 0.753608
vt 0.620241 0.753486
vt 0.620682 0.778532
vt 0.623290 0.778488
vt 0.623560 0.793494
vt 0.640370 0.793193
vt 0.640532 0.801865
vt 0.627850 0.802088
vt 0.628039 0.812941
vt 0.625656 0.812986
vt 0.625584 0.808667
vt 0.621258 0.808722
vt 0.621240 0.807442
vt 0.619144 0.807453
vt 0.619207 0.815914
vt 0.568723 0.816225
vt 0.568723 0.812296
vt 0.561834 0.812273
vt 0.559235 0.812273
vt 0.559046 0.819275
vt 0.554072 0.819275
vt 0.554126 0.794384
vt 0.554378 0.753675
vt 0.553919 0.745148
vt 0.576054 0.745292
vt 0.576377 0.730788
vt 0.576746 0.717518
vt 0.558128 0.718064
vt 0.556096 0.716594
vt 0.259337 0.915467
vt 0.251899 0.913886
vt 0.238408 0.906784
vt 0.227463 0.896086
vt 0.226096 0.894260
vt 0.225079 0.892902
vt 0.227876 0.890987
vt 0.222660 0.881737
vt 0.219467 0.867922
vt 0.220402 0.853573
vt 0.225583 0.840181
vt 0.234001 0.828871
vt 0.245550 0.820611
vt 0.259059 0.815780
vt 0.273260 0.815123
vt 0.276786 0.815992
vt 0.276318 0.818663
vt 0.274402 0.829539
vt 0.271605 0.828905
vt 0.261532 0.829417
vt 0.251908 0.832879
vt 0.243769 0.838879
vt 0.237617 0.846994
vt 0.234028 0.856534
vt 0.233489 0.866709
vt 0.235899 0.876494
vt 0.239757 0.882872
vt 0.241943 0.881392
vt 0.253959 0.873243
vt 0.258096 0.870438
vt 0.258690 0.871306
vt 0.261127 0.873711
vt 0.264239 0.875403
vt 0.267864 0.875993
vt 0.271488 0.875737
vt 0.272577 0.875269
vt 0.274555 0.881013
vt 0.279079 0.894060
vt 0.283190 0.905960
vt 0.286320 0.914988
vt 0.282515 0.916591
vt 0.276615 0.916936
vt 0.266776 0.917036
vt 0.259337 0.915467
vt 0.251899 0.913886
vt 0.238408 0.906784
vt 0.227463 0.896086
vt 0.226096 0.894260
vt 0.225079 0.892902
vt 0.227876 0.890987
vt 0.222660 0.881737
vt 0.219467 0.867922
vt 0.220402 0.853573
vt 0.225583 0.840181
vt 0.234001 0.828871
vt 0.245550 0.820611
vt 0.259059 0.815780
vt 0.273260 0.815123
vt 0.276786 0.815992
vt 0.276318 0.818663
vt 0.274402 0.829539
vt 0.271605 0.828905
vt 0.261532 0.829417
vt 0.251908 0.832879
vt 0.243769 0.838879
vt 0.237617 0.846994
vt 0.234028 0.856534
vt 0.233489 0.866709
vt 0.235899 0.876494
vt 0.239757 0.882872
vt 0.241943 0.881392
vt 0.253959 0.873243
vt 0.258096 0.870438
vt 0.258690 0.871306
vt 0.261127 0.873711
vt 0.264239 0.875403
vt 0.267864 0.875993
vt 0.271488 0.875737
vt 0.272577 0.875269
vt 0.274555 0.881013
vt 0.279079 0.894060
vt 0.283190 0.905960
vt 0.286320 0.914988
vt 0.282515 0.916591
vt 0.276615 0.916936
vt 0.266776 0.917036
vt 0.469069 0.517321
vt 0.464276 0.522197
vt 0.452790 0.510408
vt 0.457188 0.505956
vt 0.463052 0.511566
vt 0.469069 0.517321
vt 0.464276 0.522197
vt 0.452790 0.510408
vt 0.457188 0.505956
vt 0.463052 0.511566
vt 0.648311 0.000000
vt 0.893421 0.000000
vt 0.886834 0.020091
vt 0.864996 0.061256
vt 0.824253 0.086459
vt 0.783087 0.096534
vt 0.741508 0.095699
vt 0.674304 0.040251
vt 0.648311 0.000000
vt 0.893421 0.000000
vt 0.886834 0.020091
vt 0.864996 0.061256
vt 0.824253 0.086459
vt 0.783087 0.096534
vt 0.741508 0.095699
vt 0.674304 0.040251
vt 0.619423 0.721147
vt 0.620988 0.721014
vt 0.620808 0.730587
vt 0.576377 0.730788
vt 0.576746 0.717518
vt 0.558128 0.718064
vt 0.556096 0.716594
vt 0.554990 0.715125
vt 0.554072 0.712353
vt 0.554621 0.694108
vt 0.552777 0.690790
vt 0.550933 0.689499
vt 0.550196 0.686917
vt 0.550385 0.677332
vt 0.551122 0.675484
vt 0.552966 0.673269
vt 0.552408 0.650415
vt 0.549647 0.650226
vt 0.551122 0.634196
vt 0.551770 0.632971
vt 0.575298 0.632370
vt 0.575019 0.669339
vt 0.595499 0.669495
vt 0.595643 0.711841
vt 0.593682 0.711852
vt 0.592324 0.713600
vt 0.592144 0.715993
vt 0.596011 0.722082
vt 0.605734 0.722038
vt 0.605716 0.716105
vt 0.608648 0.716093
vt 0.608630 0.711095
vt 0.615870 0.711073
vt 0.615906 0.721170
vt 0.619423 0.721147
vt 0.620988 0.721014
vt 0.620808 0.730587
vt 0.576377 0.730788
vt 0.576746 0.717518
vt 0.558128 0.718064
vt 0.556096 0.716594
vt 0.554990 0.715125
vt 0.554072 0.712353
vt 0.554621 0.694108
vt 0.552777 0.690790
vt 0.550933 0.689499
vt 0.550196 0.686917
vt 0.550385 0.677332
vt 0.551122 0.675484
vt 0.552966 0.673269
vt 0.552408 0.650415
vt 0.549647 0.650226
vt 0.551122 0.634196
vt 0.551770 0.632971
vt 0.575298 0.632370
vt 0.575019 0.669339
vt 0.595499 0.669495
vt 0.595643 0.711841
vt 0.593682 0.711852
vt 0.592324 0.713600
vt 0.592144 0.715993
vt 0.596011 0.722082
vt 0.605734 0.722038
vt 0.605716 0.716105
vt 0.608648 0.716093
vt 0.608630 0.711095
vt 0.615870 0.711073
vt 0.615906 0.721170
vt 0.561834 0.812273
vt 0.559235 0.812273
vt 0.559046 0.819275
vt 0.554072 0.819275
vt 0.554378 0.753675
vt 0.553919 0.745148
vt 0.576054 0.745292
vt 0.575721 0.746306
vt 0.611760 0.746205
vt 0.611760 0.757304
vt 0.613442 0.757270
vt 0.613379 0.753608
vt 0.620241 0.753486
vt 0.620682 0.778532
vt 0.623290 0.778488
vt 0.623560 0.793494
vt 0.640370 0.793193
vt 0.640532 0.801865
vt 0.627850 0.802088
vt 0.628039 0.812941
vt 0.625656 0.812986
vt 0.625584 0.808667
vt 0.621258 0.808722
vt 0.621240 0.807442
vt 0.619144 0.807453
vt 0.619207 0.815914
vt 0.568723 0.816225
vt 0.568723 0.812296
vt 0.561834 0.812273
vt 0.559235 0.812273
vt 0.559046 0.819275
vt 0.554072 0.819275
vt 0.554378 0.753675
vt 0.553919 0.745148
vt 0.576054 0.745292
vt 0.575721 0.746306
vt 0.611760 0.746205
vt 0.611760 0.757304
vt 0.613442 0.757270
vt 0.613379 0.753608
vt 0.620241 0.753486
vt 0.620682 0.778532
vt 0.623290 0.778488
vt 0.623560 0.793494
vt 0.640370 0.793193
vt 0.640532 0.801865
vt 0.627850 0.802088
vt 0.628039 0.812941
vt 0.625656 0.812986
vt 0.625584 0.808667
vt 0.621258 0.808722
vt 0.621240 0.807442
vt 0.619144 0.807453
vt 0.619207 0.815914
vt 0.568723 0.816225
vt 0.568723 0.812296
vt 0.617696 0.742131
vt 0.611958 0.742220
vt 0.611760 0.746205
vt 0.575721 0.746306
vt 0.576054 0.745292
vt 0.576377 0.730788
vt 0.620808 0.730587
vt 0.620619 0.740740
vt 0.617687 0.740806
vt 0.617696 0.742131
vt 0.611958 0.742220
vt 0.611760 0.746205
vt 0.575721 0.746306
vt 0.576054 0.745292
vt 0.576377 0.730788
vt 0.620808 0.730587
vt 0.620619 0.740740
vt 0.617687 0.740806
vt 0.186207 0.379419
vt 0.185721 0.389070
vt 0.171727 0.388591
vt 0.171727 0.378940
vt 0.186207 0.379419
vt 0.185721 0.389070
vt 0.171727 0.388591
vt 0.171727 0.378940
vt 0.990355 0.403954
vt 0.987081 0.399568
vt 0.983861 0.395015
vt 0.981118 0.388825
vt 0.978753 0.382569
vt 0.977602 0.379385
vt 0.976324 0.373652
vt 0.975542 0.368754
vt 0.975029 0.362554
vt 0.975002 0.284051
vt 0.987315 0.284140
vt 0.986757 0.358613
vt 0.986137 0.358602
vt 0.986074 0.368821
vt 0.984464 0.368810
vt 0.986101 0.378706
vt 0.987594 0.385141
vt 0.989429 0.390918
vt 0.991722 0.396005
vt 0.994205 0.402217
vt 0.994169 0.403130
vt 0.993476 0.404354
vt 0.991488 0.404666
vt 0.990355 0.403954
vt 0.987081 0.399568
vt 0.983861 0.395015
vt 0.981118 0.388825
vt 0.978753 0.382569
vt 0.977602 0.379385
vt 0.976324 0.373652
vt 0.975542 0.368754
vt 0.975029 0.362554
vt 0.975002 0.284051
vt 0.987315 0.284140
vt 0.986757 0.358613
vt 0.986137 0.358602
vt 0.986074 0.368821
vt 0.984464 0.368810
vt 0.986101 0.378706
vt 0.987594 0.385141
vt 0.989429 0.390918
vt 0.991722 0.396005
vt 0.994205 0.402217
vt 0.994169 0.403130
vt 0.993476 0.404354
vt 0.991488 0.404666
vt 0.622168 1.000000
vt 0.622283 0.972774
vt 0.739817 0.973319
vt 0.776756 0.973197
vt 0.776380 1.000000
vt 0.622168 1.000000
vt 0.622283 0.972774
vt 0.739817 0.973319
vt 0.776756 0.973197
vt 0.776380 1.000000
vt 0.935310 1.000000
vt 0.935258 0.991665
vt 0.953857 0.992099
vt 0.953866 0.989973
vt 0.978186 0.990307
vt 0.978249 0.988236
vt 0.987018 0.988247
vt 0.987045 1.000000
vt 0.935310 1.000000
vt 0.935258 0.991665
vt 0.953857 0.992099
vt 0.953866 0.989973
vt 0.978186 0.990307
vt 0.978249 0.988236
vt 0.987018 0.988247
vt 0.987045 1.000000
vt 0.617282 0.356620
vt 0.617282 0.349496
vt 0.619144 0.349496
vt 0.619162 0.338431
vt 0.715048 0.338464
vt 0.715056 0.327945
vt 0.723232 0.327243
vt 0.723295 0.388714
vt 0.731489 0.388714
vt 0.731129 0.413182
vt 0.730985 0.423145
vt 0.731084 0.448270
vt 0.705001 0.448459
vt 0.705001 0.453457
vt 0.757167 0.453480
vt 0.757167 0.458767
vt 0.760881 0.458767
vt 0.760881 0.462652
vt 0.766673 0.462663
vt 0.766664 0.473094
vt 0.762689 0.473094
vt 0.762680 0.490226
vt 0.760099 0.490226
vt 0.760099 0.491306
vt 0.755512 0.491306
vt 0.755512 0.490215
vt 0.753038 0.490215
vt 0.753038 0.486909
vt 0.735545 0.486898
vt 0.735554 0.484549
vt 0.720471 0.484549
vt 0.720750 0.486074
vt 0.710344 0.485996
vt 0.710344 0.484426
vt 0.702977 0.484426
vt 0.702986 0.482022
vt 0.694964 0.482022
vt 0.694964 0.485161
vt 0.685007 0.485150
vt 0.685007 0.482022
vt 0.671318 0.482011
vt 0.671318 0.485094
vt 0.661191 0.485094
vt 0.661191 0.482011
vt 0.653348 0.482011
vt 0.653348 0.485573
vt 0.645263 0.485573
vt 0.645263 0.482000
vt 0.636098 0.482000
vt 0.636098 0.477191
vt 0.631754 0.477191
vt 0.631763 0.464712
vt 0.620412 0.464701
vt 0.620412 0.461628
vt 0.617597 0.459046
vt 0.615349 0.453279
vt 0.615358 0.444930
vt 0.612273 0.444930
vt 0.612282 0.434065
vt 0.615358 0.434065
vt 0.615367 0.427921
vt 0.612210 0.427921
vt 0.612210 0.425572
vt 0.609556 0.425561
vt 0.609565 0.421431
vt 0.609565 0.417668
vt 0.607991 0.417668
vt 0.608000 0.396974
vt 0.617948 0.396974
vt 0.617948 0.396139
vt 0.639596 0.396139
vt 0.639596 0.383994
vt 0.642052 0.383994
vt 0.642061 0.360416
vt 0.614926 0.360405
vt 0.614926 0.356620
vt 0.617282 0.356620
vt 0.617282 0.349496
vt 0.619144 0.349496
vt 0.619162 0.338431
vt 0.715048 0.338464
vt 0.715056 0.327945
vt 0.723232 0.327243
vt 0.723295 0.388714
vt 0.731489 0.388714
vt 0.731129 0.413182
vt 0.730985 0.423145
vt 0.731084 0.448270
vt 0.705001 0.448459
vt 0.705001 0.453457
vt 0.757167 0.453480
vt 0.757167 0.458767
vt 0.760881 0.458767
vt 0.760881 0.462652
vt 0.766673 0.462663
vt 0.766664 0.473094
vt 0.762689 0.473094
vt 0.762680 0.490226
vt 0.760099 0.490226
vt 0.760099 0.491306
vt 0.755512 0.491306
vt 0.755512 0.490215
vt 0.753038 0.490215
vt 0.753038 0.486909
vt 0.735545 0.486898
vt 0.735554 0.484549
vt 0.720471 0.484549
vt 0.720750 0.486074
vt 0.710344 0.485996
vt 0.710344 0.484426
vt 0.702977 0.484426
vt 0.702986 0.482022
vt 0.694964 0.482022
vt 0.694964 0.485161
vt 0.685007 0.485150
vt 0.685007 0.482022
vt 0.671318 0.482011
vt 0.671318 0.485094
vt 0.661191 0.485094
vt 0.661191 0.482011
vt 0.653348 0.482011
vt 0.653348 0.485573
vt 0.645263 0.485573
vt 0.645263 0.482000
vt 0.636098 0.482000
vt 0.636098 0.477191
vt 0.631754 0.477191
vt 0.631763 0.464712
vt 0.620412 0.464701
vt 0.620412 0.461628
vt 0.617597 0.459046
vt 0.615349 0.453279
vt 0.615358 0.444930
vt 0.612273 0.444930
vt 0.612282 0.434065
vt 0.615358 0.434065
vt 0.615367 0.427921
vt 0.612210 0.427921
vt 0.612210 0.425572
vt 0.609556 0.425561
vt 0.609565 0.421431
vt 0.609565 0.417668
vt 0.607991 0.417668
vt 0.608000 0.396974
vt 0.617948 0.396974
vt 0.617948 0.396139
vt 0.639596 0.396139
vt 0.639596 0.383994
vt 0.642052 0.383994
vt 0.642061 0.360416
vt 0.614926 0.360405
vt 0.614926 0.356620
vt 0.000000 0.000000
vt 0.000000 1.000000
vt 1.000000 1.000000
vt 1.000000 0.000000
usemtl landmark_wall
f 1/1 27/27 26/26
f 1/1 2/2 27/27
f 2/2 28/28 27/27
f 2/2 3/3 28/28
f 3/3 29/29 28/28
f 3/3 4/4 29/29
f 4/4 30/30 29/29
f 4/4 5/5 30/30
f 5/5 31/31 30/30
f 5/5 6/6 31/31
f 6/6 32/32 31/31
f 6/6 7/7 32/32
f 7/7 33/33 32/32
f 7/7 8/8 33/33
f 8/8 34/34 33/33
f 8/8 9/9 34/34
f 9/9 35/35 34/34
f 9/9 10/10 35/35
f 10/10 36/36 35/35
f 10/10 11/11 36/36
f 11/11 37/37 36/36
f 11/11 12/12 37/37
f 12/12 38/38 37/37
f 12/12 13/13 38/38
f 13/13 39/39 38/38
f 13/13 14/14 39/39
f 14/14 40/40 39/39
f 14/14 15/15 40/40
f 15/15 41/41 40/40
f 15/15 16/16 41/41
f 16/16 42/42 41/41
f 16/16 17/17 42/42
f 17/17 43/43 42/42
f 17/17 18/18 43/43
f 18/18 44/44 43/43
f 18/18 19/19 44/44
f 19/19 45/45 44/44
f 19/19 20/20 45/45
f 20/20 46/46 45/45
f 20/20 21/21 46/46
f 21/21 47/47 46/46
f 21/21 22/22 47/47
f 22/22 48/48 47/47
f 22/22 23/23 48/48
f 23/23 49/49 48/48
f 23/23 24/24 49/49
f 24/24 50/50 49/49
f 24/24 25/25 50/50
f 25/25 26/26 50/50
f 25/25 1/1 26/26
usemtl aerial
f 27/27 50/50 26/26
f 28/28 50/50 27/27
f 29/29 50/50 28/28
f 30/30 50/50 29/29
f 31/31 50/50 30/30
f 34/34 32/32 33/33
f 36/36 34/34 35/35
f 36/36 32/32 34/34
f 37/37 32/32 36/36
f 38/38 32/32 37/37
f 38/38 31/31 32/32
f 38/38 50/50 31/31
f 39/39 50/50 38/38
f 42/42 40/40 41/41
f 42/42 39/39 40/40
f 43/43 39/39 42/42
f 44/44 39/39 43/43
f 45/45 39/39 44/44
f 46/46 39/39 45/45
f 46/46 50/50 39/39
f 47/47 50/50 46/46
f 49/49 47/47 48/48
f 50/50 47/47 49/49
f 61/61 68/68 60/60
f 62/62 68/68 61/61
f 63/63 68/68 62/62
f 64/64 68/68 63/63
f 65/65 68/68 64/64
f 66/66 68/68 65/65
f 68/68 66/66 67/67
f 78/78 84/84 77/77
f 79/79 84/84 78/78
f 80/80 84/84 79/79
f 81/81 84/84 80/80
f 82/82 84/84 81/81
f 84/84 82/82 83/83
f 122/122 156/156 121/121
f 123/123 156/156 122/122
f 124/124 156/156 123/123
f 125/125 156/156 124/124
f 128/128 126/126 127/127
f 130/130 128/128 129/129
f 130/130 126/126 128/128
f 131/131 126/126 130/130
f 132/132 126/126 131/131
f 133/133 126/126 132/132
f 134/134 126/126 133/133
f 135/135 126/126 134/134
f 136/136 126/126 135/135
f 137/137 126/126 136/136
f 138/138 126/126 137/137
f 139/139 126/126 138/138
f 140/140 126/126 139/139
f 141/141 126/126 140/140
f 148/148 146/146 147/147
f 148/148 145/145 146/146
f 148/148 144/144 145/145
f 148/148 143/143 144/144
f 148/148 142/142 143/143
f 148/148 141/141 142/142
f 148/148 126/126 141/141
f 149/149 126/126 148/148
f 149/149 125/125 126/126
f 150/150 125/125 149/149
f 150/150 156/156 125/125
f 151/151 156/156 150/150
f 153/153 151/151 152/152
f 153/153 156/156 151/151
f 154/154 156/156 153/153
f 156/156 154/154 155/155
f 172/172 170/170 171/171
f 173/173 170/170 172/172
f 175/175 173/173 174/174
f 175/175 170/170 173/173
f 175/175 169/169 170/170
f 176/176 169/169 175/175
f 177/177 169/169 176/176
f 178/178 169/169 177/177
f 178/178 180/180 169/169
f 180/180 178/178 179/179
f 196/196 208/208 195/195
f 197/197 208/208 196/196
f 198/198 208/208 197/197
f 199/199 208/208 198/198
f 200/200 208/208 199/199
f 201/201 208/208 200/200
f 202/202 208/208 201/201
f 203/203 208/208 202/202
f 204/204 208/208 203/203
f 205/205 208/208 204/204
f 206/206 208/208 205/205
f 208/208 206/206 207/207
f 248/248 246/246 247/247
f 248/248 282/282 246/246
f 250/250 248/248 249/249
f 250/250 282/282 248/248
f 251/251 282/282 250/250
f 252/252 282/282 251/251
f 253/253 282/282 252/252
f 257/257 255/255 256/256
f 258/258 255/255 257/257
f 260/260 258/258 259/259
f 260/260 255/255 258/258
f 262/262 260/260 261/261
f 264/264 262/262 263/263
f 265/265 262/262 264/264
f 266/266 262/262 265/265
f 267/267 262/262 266/266
f 268/268 262/262 267/267
f 268/268 260/260 262/262
f 269/269 260/260 268/268
f 269/269 255/255 260/260
f 269/269 254/254 255/255
f 269/269 253/253 254/254
f 270/270 253/253 269/269
f 271/271 253/253 270/270
f 273/273 271/271 272/272
f 273/273 253/253 271/271
f 274/274 253/253 273/273
f 275/275 253/253 274/274
f 275/275 282/282 253/253
f 276/276 282/282 275/275
f 277/277 282/282 276/276
f 278/278 282/282 277/277
f 279/279 282/282 278/278
f 281/281 279/279 280/280
f 282/282 279/279 281/281
f 344/344 342/342 343/343
f 345/345 342/342 344/344
f 346/346 342/342 345/345
f 348/348 346/346 347/347
f 349/349 346/346 348/348
f 350/350 346/346 349/349
f 351/351 346/346 350/350
f 352/352 346/346 351/351
f 352/352 342/342 346/346
f 353/353 342/342 352/352
f 353/353 400/400 342/342
f 354/354 400/400 353/353
f 355/355 400/400 354/354
f 356/356 400/400 355/355
f 357/357 400/400 356/356
f 358/358 400/400 357/357
f 360/360 358/358 359/359
f 360/360 400/400 358/358
f 361/361 400/400 360/360
f 362/362 400/400 361/361
f 363/363 400/400 362/362
f 364/364 400/400 363/363
f 365/365 400/400 364/364
f 366/366 400/400 365/365
f 367/367 400/400 366/366
f 368/368 400/400 367/367
f 369/369 400/400 368/368
f 370/370 400/400 369/369
f 371/371 400/400 370/370
f 372/372 400/400 371/371
f 373/373 400/400 372/372
f 374/374 400/400 373/373
f 375/375 400/400 374/374
f 377/377 375/375 376/376
f 377/377 400/400 375/375
f 378/378 400/400 377/377
f 379/379 400/400 378/378
f 380/380 400/400 379/379
f 381/381 400/400 380/380
f 382/382 400/400 381/381
f 383/383 400/400 382/382
f 384/384 400/400 383/383
f 386/386 384/384 385/385
f 387/387 384/384 386/386
f 388/388 384/384 387/387
f 389/389 384/384 388/388
f 390/390 384/384 389/389
f 391/391 384/384 390/390
f 392/392 384/384 391/391
f 393/393 384/384 392/392
f 394/394 384/384 393/393
f 394/394 400/400 384/384
f 395/395 400/400 394/394
f 396/396 400/400 395/395
f 397/397 400/400 396/396
f 398/398 400/400 397/397
f 400/400 398/398 399/399
f 407/407 410/410 406/406
f 408/408 410/410 407/407
f 410/410 408/408 409/409
f 416/416 418/418 415/415
f 418/418 416/416 417/417
f 510/510 508/508 509/509
f 511/511 508/508 510/510
f 512/512 508/508 511/511
f 513/513 508/508 512/512
f 514/514 508/508 513/513
f 514/514 596/596 508/508
f 515/515 596/596 514/514
f 516/516 596/596 515/515
f 517/517 596/596 516/516
f 518/518 596/596 517/517
f 521/521 519/519 520/520
f 521/521 518/518 519/519
f 522/522 518/518 521/521
f 523/523 518/518 522/522
f 524/524 518/518 523/523
f 525/525 518/518 524/524
f 526/526 518/518 525/525
f 527/527 518/518 526/526
f 528/528 518/518 527/527
f 529/529 518/518 528/528
f 530/530 518/518 529/529
f 531/531 518/518 530/530
f 532/532 518/518 531/531
f 533/533 518/518 532/532
f 533/533 596/596 518/518
f 534/534 596/596 533/533
f 535/535 596/596 534/534
f 536/536 596/596 535/535
f 537/537 596/596 536/536
f 538/538 596/596 537/537
f 539/539 596/596 538/538
f 540/540 596/596 539/539
f 541/541 596/596 540/540
f 542/542 596/596 541/541
f 543/543 596/596 542/542
f 544/544 596/596 543/543
f 545/545 596/596 544/544
f 546/546 596/596 545/545
f 549/549 547/547 548/548
f 549/549 546/546 547/547
f 562/562 560/560 561/561
f 564/564 562/562 563/563
f 564/564 560/560 562/562
f 564/564 559/559 560/560
f 564/564 558/558 559/559
f 564/564 557/557 558/558
f 564/564 556/556 557/557
f 564/564 555/555 556/556
f 564/564 554/554 555/555
f 564/564 553/553 554/554
f 564/564 552/552 553/553
f 564/564 551/551 552/552
f 564/564 550/550 551/551
f 564/564 549/549 550/550
f 564/564 546/546 549/549
f 565/565 546/546 564/564
f 565/565 596/596 546/546
f 567/567 565/565 566/566
f 567/567 596/596 565/565
f 569/569 567/567 568/568
f 569/569 596/596 567/567
f 571/571 569/569 570/570
f 571/571 596/596 569/569
f 572/572 596/596 571/571
f 573/573 596/596 572/572
f 574/574 596/596 573/573
f 575/575 596/596 574/574
f 576/576 596/596 575/575
f 577/577 596/596 576/576
f 578/578 596/596 577/577
f 579/579 596/596 578/578
f 580/580 596/596 579/579
f 581/581 596/596 580/580
f 582/582 596/596 581/581
f 583/583 596/596 582/582
f 585/585 583/583 584/584
f 585/585 596/596 583/583
f 586/586 596/596 585/585
f 587/587 596/596 586/586
f 588/588 596/596 587/587
f 589/589 596/596 588/588
f 590/590 596/596 589/589
f 591/591 596/596 590/590
f 592/592 596/596 591/591
f 593/593 596/596 592/592
f 594/594 596/596 593/593
f 596/596 594/594 595/595
f 612/612 624/624 611/611
f 613/613 624/624 612/612
f 614/614 624/624 613/613
f 617/617 615/615 616/616
f 618/618 615/615 617/617
f 618/618 614/614 615/615
f 620/620 618/618 619/619
f 620/620 614/614 618/618
f 620/620 624/624 614/614
f 621/621 624/624 620/620
f 623/623 621/621 622/622
f 624/624 621/621 623/623
f 644/644 642/642 643/643
f 644/644 658/658 642/642
f 645/645 658/658 644/644
f 646/646 658/658 645/645
f 647/647 658/658 646/646
f 648/648 658/658 647/647
f 649/649 658/658 648/648
f 651/651 649/649 650/650
f 651/651 658/658 649/649
f 652/652 658/658 651/651
f 653/653 658/658 652/652
f 654/654 658/658 653/653
f 656/656 654/654 655/655
f 657/657 654/654 656/656
f 658/658 654/654 657/657
f 667/667 672/672 666/666
f 668/668 672/672 667/667
f 669/669 672/672 668/668
f 671/671 669/669 670/670
f 672/672 669/669 671/671
f 680/680 684/684 679/679
f 681/681 684/684 680/680
f 682/682 684/684 681/681
f 684/684 682/682 683/683
f 705/705 722/722 704/704
f 709/709 707/707 708/708
f 709/709 706/706 707/707
f 710/710 706/706 709/709
f 711/711 706/706 710/710
f 712/712 706/706 711/711
f 713/713 706/706 712/712
f 714/714 706/706 713/713
f 715/715 706/706 714/714
f 715/715 705/705 706/706
f 715/715 722/722 705/705
f 716/716 722/722 715/715
f 717/717 722/722 716/716
f 718/718 722/722 717/717
f 720/720 718/718 719/719
f 720/720 722/722 718/718
f 722/722 720/720 721/721
f 728/728 730/730 727/727
f 730/730 728/728 729/729
f 736/736 738/738 735/735
f 738/738 736/736 737/737
f 752/752 750/750 751/751
f 753/753 750/750 752/752
f 754/754 750/750 753/753
f 754/754 760/760 750/750
f 755/755 760/760 754/754
f 756/756 760/760 755/755
f 757/757 760/760 756/756
f 758/758 760/760 757/757
f 760/760 758/758 759/759
f 781/781 798/798 780/780
f 782/782 798/798 781/781
f 783/783 798/798 782/782
f 784/784 798/798 783/783
f 785/785 798/798 784/784
f 786/786 798/798 785/785
f 787/787 798/798 786/786
f 788/788 798/798 787/787
f 789/789 798/798 788/788
f 790/790 798/798 789/789
f 791/791 798/798 790/790
f 792/792 798/798 791/791
f 793/793 798/798 792/792
f 794/794 798/798 793/793
f 795/795 798/798 794/794
f 796/796 798/798 795/795
f 798/798 796/796 797/797
f 804/804 806/806 803/803
f 806/806 804/804 805/805
f 827/827 844/844 826/826
f 828/828 844/844 827/827
f 829/829 844/844 828/828
f 830/830 844/844 829/829
f 831/831 844/844 830/830
f 832/832 844/844 831/831
f 833/833 844/844 832/832
f 834/834 844/844 833/833
f 835/835 844/844 834/834
f 836/836 844/844 835/835
f 837/837 844/844 836/836
f 838/838 844/844 837/837
f 839/839 844/844 838/838
f 840/840 844/844 839/839
f 841/841 844/844 840/840
f 842/842 844/844 841/841
f 844/844 842/842 843/843
f 861/861 874/874 860/860
f 862/862 874/874 861/861
f 863/863 874/874 862/862
f 864/864 874/874 863/863
f 865/865 874/874 864/864
f 866/866 874/874 865/865
f 867/867 874/874 866/866
f 868/868 874/874 867/867
f 869/869 874/874 868/868
f 870/870 874/874 869/869
f 871/871 874/874 870/870
f 873/873 871/871 872/872
f 874/874 871/871 873/873
f 893/893 908/908 892/892
f 894/894 908/908 893/893
f 895/895 908/908 894/894
f 896/896 908/908 895/895
f 897/897 908/908 896/896
f 898/898 908/908 897/897
f 899/899 908/908 898/898
f 900/900 908/908 899/899
f 901/901 908/908 900/900
f 902/902 908/908 901/901
f 903/903 908/908 902/902
f 904/904 908/908 903/903
f 905/905 908/908 904/904
f 906/906 908/908 905/905
f 908/908 906/906 907/907
f 936/936 934/934 935/935
f 936/936 958/958 934/934
f 937/937 958/958 936/936
f 939/939 937/937 938/938
f 939/939 958/958 937/937
f 940/940 958/958 939/939
f 941/941 958/958 940/940
f 943/943 941/941 942/942
f 944/944 941/941 943/943
f 944/944 958/958 941/941
f 946/946 944/944 945/945
f 947/947 944/944 946/946
f 947/947 958/958 944/944
f 949/949 947/947 948/948
f 949/949 958/958 947/947
f 950/950 958/958 949/949
f 951/951 958/958 950/950
f 952/952 958/958 951/951
f 953/953 958/958 952/952
f 954/954 958/958 953/953
f 955/955 958/958 954/954
f 956/956 958/958 955/955
f 958/958 956/956 957/957
f 973/973 984/984 972/972
f 975/975 973/973 974/974
f 976/976 973/973 975/975
f 976/976 984/984 973/973
f 977/977 984/984 976/976
f 978/978 984/984 977/977
f 979/979 984/984 978/978
f 980/980 984/984 979/979
f 981/981 984/984 980/980
f 982/982 984/984 981/981
f 984/984 982/982 983/983
f 999/999 1010/1010 998/998
f 1001/1001 999/999 1000/1000
f 1002/1002 999/999 1001/1001
f 1002/1002 1010/1010 999/999
f 1003/1003 1010/1010 1002/1002
f 1004/1004 1010/1010 1003/1003
f 1006/1006 1004/1004 1005/1005
f 1006/1006 1010/1010 1004/1004
f 1008/1008 1006/1006 1007/1007
f 1009/1009 1006/1006 1008/1008
f 1010/1010 1006/1006 1009/1009
f 1026/1026 1038/1038 1025/1025
f 1028/1028 1026/1026 1027/1027
f 1029/1029 1026/1026 1028/1028
f 1030/1030 1026/1026 1029/1029
f 1031/1031 1026/1026 1030/1030
f 1032/1032 1026/1026 1031/1031
f 1032/1032 1038/1038 1026/1026
f 1033/1033 1038/1038 1032/1032
f 1034/1034 1038/1038 1033/1033
f 1036/1036 1034/1034 1035/1035
f 1036/1036 1038/1038 1034/1034
f 1038/1038 1036/1036 1037/1037
f 1146/1146 1144/1144 1145/1145
f 1148/1148 1146/1146 1147/1147
f 1148/1148 1144/1144 1146/1146
f 1148/1148 1143/1143 1144/1144
f 1149/1149 1143/1143 1148/1148
f 1151/1151 1149/1149 1150/1150
f 1151/1151 1143/1143 1149/1149
f 1152/1152 1143/1143 1151/1151
f 1153/1153 1143/1143 1152/1152
f 1154/1154 1143/1143 1153/1153
f 1154/1154 1142/1142 1143/1143
f 1155/1155 1142/1142 1154/1154
f 1156/1156 1142/1142 1155/1155
f 1156/1156 1244/1244 1142/1142
f 1157/1157 1244/1244 1156/1156
f 1158/1158 1244/1244 1157/1157
f 1159/1159 1244/1244 1158/1158
f 1162/1162 1160/1160 1161/1161
f 1162/1162 1159/1159 1160/1160
f 1164/1164 1162/1162 1163/1163
f 1164/1164 1159/1159 1162/1162
f 1164/1164 1244/1244 1159/1159
f 1165/1165 1244/1244 1164/1164
f 1166/1166 1244/1244 1165/1165
f 1167/1167 1244/1244 1166/1166
f 1168/1168 1244/1244 1167/1167
f 1169/1169 1244/1244 1168/1168
f 1170/1170 1244/1244 1169/1169
f 1171/1171 1244/1244 1170/1170
f 1173/1173 1171/1171 1172/1172
f 1174/1174 1171/1171 1173/1173
f 1175/1175 1171/1171 1174/1174
f 1176/1176 1171/1171 1175/1175
f 1177/1177 1171/1171 1176/1176
f 1177/1177 1244/1244 1171/1171
f 1178/1178 1244/1244 1177/1177
f 1179/1179 1244/1244 1178/1178
f 1180/1180 1244/1244 1179/1179
f 1181/1181 1244/1244 1180/1180
f 1183/1183 1181/1181 1182/1182
f 1183/1183 1244/1244 1181/1181
f 1184/1184 1244/1244 1183/1183
f 1185/1185 1244/1244 1184/1184
f 1186/1186 1244/1244 1185/1185
f 1187/1187 1244/1244 1186/1186
f 1188/1188 1244/1244 1187/1187
f 1189/1189 1244/1244 1188/1188
f 1190/1190 1244/1244 1189/1189
f 1191/1191 1244/1244 1190/1190
f 1192/1192 1244/1244 1191/1191
f 1193/1193 1244/1244 1192/1192
f 1194/1194 1244/1244 1193/1193
f 1195/1195 1244/1244 1194/1194
f 1196/1196 1244/1244 1195/1195
f 1197/1197 1244/1244 1196/1196
f 1198/1198 1244/1244 1197/1197
f 1199/1199 1244/1244 1198/1198
f 1200/1200 1244/1244 1199/1199
f 1201/1201 1244/1244 1200/1200
f 1202/1202 1244/1244 1201/1201
f 1203/1203 1244/1244 1202/1202
f 1204/1204 1244/1244 1203/1203
f 1205/1205 1244/1244 1204/1204
f 1206/1206 1244/1244 1205/1205
f 1207/1207 1244/1244 1206/1206
f 1208/1208 1244/1244 1207/1207
f 1209/1209 1244/1244 1208/1208
f 1210/1210 1244/1244 1209/1209
f 1211/1211 1244/1244 1210/1210
f 1212/1212 1244/1244 1211/1211
f 1213/1213 1244/1244 1212/1212
f 1214/1214 1244/1244 1213/1213
f 1216/1216 1214/1214 1215/1215
f 1217/1217 1214/1214 1216/1216
f 1218/1218 1214/1214 1217/1217
f 1219/1219 1214/1214 1218/1218
f 1220/1220 1214/1214 1219/1219
f 1221/1221 1214/1214 1220/1220
f 1222/1222 1214/1214 1221/1221
f 1223/1223 1214/1214 1222/1222
f 1225/1225 1223/1223 1224/1224
f 1225/1225 1214/1214 1223/1223
f 1226/1226 1214/1214 1225/1225
f 1227/1227 1214/1214 1226/1226
f 1228/1228 1214/1214 1227/1227
f 1229/1229 1214/1214 1228/1228
f 1230/1230 1214/1214 1229/1229
f 1231/1231 1214/1214 1230/1230
f 1232/1232 1214/1214 1231/1231
f 1234/1234 1232/1232 1233/1233
f 1235/1235 1232/1232 1234/1234
f 1236/1236 1232/1232 1235/1235
f 1236/1236 1214/1214 1232/1232
f 1237/1237 1214/1214 1236/1236
f 1238/1238 1214/1214 1237/1237
f 1239/1239 1214/1214 1238/1238
f 1240/1240 1214/1214 1239/1239
f 1242/1242 1240/1240 1241/1241
f 1242/1242 1214/1214 1240/1240
f 1243/1243 1214/1214 1242/1242
f 1244/1244 1214/1214 1243/1243
f 1312/1312 1376/1376 1311/1311
f 1313/1313 1376/1376 1312/1312
f 1314/1314 1376/1376 1313/1313
f 1317/1317 1315/1315 1316/1316
f 1317/1317 1314/1314 1315/1315
f 1317/1317 1376/1376 1314/1314
f 1318/1318 1376/1376 1317/1317
f 1319/1319 1376/1376 1318/1318
f 1320/1320 1376/1376 1319/1319
f 1321/1321 1376/1376 1320/1320
f 1322/1322 1376/1376 1321/1321
f 1323/1323 1376/1376 1322/1322
f 1324/1324 1376/1376 1323/1323
f 1325/1325 1376/1376 1324/1324
f 1326/1326 1376/1376 1325/1325
f 1327/1327 1376/1376 1326/1326
f 1328/1328 1376/1376 1327/1327
f 1329/1329 1376/1376 1328/1328
f 1330/1330 1376/1376 1329/1329
f 1331/1331 1376/1376 1330/1330
f 1332/1332 1376/1376 1331/1331
f 1333/1333 1376/1376 1332/1332
f 1334/1334 1376/1376 1333/1333
f 1335/1335 1376/1376 1334/1334
f 1336/1336 1376/1376 1335/1335
f 1337/1337 1376/1376 1336/1336
f 1338/1338 1376/1376 1337/1337
f 1339/1339 1376/1376 1338/1338
f 1340/1340 1376/1376 1339/1339
f 1341/1341 1376/1376 1340/1340
f 1342/1342 1376/1376 1341/1341
f 1343/1343 1376/1376 1342/1342
f 1344/1344 1376/1376 1343/1343
f 1345/1345 1376/1376 1344/1344
f 1346/1346 1376/1376 1345/1345
f 1347/1347 1376/1376 1346/1346
f 1348/1348 1376/1376 1347/1347
f 1349/1349 1376/1376 1348/1348
f 1350/1350 1376/1376 1349/1349
f 1351/1351 1376/1376 1350/1350
f 1352/1352 1376/1376 1351/1351
f 1353/1353 1376/1376 1352/1352
f 1354/1354 1376/1376 1353/1353
f 1355/1355 1376/1376 1354/1354
f 1356/1356 1376/1376 1355/1355
f 1358/1358 1356/1356 1357/1357
f 1358/1358 1376/1376 1356/1356
f 1359/1359 1376/1376 1358/1358
f 1360/1360 1376/1376 1359/1359
f 1361/1361 1376/1376 1360/1360
f 1362/1362 1376/1376 1361/1361
f 1364/1364 1362/1362 1363/1363
f 1364/1364 1376/1376 1362/1362
f 1365/1365 1376/1376 1364/1364
f 1366/1366 1376/1376 1365/1365
f 1367/1367 1376/1376 1366/1366
f 1369/1369 1367/1367 1368/1368
f 1370/1370 1367/1367 1369/1369
f 1371/1371 1367/1367 1370/1370
f 1374/1374 1372/1372 1373/1373
f 1374/1374 1371/1371 1372/1372
f 1375/1375 1371/1371 1374/1374
f 1375/1375 1367/1367 1371/1371
f 1376/1376 1367/1367 1375/1375
f 1407/1407 1434/1434 1406/1406
f 1410/1410 1408/1408 1409/1409
f 1411/1411 1408/1408 1410/1410
f 1412/1412 1408/1408 1411/1411
f 1413/1413 1408/1408 1412/1412
f 1413/1413 1407/1407 1408/1408
f 1414/1414 1407/1407 1413/1413
f 1414/1414 1434/1434 1407/1407
f 1415/1415 1434/1434 1414/1414
f 1416/1416 1434/1434 1415/1415
f 1417/1417 1434/1434 1416/1416
f 1418/1418 1434/1434 1417/1417
f 1419/1419 1434/1434 1418/1418
f 1420/1420 1434/1434 1419/1419
f 1421/1421 1434/1434 1420/1420
f 1422/1422 1434/1434 1421/1421
f 1426/1426 1424/1424 1425/1425
f 1426/1426 1423/1423 1424/1424
f 1427/1427 1423/1423 1426/1426
f 1428/1428 1423/1423 1427/1427
f 1429/1429 1423/1423 1428/1428
f 1429/1429 1422/1422 1423/1423
f 1430/1430 1422/1422 1429/1429
f 1430/1430 1434/1434 1422/1422
f 1431/1431 1434/1434 1430/1430
f 1432/1432 1434/1434 1431/1431
f 1434/1434 1432/1432 1433/1433
f 1448/1448 1446/1446 1447/1447
f 1448/1448 1445/1445 1446/1446
f 1449/1449 1445/1445 1448/1448
f 1450/1450 1445/1445 1449/1449
f 1451/1451 1445/1445 1450/1450
f 1451/1451 1454/1454 1445/1445
f 1452/1452 1454/1454 1451/1451
f 1454/1454 1452/1452 1453/1453
f 1465/1465 1463/1463 1464/1464
f 1465/1465 1470/1470 1463/1463
f 1466/1466 1470/1470 1465/1465
f 1467/1467 1470/1470 1466/1466
f 1468/1468 1470/1470 1467/1467
f 1470/1470 1468/1468 1469/1469
f 1480/1480 1486/1486 1479/1479
f 1481/1481 1486/1486 1480/1480
f 1482/1482 1486/1486 1481/1481
f 1483/1483 1486/1486 1482/1482
f 1484/1484 1486/1486 1483/1483
f 1486/1486 1484/1484 1485/1485
f 1496/1496 1502/1502 1495/1495
f 1497/1497 1502/1502 1496/1496
f 1498/1498 1502/1502 1497/1497
f 1499/1499 1502/1502 1498/1498
f 1500/1500 1502/1502 1499/1499
f 1502/1502 1500/1500 1501/1501
f 1533/1533 1531/1531 1532/1532
f 1534/1534 1531/1531 1533/1533
f 1535/1535 1531/1531 1534/1534
f 1536/1536 1531/1531 1535/1535
f 1537/1537 1531/1531 1536/1536
f 1538/1538 1531/1531 1537/1537
f 1539/1539 1531/1531 1538/1538
f 1540/1540 1531/1531 1539/1539
f 1541/1541 1531/1531 1540/1540
f 1541/1541 1558/1558 1531/1531
f 1542/1542 1558/1558 1541/1541
f 1543/1543 1558/1558 1542/1542
f 1544/1544 1558/1558 1543/1543
f 1545/1545 1558/1558 1544/1544
f 1546/1546 1558/1558 1545/1545
f 1547/1547 1558/1558 1546/1546
f 1548/1548 1558/1558 1547/1547
f 1549/1549 1558/1558 1548/1548
f 1550/1550 1558/1558 1549/1549
f 1551/1551 1558/1558 1550/1550
f 1552/1552 1558/1558 1551/1551
f 1553/1553 1558/1558 1552/1552
f 1555/1555 1553/1553 1554/1554
f 1555/1555 1558/1558 1553/1553
f 1556/1556 1558/1558 1555/1555
f 1558/1558 1556/1556 1557/1557
f 1564/1564 1566/1566 1563/1563
f 1566/1566 1564/1564 1565/1565
f 1578/1578 1576/1576 1577/1577
f 1578/1578 1575/1575 1576/1576
f 1579/1579 1575/1575 1578/1578
f 1580/1580 1575/1575 1579/1579
f 1580/1580 1582/1582 1575/1575
f 1582/1582 1580/1580 1581/1581
f 1594/1594 1592/1592 1593/1593
f 1594/1594 1591/1591 1592/1592
f 1595/1595 1591/1591 1594/1594
f 1596/1596 1591/1591 1595/1595
f 1596/1596 1598/1598 1591/1591
f 1598/1598 1596/1596 1597/1597
f 1608/1608 1614/1614 1607/1607
f 1609/1609 1614/1614 1608/1608
f 1610/1610 1614/1614 1609/1609
f 1611/1611 1614/1614 1610/1610
f 1612/1612 1614/1614 1611/1611
f 1614/1614 1612/1612 1613/1613
f 1626/1626 1624/1624 1625/1625
f 1626/1626 1623/1623 1624/1624
f 1627/1627 1623/1623 1626/1626
f 1628/1628 1623/1623 1627/1627
f 1628/1628 1630/1630 1623/1623
f 1630/1630 1628/1628 1629/1629
f 1640/1640 1646/1646 1639/1639
f 1641/1641 1646/1646 1640/1640
f 1642/1642 1646/1646 1641/1641
f 1643/1643 1646/1646 1642/1642
f 1644/1644 1646/1646 1643/1643
f 1646/1646 1644/1644 1645/1645
f 1656/1656 1662/1662 1655/1655
f 1657/1657 1662/1662 1656/1656
f 1658/1658 1662/1662 1657/1657
f 1659/1659 1662/1662 1658/1658
f 1660/1660 1662/1662 1659/1659
f 1662/1662 1660/1660 1661/1661
f 1674/1674 1672/1672 1673/1673
f 1674/1674 1671/1671 1672/1672
f 1675/1675 1671/1671 1674/1674
f 1676/1676 1671/1671 1675/1675
f 1676/1676 1678/1678 1671/1671
f 1678/1678 1676/1676 1677/1677
f 1690/1690 1688/1688 1689/1689
f 1690/1690 1687/1687 1688/1688
f 1691/1691 1687/1687 1690/1690
f 1692/1692 1687/1687 1691/1691
f 1692/1692 1694/1694 1687/1687
f 1694/1694 1692/1692 1693/1693
f 1706/1706 1704/1704 1705/1705
f 1706/1706 1703/1703 1704/1704
f 1707/1707 1703/1703 1706/1706
f 1708/1708 1703/1703 1707/1707
f 1708/1708 1710/1710 1703/1703
f 1710/1710 1708/1708 1709/1709
f 1764/1764 1762/1762 1763/1763
f 1765/1765 1762/1762 1764/1764
f 1766/1766 1762/1762 1765/1765
f 1767/1767 1762/1762 1766/1766
f 1768/1768 1762/1762 1767/1767
f 1769/1769 1762/1762 1768/1768
f 1770/1770 1762/1762 1769/1769
f 1771/1771 1762/1762 1770/1770
f 1772/1772 1762/1762 1771/1771
f 1772/1772 1812/1812 1762/1762
f 1774/1774 1772/1772 1773/1773
f 1775/1775 1772/1772 1774/1774
f 1776/1776 1772/1772 1775/1775
f 1776/1776 1812/1812 1772/1772
f 1777/1777 1812/1812 1776/1776
f 1778/1778 1812/1812 1777/1777
f 1780/1780 1778/1778 1779/1779
f 1780/1780 1812/1812 1778/1778
f 1781/1781 1812/1812 1780/1780
f 1782/1782 1812/1812 1781/1781
f 1783/1783 1812/1812 1782/1782
f 1784/1784 1812/1812 1783/1783
f 1785/1785 1812/1812 1784/1784
f 1786/1786 1812/1812 1785/1785
f 1787/1787 1812/1812 1786/1786
f 1788/1788 1812/1812 1787/1787
f 1789/1789 1812/1812 1788/1788
f 1790/1790 1812/1812 1789/1789
f 1791/1791 1812/1812 1790/1790
f 1792/1792 1812/1812 1791/1791
f 1793/1793 1812/1812 1792/1792
f 1794/1794 1812/1812 1793/1793
f 1795/1795 1812/1812 1794/1794
f 1796/1796 1812/1812 1795/1795
f 1797/1797 1812/1812 1796/1796
f 1798/1798 1812/1812 1797/1797
f 1799/1799 1812/1812 1798/1798
f 1800/1800 1812/1812 1799/1799
f 1801/1801 1812/1812 1800/1800
f 1802/1802 1812/1812 1801/1801
f 1803/1803 1812/1812 1802/1802
f 1804/1804 1812/1812 1803/1803
f 1805/1805 1812/1812 1804/1804
f 1806/1806 1812/1812 1805/1805
f 1807/1807 1812/1812 1806/1806
f 1808/1808 1812/1812 1807/1807
f 1809/1809 1812/1812 1808/1808
f 1810/1810 1812/1812 1809/1809
f 1812/1812 1810/1810 1811/1811
f 1822/1822 1828/1828 1821/1821
f 1824/1824 1822/1822 1823/1823
f 1824/1824 1828/1828 1822/1822
f 1825/1825 1828/1828 1824/1824
f 1826/1826 1828/1828 1825/1825
f 1828/1828 1826/1826 1827/1827
f 1841/1841 1850/1850 1840/1840
f 1843/1843 1841/1841 1842/1842
f 1845/1845 1843/1843 1844/1844
f 1845/1845 1841/1841 1843/1843
f 1845/1845 1850/1850 1841/1841
f 1847/1847 1845/1845 1846/1846
f 1847/1847 1850/1850 1845/1845
f 1848/1848 1850/1850 1847/1847
f 1850/1850 1848/1848 1849/1849
f 1861/1861 1859/1859 1860/1860
f 1862/1862 1859/1859 1861/1861
f 1863/1863 1859/1859 1862/1862
f 1863/1863 1866/1866 1859/1859
f 1864/1864 1866/1866 1863/1863
f 1866/1866 1864/1864 1865/1865
f 1874/1874 1878/1878 1873/1873
f 1875/1875 1878/1878 1874/1874
f 1877/1877 1875/1875 1876/1876
f 1878/1878 1875/1875 1877/1877
f 1969/1969 1967/1967 1968/1968
f 1970/1970 1967/1967 1969/1969
f 1970/1970 1966/1966 1967/1967
f 1970/1970 2052/2052 1966/1966
f 1972/1972 1970/1970 1971/1971
f 1972/1972 2052/2052 1970/1970
f 1973/1973 2052/2052 1972/1972
f 1974/1974 2052/2052 1973/1973
f 1975/1975 2052/2052 1974/1974
f 1976/1976 2052/2052 1975/1975
f 1977/1977 2052/2052 1976/1976
f 1978/1978 2052/2052 1977/1977
f 1979/1979 2052/2052 1978/1978
f 1980/1980 2052/2052 1979/1979
f 1981/1981 2052/2052 1980/1980
f 1983/1983 1981/1981 1982/1982
f 1985/1985 1983/1983 1984/1984
f 1985/1985 1981/1981 1983/1983
f 1986/1986 1981/1981 1985/1985
f 1987/1987 1981/1981 1986/1986
f 1987/1987 2052/2052 1981/1981
f 1988/1988 2052/2052 1987/1987
f 1989/1989 2052/2052 1988/1988
f 1990/1990 2052/2052 1989/1989
f 1991/1991 2052/2052 1990/1990
f 1993/1993 1991/1991 1992/1992
f 1994/1994 1991/1991 1993/1993
f 1994/1994 2052/2052 1991/1991
f 1995/1995 2052/2052 1994/1994
f 1996/1996 2052/2052 1995/1995
f 1997/1997 2052/2052 1996/1996
f 1998/1998 2052/2052 1997/1997
f 2000/2000 1998/1998 1999/1999
f 2000/2000 2052/2052 1998/1998
f 2001/2001 2052/2052 2000/2000
f 2002/2002 2052/2052 2001/2001
f 2003/2003 2052/2052 2002/2002
f 2004/2004 2052/2052 2003/2003
f 2005/2005 2052/2052 2004/2004
f 2006/2006 2052/2052 2005/2005
f 2008/2008 2006/2006 2007/2007
f 2010/2010 2008/2008 2009/2009
f 2010/2010 2006/2006 2008/2008
f 2011/2011 2006/2006 2010/2010
f 2012/2012 2006/2006 2011/2011
f 2013/2013 2006/2006 2012/2012
f 2014/2014 2006/2006 2013/2013
f 2015/2015 2006/2006 2014/2014
f 2015/2015 2052/2052 2006/2006
f 2016/2016 2052/2052 2015/2015
f 2018/2018 2016/2016 2017/2017
f 2020/2020 2018/2018 2019/2019
f 2022/2022 2020/2020 2021/2021
f 2022/2022 2018/2018 2020/2020
f 2023/2023 2018/2018 2022/2022
f 2024/2024 2018/2018 2023/2023
f 2024/2024 2016/2016 2018/2018
f 2025/2025 2016/2016 2024/2024
f 2026/2026 2016/2016 2025/2025
f 2028/2028 2026/2026 2027/2027
f 2030/2030 2028/2028 2029/2029
f 2030/2030 2026/2026 2028/2028
f 2033/2033 2031/2031 2032/2032
f 2033/2033 2030/2030 2031/2031
f 2033/2033 2026/2026 2030/2030
f 2033/2033 2016/2016 2026/2026
f 2034/2034 2016/2016 2033/2033
f 2035/2035 2016/2016 2034/2034
f 2036/2036 2016/2016 2035/2035
f 2037/2037 2016/2016 2036/2036
f 2038/2038 2016/2016 2037/2037
f 2040/2040 2038/2038 2039/2039
f 2040/2040 2016/2016 2038/2038
f 2041/2041 2016/2016 2040/2040
f 2042/2042 2016/2016 2041/2041
f 2042/2042 2052/2052 2016/2016
f 2043/2043 2052/2052 2042/2042
f 2044/2044 2052/2052 2043/2043
f 2045/2045 2052/2052 2044/2044
f 2046/2046 2052/2052 2045/2045
f 2047/2047 2052/2052 2046/2046
f 2048/2048 2052/2052 2047/2047
f 2050/2050 2048/2048 2049/2049
f 2051/2051 2048/2048 2050/2050
f 2052/2052 2048/2048 2051/2051
f 2058/2058 2060/2060 2057/2057
f 2060/2060 2058/2058 2059/2059
f 2068/2068 2072/2072 2067/2067
f 2069/2069 2072/2072 2068/2068
f 2070/2070 2072/2072 2069/2069
f 2072/2072 2070/2070 2071/2071
f 2081/2081 2086/2086 2080/2080
f 2082/2082 2086/2086 2081/2081
f 2083/2083 2086/2086 2082/2082
f 2084/2084 2086/2086 2083/2083
f 2086/2086 2084/2084 2085/2085
f 2096/2096 2094/2094 2095/2095
f 2096/2096 2100/2100 2094/2094
f 2097/2097 2100/2100 2096/2096
f 2099/2099 2097/2097 2098/2098
f 2100/2100 2097/2097 2099/2099
f 2112/2112 2120/2120 2111/2111
f 2113/2113 2120/2120 2112/2112
f 2115/2115 2113/2113 2114/2114
f 2115/2115 2120/2120 2113/2113
f 2116/2116 2120/2120 2115/2115
f 2117/2117 2120/2120 2116/2116
f 2118/2118 2120/2120 2117/2117
f 2120/2120 2118/2118 2119/2119
f 2128/2128 2132/2132 2127/2127
f 2129/2129 2132/2132 2128/2128
f 2131/2131 2129/2129 2130/2130
f 2132/2132 2129/2129 2131/2131
f 2143/2143 2150/2150 2142/2142
f 2145/2145 2143/2143 2144/2144
f 2145/2145 2150/2150 2143/2143
f 2146/2146 2150/2150 2145/2145
f 2148/2148 2146/2146 2147/2147
f 2149/2149 2146/2146 2148/2148
f 2150/2150 2146/2146 2149/2149
f 2161/2161 2168/2168 2160/2160
f 2163/2163 2161/2161 2162/2162
f 2163/2163 2168/2168 2161/2161
f 2164/2164 2168/2168 2163/2163
f 2165/2165 2168/2168 2164/2164
f 2166/2166 2168/2168 2165/2165
f 2168/2168 2166/2166 2167/2167
f 2179/2179 2186/2186 2178/2178
f 2180/2180 2186/2186 2179/2179
f 2182/2182 2180/2180 2181/2181
f 2182/2182 2186/2186 2180/2180
f 2184/2184 2182/2182 2183/2183
f 2185/2185 2182/2182 2184/2184
f 2186/2186 2182/2182 2185/2185
f 2192/2192 2194/2194 2191/2191
f 2194/2194 2192/2192 2193/2193
f 2201/2201 2204/2204 2200/2200
f 2202/2202 2204/2204 2201/2201
f 2204/2204 2202/2202 2203/2203
f 2212/2212 2216/2216 2211/2211
f 2213/2213 2216/2216 2212/2212
f 2214/2214 2216/2216 2213/2213
f 2216/2216 2214/2214 2215/2215
f 2236/2236 2252/2252 2235/2235
f 2237/2237 2252/2252 2236/2236
f 2238/2238 2252/2252 2237/2237
f 2239/2239 2252/2252 2238/2238
f 2240/2240 2252/2252 2239/2239
f 2241/2241 2252/2252 2240/2240
f 2242/2242 2252/2252 2241/2241
f 2243/2243 2252/2252 2242/2242
f 2244/2244 2252/2252 2243/2243
f 2245/2245 2252/2252 2244/2244
f 2246/2246 2252/2252 2245/2245
f 2247/2247 2252/2252 2246/2246
f 2248/2248 2252/2252 2247/2247
f 2249/2249 2252/2252 2248/2248
f 2250/2250 2252/2252 2249/2249
f 2252/2252 2250/2250 2251/2251
f 2274/2274 2292/2292 2273/2273
f 2276/2276 2274/2274 2275/2275
f 2276/2276 2292/2292 2274/2274
f 2277/2277 2292/2292 2276/2276
f 2278/2278 2292/2292 2277/2277
f 2279/2279 2292/2292 2278/2278
f 2281/2281 2279/2279 2280/2280
f 2281/2281 2292/2292 2279/2279
f 2282/2282 2292/2292 2281/2281
f 2283/2283 2292/2292 2282/2282
f 2284/2284 2292/2292 2283/2283
f 2285/2285 2292/2292 2284/2284
f 2287/2287 2285/2285 2286/2286
f 2287/2287 2292/2292 2285/2285
f 2289/2289 2287/2287 2288/2288
f 2289/2289 2292/2292 2287/2287
f 2290/2290 2292/2292 2289/2289
f 2292/2292 2290/2290 2291/2291
f 2300/2300 2304/2304 2299/2299
f 2301/2301 2304/2304 2300/2300
f 2302/2302 2304/2304 2301/2301
f 2304/2304 2302/2302 2303/2303
f 2317/2317 2315/2315 2316/2316
f 2317/2317 2324/2324 2315/2315
f 2319/2319 2317/2317 2318/2318
f 2319/2319 2324/2324 2317/2317
f 2320/2320 2324/2324 2319/2319
f 2322/2322 2320/2320 2321/2321
f 2322/2322 2324/2324 2320/2320
f 2324/2324 2322/2322 2323/2323
f 2335/2335 2342/2342 2334/2334
f 2336/2336 2342/2342 2335/2335
f 2337/2337 2342/2342 2336/2336
f 2338/2338 2342/2342 2337/2337
f 2339/2339 2342/2342 2338/2338
f 2341/2341 2339/2339 2340/2340
f 2342/2342 2339/2339 2341/2341
f 2399/2399 2397/2397 2398/2398
f 2400/2400 2397/2397 2399/2399
f 2401/2401 2397/2397 2400/2400
f 2401/2401 2396/2396 2397/2397
f 2401/2401 2395/2395 2396/2396
f 2402/2402 2395/2395 2401/2401
f 2402/2402 2446/2446 2395/2395
f 2403/2403 2446/2446 2402/2402
f 2404/2404 2446/2446 2403/2403
f 2405/2405 2446/2446 2404/2404
f 2406/2406 2446/2446 2405/2405
f 2408/2408 2406/2406 2407/2407
f 2409/2409 2406/2406 2408/2408
f 2409/2409 2446/2446 2406/2406
f 2410/2410 2446/2446 2409/2409
f 2411/2411 2446/2446 2410/2410
f 2414/2414 2412/2412 2413/2413
f 2414/2414 2411/2411 2412/2412
f 2415/2415 2411/2411 2414/2414
f 2416/2416 2411/2411 2415/2415
f 2417/2417 2411/2411 2416/2416
f 2420/2420 2418/2418 2419/2419
f 2420/2420 2417/2417 2418/2418
f 2420/2420 2411/2411 2417/2417
f 2422/2422 2420/2420 2421/2421
f 2423/2423 2420/2420 2422/2422
f 2424/2424 2420/2420 2423/2423
f 2424/2424 2411/2411 2420/2420
f 2425/2425 2411/2411 2424/2424
f 2426/2426 2411/2411 2425/2425
f 2427/2427 2411/2411 2426/2426
f 2428/2428 2411/2411 2427/2427
f 2429/2429 2411/2411 2428/2428
f 2430/2430 2411/2411 2429/2429
f 2431/2431 2411/2411 2430/2430
f 2432/2432 2411/2411 2431/2431
f 2433/2433 2411/2411 2432/2432
f 2434/2434 2411/2411 2433/2433
f 2435/2435 2411/2411 2434/2434
f 2436/2436 2411/2411 2435/2435
f 2437/2437 2411/2411 2436/2436
f 2438/2438 2411/2411 2437/2437
f 2439/2439 2411/2411 2438/2438
f 2440/2440 2411/2411 2439/2439
f 2441/2441 2411/2411 2440/2440
f 2442/2442 2411/2411 2441/2441
f 2443/2443 2411/2411 2442/2442
f 2443/2443 2446/2446 2411/2411
f 2444/2444 2446/2446 2443/2443
f 2446/2446 2444/2444 2445/2445
f 2456/2456 2462/2462 2455/2455
f 2457/2457 2462/2462 2456/2456
f 2458/2458 2462/2462 2457/2457
f 2459/2459 2462/2462 2458/2458
f 2460/2460 2462/2462 2459/2459
f 2462/2462 2460/2460 2461/2461
f 2468/2468 2470/2470 2467/2467
f 2470/2470 2468/2468 2469/2469
f 2480/2480 2486/2486 2479/2479
f 2481/2481 2486/2486 2480/2480
f 2482/2482 2486/2486 2481/2481
f 2483/2483 2486/2486 2482/2482
f 2484/2484 2486/2486 2483/2483
f 2486/2486 2484/2484 2485/2485
f 2493/2493 2496/2496 2492/2492
f 2494/2494 2496/2496 2493/2493
f 2496/2496 2494/2494 2495/2495
f 2503/2503 2506/2506 2502/2502
f 2504/2504 2506/2506 2503/2503
f 2506/2506 2504/2504 2505/2505
f 2516/2516 2522/2522 2515/2515
f 2517/2517 2522/2522 2516/2516
f 2518/2518 2522/2522 2517/2517
f 2519/2519 2522/2522 2518/2518
f 2520/2520 2522/2522 2519/2519
f 2522/2522 2520/2520 2521/2521
f 2667/2667 2808/2808 2666/2666
f 2669/2669 2667/2667 2668/2668
f 2672/2672 2670/2670 2671/2671
f 2673/2673 2670/2670 2672/2672
f 2673/2673 2669/2669 2670/2670
f 2674/2674 2669/2669 2673/2673
f 2675/2675 2669/2669 2674/2674
f 2677/2677 2675/2675 2676/2676
f 2677/2677 2669/2669 2675/2675
f 2677/2677 2667/2667 2669/2669
f 2678/2678 2667/2667 2677/2677
f 2679/2679 2667/2667 2678/2678
f 2679/2679 2808/2808 2667/2667
f 2680/2680 2808/2808 2679/2679
f 2682/2682 2680/2680 2681/2681
f 2683/2683 2680/2680 2682/2682
f 2685/2685 2683/2683 2684/2684
f 2685/2685 2680/2680 2683/2683
f 2686/2686 2680/2680 2685/2685
f 2687/2687 2680/2680 2686/2686
f 2687/2687 2808/2808 2680/2680
f 2689/2689 2687/2687 2688/2688
f 2689/2689 2808/2808 2687/2687
f 2690/2690 2808/2808 2689/2689
f 2691/2691 2808/2808 2690/2690
f 2692/2692 2808/2808 2691/2691
f 2694/2694 2692/2692 2693/2693
f 2695/2695 2692/2692 2694/2694
f 2696/2696 2692/2692 2695/2695
f 2696/2696 2808/2808 2692/2692
f 2697/2697 2808/2808 2696/2696
f 2698/2698 2808/2808 2697/2697
f 2699/2699 2808/2808 2698/2698
f 2700/2700 2808/2808 2699/2699
f 2701/2701 2808/2808 2700/2700
f 2702/2702 2808/2808 2701/2701
f 2703/2703 2808/2808 2702/2702
f 2704/2704 2808/2808 2703/2703
f 2705/2705 2808/2808 2704/2704
f 2706/2706 2808/2808 2705/2705
f 2707/2707 2808/2808 2706/2706
f 2708/2708 2808/2808 2707/2707
f 2709/2709 2808/2808 2708/2708
f 2710/2710 2808/2808 2709/2709
f 2711/2711 2808/2808 2710/2710
f 2712/2712 2808/2808 2711/2711
f 2713/2713 2808/2808 2712/2712
f 2714/2714 2808/2808 2713/2713
f 2715/2715 2808/2808 2714/2714
f 2716/2716 2808/2808 2715/2715
f 2717/2717 2808/2808 2716/2716
f 2718/2718 2808/2808 2717/2717
f 2719/2719 2808/2808 2718/2718
f 2720/2720 2808/2808 2719/2719
f 2721/2721 2808/2808 2720/2720
f 2722/2722 2808/2808 2721/2721
f 2723/2723 2808/2808 2722/2722
f 2724/2724 2808/2808 2723/2723
f 2725/2725 2808/2808 2724/2724
f 2726/2726 2808/2808 2725/2725
f 2727/2727 2808/2808 2726/2726
f 2728/2728 2808/2808 2727/2727
f 2730/2730 2728/2728 2729/2729
f 2730/2730 2808/2808 2728/2728
f 2731/2731 2808/2808 2730/2730
f 2732/2732 2808/2808 2731/2731
f 2733/2733 2808/2808 2732/2732
f 2734/2734 2808/2808 2733/2733
f 2735/2735 2808/2808 2734/2734
f 2736/2736 2808/2808 2735/2735
f 2737/2737 2808/2808 2736/2736
f 2739/2739 2737/2737 2738/2738
f 2740/2740 2737/2737 2739/2739
f 2741/2741 2737/2737 2740/2740
f 2741/2741 2808/2808 2737/2737
f 2742/2742 2808/2808 2741/2741
f 2743/2743 2808/2808 2742/2742
f 2744/2744 2808/2808 2743/2743
f 2747/2747 2745/2745 2746/2746
f 2747/2747 2744/2744 2745/2745
f 2747/2747 2808/2808 2744/2744
f 2748/2748 2808/2808 2747/2747
f 2749/2749 2808/2808 2748/2748
f 2752/2752 2750/2750 2751/2751
f 2752/2752 2749/2749 2750/2750
f 2753/2753 2749/2749 2752/2752
f 2754/2754 2749/2749 2753/2753
f 2755/2755 2749/2749 2754/2754
f 2755/2755 2808/2808 2749/2749
f 2756/2756 2808/2808 2755/2755
f 2757/2757 2808/2808 2756/2756
f 2758/2758 2808/2808 2757/2757
f 2759/2759 2808/2808 2758/2758
f 2760/2760 2808/2808 2759/2759
f 2761/2761 2808/2808 2760/2760
f 2762/2762 2808/2808 2761/2761
f 2764/2764 2762/2762 2763/2763
f 2764/2764 2808/2808 2762/2762
f 2765/2765 2808/2808 2764/2764
f 2766/2766 2808/2808 2765/2765
f 2767/2767 2808/2808 2766/2766
f 2770/2770 2768/2768 2769/2769
f 2772/2772 2770/2770 2771/2771
f 2772/2772 2768/2768 2770/2770
f 2774/2774 2772/2772 2773/2773
f 2774/2774 2768/2768 2772/2772
f 2775/2775 2768/2768 2774/2774
f 2776/2776 2768/2768 2775/2775
f 2777/2777 2768/2768 2776/2776
f 2778/2778 2768/2768 2777/2777
f 2778/2778 2767/2767 2768/2768
f 2779/2779 2767/2767 2778/2778
f 2780/2780 2767/2767 2779/2779
f 2781/2781 2767/2767 2780/2780
f 2782/2782 2767/2767 2781/2781
f 2783/2783 2767/2767 2782/2782
f 2785/2785 2783/2783 2784/2784
f 2786/2786 2783/2783 2785/2785
f 2786/2786 2767/2767 2783/2783
f 2787/2787 2767/2767 2786/2786
f 2788/2788 2767/2767 2787/2787
f 2790/2790 2788/2788 2789/2789
f 2793/2793 2791/2791 2792/2792
f 2793/2793 2790/2790 2791/2791
f 2793/2793 2788/2788 2790/2790
f 2794/2794 2788/2788 2793/2793
f 2795/2795 2788/2788 2794/2794
f 2796/2796 2788/2788 2795/2795
f 2796/2796 2767/2767 2788/2788
f 2797/2797 2767/2767 2796/2796
f 2798/2798 2767/2767 2797/2797
f 2799/2799 2767/2767 2798/2798
f 2800/2800 2767/2767 2799/2799
f 2801/2801 2767/2767 2800/2800
f 2802/2802 2767/2767 2801/2801
f 2803/2803 2767/2767 2802/2802
f 2804/2804 2767/2767 2803/2803
f 2804/2804 2808/2808 2767/2767
f 2805/2805 2808/2808 2804/2804
f 2807/2807 2805/2805 2806/2806
f 2808/2808 2805/2805 2807/2807
f 2819/2819 2826/2826 2818/2818
f 2821/2821 2819/2819 2820/2820
f 2821/2821 2826/2826 2819/2819
f 2822/2822 2826/2826 2821/2821
f 2823/2823 2826/2826 2822/2822
f 2824/2824 2826/2826 2823/2823
f 2826/2826 2824/2824 2825/2825
f 2836/2836 2842/2842 2835/2835
f 2837/2837 2842/2842 2836/2836
f 2838/2838 2842/2842 2837/2837
f 2839/2839 2842/2842 2838/2838
f 2841/2841 2839/2839 2840/2840
f 2842/2842 2839/2839 2841/2841
f 2851/2851 2849/2849 2850/2850
f 2851/2851 2854/2854 2849/2849
f 2852/2852 2854/2854 2851/2851
f 2854/2854 2852/2852 2853/2853
f 2862/2862 2866/2866 2861/2861
f 2863/2863 2866/2866 2862/2862
f 2864/2864 2866/2866 2863/2863
f 2866/2866 2864/2864 2865/2865
f 2876/2876 2882/2882 2875/2875
f 2877/2877 2882/2882 2876/2876
f 2878/2878 2882/2882 2877/2877
f 2879/2879 2882/2882 2878/2878
f 2880/2880 2882/2882 2879/2879
f 2882/2882 2880/2880 2881/2881
f 2892/2892 2898/2898 2891/2891
f 2893/2893 2898/2898 2892/2892
f 2894/2894 2898/2898 2893/2893
f 2896/2896 2894/2894 2895/2895
f 2897/2897 2894/2894 2896/2896
f 2898/2898 2894/2894 2897/2897
f 2905/2905 2908/2908 2904/2904
f 2906/2906 2908/2908 2905/2905
f 2908/2908 2906/2906 2907/2907
f 2921/2921 2930/2930 2920/2920
f 2923/2923 2921/2921 2922/2922
f 2923/2923 2930/2930 2921/2921
f 2924/2924 2930/2930 2923/2923
f 2925/2925 2930/2930 2924/2924
f 2926/2926 2930/2930 2925/2925
f 2927/2927 2930/2930 2926/2926
f 2928/2928 2930/2930 2927/2927
f 2930/2930 2928/2928 2929/2929
f 2936/2936 2938/2938 2935/2935
f 2938/2938 2936/2936 2937/2937
f 2944/2944 2946/2946 2943/2943
f 2946/2946 2944/2944 2945/2945
f 2970/2970 2968/2968 2969/2969
f 2970/2970 2967/2967 2968/2968
f 2970/2970 2966/2966 2967/2967
f 2970/2970 2984/2984 2966/2966
f 2972/2972 2970/2970 2971/2971
f 2972/2972 2984/2984 2970/2970
f 2974/2974 2972/2972 2973/2973
f 2974/2974 2984/2984 2972/2972
f 2975/2975 2984/2984 2974/2974
f 2976/2976 2984/2984 2975/2975
f 2977/2977 2984/2984 2976/2976
f 2978/2978 2984/2984 2977/2977
f 2979/2979 2984/2984 2978/2978
f 2981/2981 2979/2979 2980/2980
f 2982/2982 2979/2979 2981/2981
f 2983/2983 2979/2979 2982/2982
f 2984/2984 2979/2979 2983/2983
f 3015/3015 3013/3013 3014/3014
f 3016/3016 3013/3013 3015/3015
f 3017/3017 3013/3013 3016/3016
f 3018/3018 3013/3013 3017/3017
f 3019/3019 3013/3013 3018/3018
f 3020/3020 3013/3013 3019/3019
f 3021/3021 3013/3013 3020/3020
f 3022/3022 3013/3013 3021/3021
f 3023/3023 3013/3013 3022/3022
f 3023/3023 3040/3040 3013/3013
f 3024/3024 3040/3040 3023/3023
f 3025/3025 3040/3040 3024/3024
f 3027/3027 3025/3025 3026/3026
f 3028/3028 3025/3025 3027/3027
f 3028/3028 3040/3040 3025/3025
f 3029/3029 3040/3040 3028/3028
f 3030/3030 3040/3040 3029/3029
f 3031/3031 3040/3040 3030/3030
f 3032/3032 3040/3040 3031/3031
f 3033/3033 3040/3040 3032/3032
f 3034/3034 3040/3040 3033/3033
f 3035/3035 3040/3040 3034/3034
f 3036/3036 3040/3040 3035/3035
f 3037/3037 3040/3040 3036/3036
f 3038/3038 3040/3040 3037/3037
f 3040/3040 3038/3038 3039/3039
f 3061/3061 3078/3078 3060/3060
f 3062/3062 3078/3078 3061/3061
f 3063/3063 3078/3078 3062/3062
f 3064/3064 3078/3078 3063/3063
f 3065/3065 3078/3078 3064/3064
f 3066/3066 3078/3078 3065/3065
f 3067/3067 3078/3078 3066/3066
f 3068/3068 3078/3078 3067/3067
f 3069/3069 3078/3078 3068/3068
f 3070/3070 3078/3078 3069/3069
f 3071/3071 3078/3078 3070/3070
f 3072/3072 3078/3078 3071/3071
f 3073/3073 3078/3078 3072/3072
f 3074/3074 3078/3078 3073/3073
f 3075/3075 3078/3078 3074/3074
f 3076/3076 3078/3078 3075/3075
f 3078/3078 3076/3076 3077/3077
f 3109/3109 3136/3136 3108/3108
f 3110/3110 3136/3136 3109/3109
f 3117/3117 3115/3115 3116/3116
f 3117/3117 3114/3114 3115/3115
f 3117/3117 3113/3113 3114/3114
f 3117/3117 3112/3112 3113/3113
f 3117/3117 3111/3111 3112/3112
f 3119/3119 3117/3117 3118/3118
f 3119/3119 3111/3111 3117/3117
f 3119/3119 3110/3110 3111/3111
f 3120/3120 3110/3110 3119/3119
f 3121/3121 3110/3110 3120/3120
f 3121/3121 3136/3136 3110/3110
f 3122/3122 3136/3136 3121/3121
f 3123/3123 3136/3136 3122/3122
f 3124/3124 3136/3136 3123/3123
f 3125/3125 3136/3136 3124/3124
f 3126/3126 3136/3136 3125/3125
f 3127/3127 3136/3136 3126/3126
f 3128/3128 3136/3136 3127/3127
f 3129/3129 3136/3136 3128/3128
f 3130/3130 3136/3136 3129/3129
f 3131/3131 3136/3136 3130/3130
f 3133/3133 3131/3131 3132/3132
f 3134/3134 3131/3131 3133/3133
f 3135/3135 3131/3131 3134/3134
f 3136/3136 3131/3131 3135/3135
f 3172/3172 3204/3204 3171/3171
f 3173/3173 3204/3204 3172/3172
f 3174/3174 3204/3204 3173/3173
f 3175/3175 3204/3204 3174/3174
f 3176/3176 3204/3204 3175/3175
f 3177/3177 3204/3204 3176/3176
f 3178/3178 3204/3204 3177/3177
f 3179/3179 3204/3204 3178/3178
f 3180/3180 3204/3204 3179/3179
f 3181/3181 3204/3204 3180/3180
f 3182/3182 3204/3204 3181/3181
f 3183/3183 3204/3204 3182/3182
f 3184/3184 3204/3204 3183/3183
f 3185/3185 3204/3204 3184/3184
f 3187/3187 3185/3185 3186/3186
f 3189/3189 3187/3187 3188/3188
f 3189/3189 3185/3185 3187/3187
f 3190/3190 3185/3185 3189/3189
f 3191/3191 3185/3185 3190/3190
f 3192/3192 3185/3185 3191/3191
f 3192/3192 3204/3204 3185/3185
f 3193/3193 3204/3204 3192/3192
f 3194/3194 3204/3204 3193/3193
f 3195/3195 3204/3204 3194/3194
f 3196/3196 3204/3204 3195/3195
f 3197/3197 3204/3204 3196/3196
f 3198/3198 3204/3204 3197/3197
f 3199/3199 3204/3204 3198/3198
f 3200/3200 3204/3204 3199/3199
f 3201/3201 3204/3204 3200/3200
f 3203/3203 3201/3201 3202/3202
f 3204/3204 3201/3201 3203/3203
f 3223/3223 3238/3238 3222/3222
f 3224/3224 3238/3238 3223/3223
f 3226/3226 3224/3224 3225/3225
f 3228/3228 3226/3226 3227/3227
f 3229/3229 3226/3226 3228/3228
f 3230/3230 3226/3226 3229/3229
f 3231/3231 3226/3226 3230/3230
f 3231/3231 3224/3224 3226/3226
f 3232/3232 3224/3224 3231/3231
f 3232/3232 3238/3238 3224/3224
f 3233/3233 3238/3238 3232/3232
f 3234/3234 3238/3238 3233/3233
f 3235/3235 3238/3238 3234/3234
f 3236/3236 3238/3238 3235/3235
f 3238/3238 3236/3236 3237/3237
f 3254/3254 3266/3266 3253/3253
f 3255/3255 3266/3266 3254/3254
f 3256/3256 3266/3266 3255/3255
f 3257/3257 3266/3266 3256/3256
f 3258/3258 3266/3266 3257/3257
f 3259/3259 3266/3266 3258/3258
f 3262/3262 3260/3260 3261/3261
f 3263/3263 3260/3260 3262/3262
f 3264/3264 3260/3260 3263/3263
f 3265/3265 3260/3260 3264/3264
f 3265/3265 3259/3259 3260/3260
f 3266/3266 3259/3259 3265/3265
f 3278/3278 3286/3286 3277/3277
f 3279/3279 3286/3286 3278/3278
f 3280/3280 3286/3286 3279/3279
f 3281/3281 3286/3286 3280/3280
f 3282/3282 3286/3286 3281/3281
f 3283/3283 3286/3286 3282/3282
f 3284/3284 3286/3286 3283/3283
f 3286/3286 3284/3284 3285/3285
f 3305/3305 3320/3320 3304/3304
f 3306/3306 3320/3320 3305/3305
f 3307/3307 3320/3320 3306/3306
f 3308/3308 3320/3320 3307/3307
f 3309/3309 3320/3320 3308/3308
f 3310/3310 3320/3320 3309/3309
f 3311/3311 3320/3320 3310/3310
f 3312/3312 3320/3320 3311/3311
f 3313/3313 3320/3320 3312/3312
f 3314/3314 3320/3320 3313/3313
f 3315/3315 3320/3320 3314/3314
f 3316/3316 3320/3320 3315/3315
f 3318/3318 3316/3316 3317/3317
f 3319/3319 3316/3316 3318/3318
f 3320/3320 3316/3316 3319/3319
f 3332/3332 3330/3330 3331/3331
f 3332/3332 3338/3338 3330/3330
f 3333/3333 3338/3338 3332/3332
f 3334/3334 3338/3338 3333/3333
f 3335/3335 3338/3338 3334/3334
f 3336/3336 3338/3338 3335/3335
f 3338/3338 3336/3336 3337/3337
f 3380/3380 3418/3418 3379/3379
f 3381/3381 3418/3418 3380/3380
f 3382/3382 3418/3418 3381/3381
f 3383/3383 3418/3418 3382/3382
f 3385/3385 3383/3383 3384/3384
f 3386/3386 3383/3383 3385/3385
f 3386/3386 3418/3418 3383/3383
f 3388/3388 3386/3386 3387/3387
f 3389/3389 3386/3386 3388/3388
f 3389/3389 3418/3418 3386/3386
f 3390/3390 3418/3418 3389/3389
f 3391/3391 3418/3418 3390/3390
f 3392/3392 3418/3418 3391/3391
f 3393/3393 3418/3418 3392/3392
f 3394/3394 3418/3418 3393/3393
f 3395/3395 3418/3418 3394/3394
f 3396/3396 3418/3418 3395/3395
f 3397/3397 3418/3418 3396/3396
f 3398/3398 3418/3418 3397/3397
f 3400/3400 3398/3398 3399/3399
f 3400/3400 3418/3418 3398/3398
f 3401/3401 3418/3418 3400/3400
f 3402/3402 3418/3418 3401/3401
f 3403/3403 3418/3418 3402/3402
f 3404/3404 3418/3418 3403/3403
f 3405/3405 3418/3418 3404/3404
f 3406/3406 3418/3418 3405/3405
f 3407/3407 3418/3418 3406/3406
f 3408/3408 3418/3418 3407/3407
f 3409/3409 3418/3418 3408/3408
f 3410/3410 3418/3418 3409/3409
f 3411/3411 3418/3418 3410/3410
f 3412/3412 3418/3418 3411/3411
f 3413/3413 3418/3418 3412/3412
f 3414/3414 3418/3418 3413/3413
f 3415/3415 3418/3418 3414/3414
f 3416/3416 3418/3418 3415/3415
f 3418/3418 3416/3416 3417/3417
f 3428/3428 3434/3434 3427/3427
f 3429/3429 3434/3434 3428/3428
f 3430/3430 3434/3434 3429/3429
f 3432/3432 3430/3430 3431/3431
f 3433/3433 3430/3430 3432/3432
f 3434/3434 3430/3430 3433/3433
f 3483/3483 3481/3481 3482/3482
f 3483/3483 3480/3480 3481/3481
f 3484/3484 3480/3480 3483/3483
f 3484/3484 3524/3524 3480/3480
f 3485/3485 3524/3524 3484/3484
f 3486/3486 3524/3524 3485/3485
f 3487/3487 3524/3524 3486/3486
f 3488/3488 3524/3524 3487/3487
f 3489/3489 3524/3524 3488/3488
f 3490/3490 3524/3524 3489/3489
f 3492/3492 3490/3490 3491/3491
f 3492/3492 3524/3524 3490/3490
f 3493/3493 3524/3524 3492/3492
f 3494/3494 3524/3524 3493/3493
f 3495/3495 3524/3524 3494/3494
f 3496/3496 3524/3524 3495/3495
f 3497/3497 3524/3524 3496/3496
f 3498/3498 3524/3524 3497/3497
f 3499/3499 3524/3524 3498/3498
f 3500/3500 3524/3524 3499/3499
f 3501/3501 3524/3524 3500/3500
f 3502/3502 3524/3524 3501/3501
f 3503/3503 3524/3524 3502/3502
f 3504/3504 3524/3524 3503/3503
f 3505/3505 3524/3524 3504/3504
f 3506/3506 3524/3524 3505/3505
f 3507/3507 3524/3524 3506/3506
f 3508/3508 3524/3524 3507/3507
f 3509/3509 3524/3524 3508/3508
f 3510/3510 3524/3524 3509/3509
f 3511/3511 3524/3524 3510/3510
f 3512/3512 3524/3524 3511/3511
f 3513/3513 3524/3524 3512/3512
f 3514/3514 3524/3524 3513/3513
f 3516/3516 3514/3514 3515/3515
f 3517/3517 3514/3514 3516/3516
f 3518/3518 3514/3514 3517/3517
f 3519/3519 3514/3514 3518/3518
f 3520/3520 3514/3514 3519/3519
f 3521/3521 3514/3514 3520/3520
f 3522/3522 3514/3514 3521/3521
f 3523/3523 3514/3514 3522/3522
f 3524/3524 3514/3514 3523/3523
f 3530/3530 3532/3532 3529/3529
f 3532/3532 3530/3530 3531/3531
f 3552/3552 3568/3568 3551/3551
f 3553/3553 3568/3568 3552/3552
f 3554/3554 3568/3568 3553/3553
f 3555/3555 3568/3568 3554/3554
f 3556/3556 3568/3568 3555/3555
f 3557/3557 3568/3568 3556/3556
f 3558/3558 3568/3568 3557/3557
f 3559/3559 3568/3568 3558/3558
f 3560/3560 3568/3568 3559/3559
f 3561/3561 3568/3568 3560/3560
f 3562/3562 3568/3568 3561/3561
f 3563/3563 3568/3568 3562/3562
f 3564/3564 3568/3568 3563/3563
f 3565/3565 3568/3568 3564/3564
f 3566/3566 3568/3568 3565/3565
f 3568/3568 3566/3566 3567/3567
f 3586/3586 3600/3600 3585/3585
f 3587/3587 3600/3600 3586/3586
f 3588/3588 3600/3600 3587/3587
f 3589/3589 3600/3600 3588/3588
f 3590/3590 3600/3600 3589/3589
f 3591/3591 3600/3600 3590/3590
f 3592/3592 3600/3600 3591/3591
f 3593/3593 3600/3600 3592/3592
f 3594/3594 3600/3600 3593/3593
f 3595/3595 3600/3600 3594/3594
f 3596/3596 3600/3600 3595/3595
f 3597/3597 3600/3600 3596/3596
f 3598/3598 3600/3600 3597/3597
f 3600/3600 3598/3598 3599/3599
f 3618/3618 3632/3632 3617/3617
f 3619/3619 3632/3632 3618/3618
f 3620/3620 3632/3632 3619/3619
f 3621/3621 3632/3632 3620/3620
f 3622/3622 3632/3632 3621/3621
f 3623/3623 3632/3632 3622/3622
f 3624/3624 3632/3632 3623/3623
f 3625/3625 3632/3632 3624/3624
f 3626/3626 3632/3632 3625/3625
f 3627/3627 3632/3632 3626/3626
f 3628/3628 3632/3632 3627/3627
f 3629/3629 3632/3632 3628/3628
f 3630/3630 3632/3632 3629/3629
f 3632/3632 3630/3630 3631/3631
f 3650/3650 3664/3664 3649/3649
f 3651/3651 3664/3664 3650/3650
f 3652/3652 3664/3664 3651/3651
f 3653/3653 3664/3664 3652/3652
f 3654/3654 3664/3664 3653/3653
f 3655/3655 3664/3664 3654/3654
f 3656/3656 3664/3664 3655/3655
f 3657/3657 3664/3664 3656/3656
f 3658/3658 3664/3664 3657/3657
f 3659/3659 3664/3664 3658/3658
f 3660/3660 3664/3664 3659/3659
f 3661/3661 3664/3664 3660/3660
f 3662/3662 3664/3664 3661/3661
f 3664/3664 3662/3662 3663/3663
f 3682/3682 3696/3696 3681/3681
f 3683/3683 3696/3696 3682/3682
f 3684/3684 3696/3696 3683/3683
f 3685/3685 3696/3696 3684/3684
f 3686/3686 3696/3696 3685/3685
f 3687/3687 3696/3696 3686/3686
f 3688/3688 3696/3696 3687/3687
f 3689/3689 3696/3696 3688/3688
f 3690/3690 3696/3696 3689/3689
f 3691/3691 3696/3696 3690/3690
f 3692/3692 3696/3696 3691/3691
f 3693/3693 3696/3696 3692/3692
f 3694/3694 3696/3696 3693/3693
f 3696/3696 3694/3694 3695/3695
f 3715/3715 3730/3730 3714/3714
f 3716/3716 3730/3730 3715/3715
f 3717/3717 3730/3730 3716/3716
f 3718/3718 3730/3730 3717/3717
f 3719/3719 3730/3730 3718/3718
f 3720/3720 3730/3730 3719/3719
f 3721/3721 3730/3730 3720/3720
f 3722/3722 3730/3730 3721/3721
f 3723/3723 3730/3730 3722/3722
f 3724/3724 3730/3730 3723/3723
f 3725/3725 3730/3730 3724/3724
f 3726/3726 3730/3730 3725/3725
f 3727/3727 3730/3730 3726/3726
f 3728/3728 3730/3730 3727/3727
f 3730/3730 3728/3728 3729/3729
f 3748/3748 3762/3762 3747/3747
f 3749/3749 3762/3762 3748/3748
f 3750/3750 3762/3762 3749/3749
f 3751/3751 3762/3762 3750/3750
f 3752/3752 3762/3762 3751/3751
f 3753/3753 3762/3762 3752/3752
f 3754/3754 3762/3762 3753/3753
f 3755/3755 3762/3762 3754/3754
f 3756/3756 3762/3762 3755/3755
f 3757/3757 3762/3762 3756/3756
f 3758/3758 3762/3762 3757/3757
f 3759/3759 3762/3762 3758/3758
f 3760/3760 3762/3762 3759/3759
f 3762/3762 3760/3760 3761/3761
f 3780/3780 3794/3794 3779/3779
f 3781/3781 3794/3794 3780/3780
f 3782/3782 3794/3794 3781/3781
f 3783/3783 3794/3794 3782/3782
f 3784/3784 3794/3794 3783/3783
f 3785/3785 3794/3794 3784/3784
f 3786/3786 3794/3794 3785/3785
f 3787/3787 3794/3794 3786/3786
f 3788/3788 3794/3794 3787/3787
f 3789/3789 3794/3794 3788/3788
f 3790/3790 3794/3794 3789/3789
f 3791/3791 3794/3794 3790/3790
f 3792/3792 3794/3794 3791/3791
f 3794/3794 3792/3792 3793/3793
f 3814/3814 3830/3830 3813/3813
f 3815/3815 3830/3830 3814/3814
f 3816/3816 3830/3830 3815/3815
f 3817/3817 3830/3830 3816/3816
f 3818/3818 3830/3830 3817/3817
f 3819/3819 3830/3830 3818/3818
f 3820/3820 3830/3830 3819/3819
f 3821/3821 3830/3830 3820/3820
f 3822/3822 3830/3830 3821/3821
f 3823/3823 3830/3830 3822/3822
f 3824/3824 3830/3830 3823/3823
f 3825/3825 3830/3830 3824/3824
f 3826/3826 3830/3830 3825/3825
f 3827/3827 3830/3830 3826/3826
f 3828/3828 3830/3830 3827/3827
f 3830/3830 3828/3828 3829/3829
f 3848/3848 3862/3862 3847/3847
f 3849/3849 3862/3862 3848/3848
f 3850/3850 3862/3862 3849/3849
f 3851/3851 3862/3862 3850/3850
f 3852/3852 3862/3862 3851/3851
f 3853/3853 3862/3862 3852/3852
f 3854/3854 3862/3862 3853/3853
f 3855/3855 3862/3862 3854/3854
f 3856/3856 3862/3862 3855/3855
f 3857/3857 3862/3862 3856/3856
f 3858/3858 3862/3862 3857/3857
f 3859/3859 3862/3862 3858/3858
f 3860/3860 3862/3862 3859/3859
f 3862/3862 3860/3860 3861/3861
f 3894/3894 3922/3922 3893/3893
f 3895/3895 3922/3922 3894/3894
f 3896/3896 3922/3922 3895/3895
f 3897/3897 3922/3922 3896/3896
f 3898/3898 3922/3922 3897/3897
f 3899/3899 3922/3922 3898/3898
f 3900/3900 3922/3922 3899/3899
f 3901/3901 3922/3922 3900/3900
f 3902/3902 3922/3922 3901/3901
f 3903/3903 3922/3922 3902/3902
f 3904/3904 3922/3922 3903/3903
f 3905/3905 3922/3922 3904/3904
f 3906/3906 3922/3922 3905/3905
f 3907/3907 3922/3922 3906/3906
f 3908/3908 3922/3922 3907/3907
f 3909/3909 3922/3922 3908/3908
f 3910/3910 3922/3922 3909/3909
f 3911/3911 3922/3922 3910/3910
f 3912/3912 3922/3922 3911/3911
f 3913/3913 3922/3922 3912/3912
f 3914/3914 3922/3922 3913/3913
f 3915/3915 3922/3922 3914/3914
f 3916/3916 3922/3922 3915/3915
f 3917/3917 3922/3922 3916/3916
f 3918/3918 3922/3922 3917/3917
f 3919/3919 3922/3922 3918/3918
f 3920/3920 3922/3922 3919/3919
f 3922/3922 3920/3920 3921/3921
f 3955/3955 3984/3984 3954/3954
f 3956/3956 3984/3984 3955/3955
f 3957/3957 3984/3984 3956/3956
f 3958/3958 3984/3984 3957/3957
f 3959/3959 3984/3984 3958/3958
f 3960/3960 3984/3984 3959/3959
f 3961/3961 3984/3984 3960/3960
f 3962/3962 3984/3984 3961/3961
f 3963/3963 3984/3984 3962/3962
f 3964/3964 3984/3984 3963/3963
f 3965/3965 3984/3984 3964/3964
f 3966/3966 3984/3984 3965/3965
f 3967/3967 3984/3984 3966/3966
f 3968/3968 3984/3984 3967/3967
f 3969/3969 3984/3984 3968/3968
f 3970/3970 3984/3984 3969/3969
f 3971/3971 3984/3984 3970/3970
f 3972/3972 3984/3984 3971/3971
f 3973/3973 3984/3984 3972/3972
f 3974/3974 3984/3984 3973/3973
f 3975/3975 3984/3984 3974/3974
f 3976/3976 3984/3984 3975/3975
f 3977/3977 3984/3984 3976/3976
f 3978/3978 3984/3984 3977/3977
f 3979/3979 3984/3984 3978/3978
f 3980/3980 3984/3984 3979/3979
f 3981/3981 3984/3984 3980/3980
f 3982/3982 3984/3984 3981/3981
f 3984/3984 3982/3982 3983/3983
f 4017/4017 4046/4046 4016/4016
f 4018/4018 4046/4046 4017/4017
f 4019/4019 4046/4046 4018/4018
f 4020/4020 4046/4046 4019/4019
f 4021/4021 4046/4046 4020/4020
f 4022/4022 4046/4046 4021/4021
f 4023/4023 4046/4046 4022/4022
f 4024/4024 4046/4046 4023/4023
f 4025/4025 4046/4046 4024/4024
f 4026/4026 4046/4046 4025/4025
f 4027/4027 4046/4046 4026/4026
f 4028/4028 4046/4046 4027/4027
f 4029/4029 4046/4046 4028/4028
f 4030/4030 4046/4046 4029/4029
f 4031/4031 4046/4046 4030/4030
f 4032/4032 4046/4046 4031/4031
f 4033/4033 4046/4046 4032/4032
f 4034/4034 4046/4046 4033/4033
f 4035/4035 4046/4046 4034/4034
f 4036/4036 4046/4046 4035/4035
f 4037/4037 4046/4046 4036/4036
f 4038/4038 4046/4046 4037/4037
f 4039/4039 4046/4046 4038/4038
f 4040/4040 4046/4046 4039/4039
f 4041/4041 4046/4046 4040/4040
f 4042/4042 4046/4046 4041/4041
f 4043/4043 4046/4046 4042/4042
f 4044/4044 4046/4046 4043/4043
f 4046/4046 4044/4044 4045/4045
f 4080/4080 4110/4110 4079/4079
f 4081/4081 4110/4110 4080/4080
f 4082/4082 4110/4110 4081/4081
f 4083/4083 4110/4110 4082/4082
f 4084/4084 4110/4110 4083/4083
f 4085/4085 4110/4110 4084/4084
f 4086/4086 4110/4110 4085/4085
f 4087/4087 4110/4110 4086/4086
f 4088/4088 4110/4110 4087/4087
f 4089/4089 4110/4110 4088/4088
f 4090/4090 4110/4110 4089/4089
f 4091/4091 4110/4110 4090/4090
f 4092/4092 4110/4110 4091/4091
f 4093/4093 4110/4110 4092/4092
f 4094/4094 4110/4110 4093/4093
f 4095/4095 4110/4110 4094/4094
f 4096/4096 4110/4110 4095/4095
f 4097/4097 4110/4110 4096/4096
f 4098/4098 4110/4110 4097/4097
f 4099/4099 4110/4110 4098/4098
f 4100/4100 4110/4110 4099/4099
f 4101/4101 4110/4110 4100/4100
f 4102/4102 4110/4110 4101/4101
f 4103/4103 4110/4110 4102/4102
f 4104/4104 4110/4110 4103/4103
f 4105/4105 4110/4110 4104/4104
f 4106/4106 4110/4110 4105/4105
f 4107/4107 4110/4110 4106/4106
f 4108/4108 4110/4110 4107/4107
f 4110/4110 4108/4108 4109/4109
f 4161/4161 4159/4159 4160/4160
f 4161/4161 4158/4158 4159/4159
f 4161/4161 4157/4157 4158/4158
f 4161/4161 4156/4156 4157/4157
f 4161/4161 4200/4200 4156/4156
f 4162/4162 4200/4200 4161/4161
f 4163/4163 4200/4200 4162/4162
f 4164/4164 4200/4200 4163/4163
f 4165/4165 4200/4200 4164/4164
f 4166/4166 4200/4200 4165/4165
f 4167/4167 4200/4200 4166/4166
f 4168/4168 4200/4200 4167/4167
f 4169/4169 4200/4200 4168/4168
f 4170/4170 4200/4200 4169/4169
f 4173/4173 4171/4171 4172/4172
f 4173/4173 4170/4170 4171/4171
f 4173/4173 4200/4200 4170/4170
f 4174/4174 4200/4200 4173/4173
f 4175/4175 4200/4200 4174/4174
f 4176/4176 4200/4200 4175/4175
f 4177/4177 4200/4200 4176/4176
f 4178/4178 4200/4200 4177/4177
f 4179/4179 4200/4200 4178/4178
f 4180/4180 4200/4200 4179/4179
f 4181/4181 4200/4200 4180/4180
f 4182/4182 4200/4200 4181/4181
f 4183/4183 4200/4200 4182/4182
f 4184/4184 4200/4200 4183/4183
f 4185/4185 4200/4200 4184/4184
f 4186/4186 4200/4200 4185/4185
f 4187/4187 4200/4200 4186/4186
f 4188/4188 4200/4200 4187/4187
f 4189/4189 4200/4200 4188/4188
f 4190/4190 4200/4200 4189/4189
f 4191/4191 4200/4200 4190/4190
f 4192/4192 4200/4200 4191/4191
f 4193/4193 4200/4200 4192/4192
f 4194/4194 4200/4200 4193/4193
f 4195/4195 4200/4200 4194/4194
f 4196/4196 4200/4200 4195/4195
f 4198/4198 4196/4196 4197/4197
f 4199/4199 4196/4196 4198/4198
f 4200/4200 4196/4196 4199/4199
f 4209/4209 4207/4207 4208/4208
f 4209/4209 4212/4212 4207/4207
f 4210/4210 4212/4212 4209/4209
f 4212/4212 4210/4210 4211/4211
f 4221/4221 4219/4219 4220/4220
f 4221/4221 4224/4224 4219/4219
f 4223/4223 4221/4221 4222/4222
f 4224/4224 4221/4221 4223/4223
f 4232/4232 4236/4236 4231/4231
f 4233/4233 4236/4236 4232/4232
f 4234/4234 4236/4236 4233/4233
f 4236/4236 4234/4234 4235/4235
f 4244/4244 4248/4248 4243/4243
f 4245/4245 4248/4248 4244/4244
f 4246/4246 4248/4248 4245/4245
f 4248/4248 4246/4246 4247/4247
f 4256/4256 4260/4260 4255/4255
f 4257/4257 4260/4260 4256/4256
f 4258/4258 4260/4260 4257/4257
f 4260/4260 4258/4258 4259/4259
f 4266/4266 4268/4268 4265/4265
f 4268/4268 4266/4266 4267/4267
f 4291/4291 4289/4289 4290/4290
f 4292/4292 4289/4289 4291/4291
f 4293/4293 4289/4289 4292/4292
f 4294/4294 4289/4289 4293/4293
f 4294/4294 4308/4308 4289/4289
f 4295/4295 4308/4308 4294/4294
f 4296/4296 4308/4308 4295/4295
f 4299/4299 4297/4297 4298/4298
f 4300/4300 4297/4297 4299/4299
f 4300/4300 4296/4296 4297/4297
f 4300/4300 4308/4308 4296/4296
f 4301/4301 4308/4308 4300/4300
f 4302/4302 4308/4308 4301/4301
f 4303/4303 4308/4308 4302/4302
f 4304/4304 4308/4308 4303/4303
f 4305/4305 4308/4308 4304/4304
f 4306/4306 4308/4308 4305/4305
f 4308/4308 4306/4306 4307/4307
f 4504/4504 4502/4502 4503/4503
f 4506/4506 4504/4504 4505/4505
f 4507/4507 4504/4504 4506/4506
f 4508/4508 4504/4504 4507/4507
f 4508/4508 4502/4502 4504/4504
f 4509/4509 4502/4502 4508/4508
f 4510/4510 4502/4502 4509/4509
f 4510/4510 4694/4694 4502/4502
f 4512/4512 4510/4510 4511/4511
f 4512/4512 4694/4694 4510/4510
f 4513/4513 4694/4694 4512/4512
f 4514/4514 4694/4694 4513/4513
f 4515/4515 4694/4694 4514/4514
f 4516/4516 4694/4694 4515/4515
f 4517/4517 4694/4694 4516/4516
f 4518/4518 4694/4694 4517/4517
f 4519/4519 4694/4694 4518/4518
f 4520/4520 4694/4694 4519/4519
f 4521/4521 4694/4694 4520/4520
f 4522/4522 4694/4694 4521/4521
f 4523/4523 4694/4694 4522/4522
f 4524/4524 4694/4694 4523/4523
f 4525/4525 4694/4694 4524/4524
f 4526/4526 4694/4694 4525/4525
f 4527/4527 4694/4694 4526/4526
f 4528/4528 4694/4694 4527/4527
f 4529/4529 4694/4694 4528/4528
f 4530/4530 4694/4694 4529/4529
f 4532/4532 4530/4530 4531/4531
f 4535/4535 4533/4533 4534/4534
f 4536/4536 4533/4533 4535/4535
f 4536/4536 4532/4532 4533/4533
f 4537/4537 4532/4532 4536/4536
f 4538/4538 4532/4532 4537/4537
f 4540/4540 4538/4538 4539/4539
f 4540/4540 4532/4532 4538/4538
f 4541/4541 4532/4532 4540/4540
f 4541/4541 4530/4530 4532/4532
f 4541/4541 4694/4694 4530/4530
f 4542/4542 4694/4694 4541/4541
f 4544/4544 4542/4542 4543/4543
f 4545/4545 4542/4542 4544/4544
f 4546/4546 4542/4542 4545/4545
f 4547/4547 4542/4542 4546/4546
f 4548/4548 4542/4542 4547/4547
f 4549/4549 4542/4542 4548/4548
f 4549/4549 4694/4694 4542/4542
f 4550/4550 4694/4694 4549/4549
f 4551/4551 4694/4694 4550/4550
f 4553/4553 4551/4551 4552/4552
f 4554/4554 4551/4551 4553/4553
f 4555/4555 4551/4551 4554/4554
f 4557/4557 4555/4555 4556/4556
f 4558/4558 4555/4555 4557/4557
f 4559/4559 4555/4555 4558/4558
f 4560/4560 4555/4555 4559/4559
f 4560/4560 4551/4551 4555/4555
f 4561/4561 4551/4551 4560/4560
f 4562/4562 4551/4551 4561/4561
f 4563/4563 4551/4551 4562/4562
f 4563/4563 4694/4694 4551/4551
f 4564/4564 4694/4694 4563/4563
f 4565/4565 4694/4694 4564/4564
f 4566/4566 4694/4694 4565/4565
f 4567/4567 4694/4694 4566/4566
f 4568/4568 4694/4694 4567/4567
f 4571/4571 4569/4569 4570/4570
f 4572/4572 4569/4569 4571/4571
f 4573/4573 4569/4569 4572/4572
f 4574/4574 4569/4569 4573/4573
f 4575/4575 4569/4569 4574/4574
f 4576/4576 4569/4569 4575/4575
f 4577/4577 4569/4569 4576/4576
f 4578/4578 4569/4569 4577/4577
f 4579/4579 4569/4569 4578/4578
f 4580/4580 4569/4569 4579/4579
f 4581/4581 4569/4569 4580/4580
f 4582/4582 4569/4569 4581/4581
f 4583/4583 4569/4569 4582/4582
f 4584/4584 4569/4569 4583/4583
f 4585/4585 4569/4569 4584/4584
f 4586/4586 4569/4569 4585/4585
f 4587/4587 4569/4569 4586/4586
f 4588/4588 4569/4569 4587/4587
f 4589/4589 4569/4569 4588/4588
f 4590/4590 4569/4569 4589/4589
f 4591/4591 4569/4569 4590/4590
f 4593/4593 4591/4591 4592/4592
f 4594/4594 4591/4591 4593/4593
f 4595/4595 4591/4591 4594/4594
f 4596/4596 4591/4591 4595/4595
f 4597/4597 4591/4591 4596/4596
f 4598/4598 4591/4591 4597/4597
f 4599/4599 4591/4591 4598/4598
f 4600/4600 4591/4591 4599/4599
f 4601/4601 4591/4591 4600/4600
f 4602/4602 4591/4591 4601/4601
f 4602/4602 4569/4569 4591/4591
f 4603/4603 4569/4569 4602/4602
f 4604/4604 4569/4569 4603/4603
f 4605/4605 4569/4569 4604/4604
f 4606/4606 4569/4569 4605/4605
f 4607/4607 4569/4569 4606/4606
f 4608/4608 4569/4569 4607/4607
f 4609/4609 4569/4569 4608/4608
f 4609/4609 4568/4568 4569/4569
f 4610/4610 4568/4568 4609/4609
f 4611/4611 4568/4568 4610/4610
f 4612/4612 4568/4568 4611/4611
f 4613/4613 4568/4568 4612/4612
f 4614/4614 4568/4568 4613/4613
f 4615/4615 4568/4568 4614/4614
f 4616/4616 4568/4568 4615/4615
f 4617/4617 4568/4568 4616/4616
f 4618/4618 4568/4568 4617/4617
f 4619/4619 4568/4568 4618/4618
f 4620/4620 4568/4568 4619/4619
f 4621/4621 4568/4568 4620/4620
f 4622/4622 4568/4568 4621/4621
f 4624/4624 4622/4622 4623/4623
f 4625/4625 4622/4622 4624/4624
f 4626/4626 4622/4622 4625/4625
f 4627/4627 4622/4622 4626/4626
f 4628/4628 4622/4622 4627/4627
f 4629/4629 4622/4622 4628/4628
f 4630/4630 4622/4622 4629/4629
f 4631/4631 4622/4622 4630/4630
f 4631/4631 4568/4568 4622/4622
f 4634/4634 4632/4632 4633/4633
f 4635/4635 4632/4632 4634/4634
f 4636/4636 4632/4632 4635/4635
f 4637/4637 4632/4632 4636/4636
f 4638/4638 4632/4632 4637/4637
f 4639/4639 4632/4632 4638/4638
f 4640/4640 4632/4632 4639/4639
f 4641/4641 4632/4632 4640/4640
f 4642/4642 4632/4632 4641/4641
f 4643/4643 4632/4632 4642/4642
f 4644/4644 4632/4632 4643/4643
f 4645/4645 4632/4632 4644/4644
f 4646/4646 4632/4632 4645/4645
f 4647/4647 4632/4632 4646/4646
f 4648/4648 4632/4632 4647/4647
f 4649/4649 4632/4632 4648/4648
f 4650/4650 4632/4632 4649/4649
f 4650/4650 4631/4631 4632/4632
f 4651/4651 4631/4631 4650/4650
f 4652/4652 4631/4631 4651/4651
f 4653/4653 4631/4631 4652/4652
f 4654/4654 4631/4631 4653/4653
f 4655/4655 4631/4631 4654/4654
f 4655/4655 4568/4568 4631/4631
f 4656/4656 4568/4568 4655/4655
f 4658/4658 4656/4656 4657/4657
f 4658/4658 4568/4568 4656/4656
f 4660/4660 4658/4658 4659/4659
f 4661/4661 4658/4658 4660/4660
f 4661/4661 4568/4568 4658/4658
f 4662/4662 4568/4568 4661/4661
f 4663/4663 4568/4568 4662/4662
f 4664/4664 4568/4568 4663/4663
f 4665/4665 4568/4568 4664/4664
f 4666/4666 4568/4568 4665/4665
f 4667/4667 4568/4568 4666/4666
f 4668/4668 4568/4568 4667/4667
f 4669/4669 4568/4568 4668/4668
f 4670/4670 4568/4568 4669/4669
f 4671/4671 4568/4568 4670/4670
f 4672/4672 4568/4568 4671/4671
f 4673/4673 4568/4568 4672/4672
f 4676/4676 4674/4674 4675/4675
f 4677/4677 4674/4674 4676/4676
f 4677/4677 4673/4673 4674/4674
f 4678/4678 4673/4673 4677/4677
f 4679/4679 4673/4673 4678/4678
f 4680/4680 4673/4673 4679/4679
f 4680/4680 4568/4568 4673/4673
f 4680/4680 4694/4694 4568/4568
f 4681/4681 4694/4694 4680/4680
f 4682/4682 4694/4694 4681/4681
f 4683/4683 4694/4694 4682/4682
f 4684/4684 4694/4694 4683/4683
f 4685/4685 4694/4694 4684/4684
f 4686/4686 4694/4694 4685/4685
f 4687/4687 4694/4694 4686/4686
f 4688/4688 4694/4694 4687/4687
f 4689/4689 4694/4694 4688/4688
f 4690/4690 4694/4694 4689/4689
f 4691/4691 4694/4694 4690/4690
f 4692/4692 4694/4694 4691/4691
f 4694/4694 4692/4692 4693/4693
f 4713/4713 4728/4728 4712/4712
f 4714/4714 4728/4728 4713/4713
f 4715/4715 4728/4728 4714/4714
f 4717/4717 4715/4715 4716/4716
f 4717/4717 4728/4728 4715/4715
f 4718/4718 4728/4728 4717/4717
f 4719/4719 4728/4728 4718/4718
f 4723/4723 4721/4721 4722/4722
f 4723/4723 4720/4720 4721/4721
f 4724/4724 4720/4720 4723/4723
f 4725/4725 4720/4720 4724/4724
f 4726/4726 4720/4720 4725/4725
f 4726/4726 4719/4719 4720/4720
f 4727/4727 4719/4719 4726/4726
f 4728/4728 4719/4719 4727/4727
f 4736/4736 4740/4740 4735/4735
f 4737/4737 4740/4740 4736/4736
f 4738/4738 4740/4740 4737/4737
f 4740/4740 4738/4738 4739/4739
f 4746/4746 4748/4748 4745/4745
f 4748/4748 4746/4746 4747/4747
f 4767/4767 4782/4782 4766/4766
f 4769/4769 4767/4767 4768/4768
f 4770/4770 4767/4767 4769/4769
f 4771/4771 4767/4767 4770/4770
f 4772/4772 4767/4767 4771/4771
f 4772/4772 4782/4782 4767/4767
f 4773/4773 4782/4782 4772/4772
f 4774/4774 4782/4782 4773/4773
f 4775/4775 4782/4782 4774/4774
f 4776/4776 4782/4782 4775/4775
f 4777/4777 4782/4782 4776/4776
f 4778/4778 4782/4782 4777/4777
f 4779/4779 4782/4782 4778/4778
f 4780/4780 4782/4782 4779/4779
f 4782/4782 4780/4780 4781/4781
f 4791/4791 4789/4789 4790/4790
f 4792/4792 4789/4789 4791/4791
f 4792/4792 4794/4794 4789/4789
f 4794/4794 4792/4792 4793/4793
f 4802/4802 4806/4806 4801/4801
f 4803/4803 4806/4806 4802/4802
f 4804/4804 4806/4806 4803/4803
f 4806/4806 4804/4804 4805/4805
f 4828/4828 4846/4846 4827/4827
f 4829/4829 4846/4846 4828/4828
f 4830/4830 4846/4846 4829/4829
f 4831/4831 4846/4846 4830/4830
f 4833/4833 4831/4831 4832/4832
f 4833/4833 4846/4846 4831/4831
f 4834/4834 4846/4846 4833/4833
f 4835/4835 4846/4846 4834/4834
f 4837/4837 4835/4835 4836/4836
f 4837/4837 4846/4846 4835/4835
f 4839/4839 4837/4837 4838/4838
f 4840/4840 4837/4837 4839/4839
f 4841/4841 4837/4837 4840/4840
f 4842/4842 4837/4837 4841/4841
f 4843/4843 4837/4837 4842/4842
f 4844/4844 4837/4837 4843/4843
f 4844/4844 4846/4846 4837/4837
f 4846/4846 4844/4844 4845/4845
f 4854/4854 4858/4858 4853/4853
f 4855/4855 4858/4858 4854/4854
f 4856/4856 4858/4858 4855/4855
f 4858/4858 4856/4856 4857/4857
f 4867/4867 4865/4865 4866/4866
f 4867/4867 4870/4870 4865/4865
f 4868/4868 4870/4870 4867/4867
f 4870/4870 4868/4868 4869/4869
f 4893/4893 4891/4891 4892/4892
f 4895/4895 4893/4893 4894/4894
f 4895/4895 4891/4891 4893/4893
f 4897/4897 4895/4895 4896/4896
f 4897/4897 4891/4891 4895/4895
f 4897/4897 4910/4910 4891/4891
f 4899/4899 4897/4897 4898/4898
f 4900/4900 4897/4897 4899/4899
f 4901/4901 4897/4897 4900/4900
f 4902/4902 4897/4897 4901/4901
f 4902/4902 4910/4910 4897/4897
f 4903/4903 4910/4910 4902/4902
f 4904/4904 4910/4910 4903/4903
f 4905/4905 4910/4910 4904/4904
f 4906/4906 4910/4910 4905/4905
f 4907/4907 4910/4910 4906/4906
f 4908/4908 4910/4910 4907/4907
f 4910/4910 4908/4908 4909/4909
f 4934/4934 4954/4954 4933/4933
f 4936/4936 4934/4934 4935/4935
f 4938/4938 4936/4936 4937/4937
f 4939/4939 4936/4936 4938/4938
f 4940/4940 4936/4936 4939/4939
f 4942/4942 4940/4940 4941/4941
f 4942/4942 4936/4936 4940/4940
f 4944/4944 4942/4942 4943/4943
f 4944/4944 4936/4936 4942/4942
f 4946/4946 4944/4944 4945/4945
f 4947/4947 4944/4944 4946/4946
f 4948/4948 4944/4944 4947/4947
f 4948/4948 4936/4936 4944/4944
f 4948/4948 4934/4934 4936/4936
f 4949/4949 4934/4934 4948/4948
f 4950/4950 4934/4934 4949/4949
f 4950/4950 4954/4954 4934/4934
f 4952/4952 4950/4950 4951/4951
f 4953/4953 4950/4950 4952/4952
f 4954/4954 4950/4950 4953/4953
f 4999/4999 4997/4997 4998/4998
f 5002/5002 5000/5000 5001/5001
f 5003/5003 5000/5000 5002/5002
f 5004/5004 5000/5000 5003/5003
f 5007/5007 5005/5005 5006/5006
f 5008/5008 5005/5005 5007/5007
f 5009/5009 5005/5005 5008/5008
f 5009/5009 5004/5004 5005/5005
f 5010/5010 5004/5004 5009/5009
f 5011/5011 5004/5004 5010/5010
f 5012/5012 5004/5004 5011/5011
f 5013/5013 5004/5004 5012/5012
f 5014/5014 5004/5004 5013/5013
f 5014/5014 5000/5000 5004/5004
f 5014/5014 4999/4999 5000/5000
f 5015/5015 4999/4999 5014/5014
f 5017/5017 5015/5015 5016/5016
f 5017/5017 4999/4999 5015/5015
f 5018/5018 4999/4999 5017/5017
f 5019/5019 4999/4999 5018/5018
f 5019/5019 4997/4997 4999/4999
f 5020/5020 4997/4997 5019/5019
f 5021/5021 4997/4997 5020/5020
f 5022/5022 4997/4997 5021/5021
f 5023/5023 4997/4997 5022/5022
f 5024/5024 4997/4997 5023/5023
f 5025/5025 4997/4997 5024/5024
f 5026/5026 4997/4997 5025/5025
f 5027/5027 4997/4997 5026/5026
f 5028/5028 4997/4997 5027/5027
f 5029/5029 4997/4997 5028/5028
f 5031/5031 5029/5029 5030/5030
f 5031/5031 4997/4997 5029/5029
f 5033/5033 5031/5031 5032/5032
f 5033/5033 4997/4997 5031/5031
f 5035/5035 5033/5033 5034/5034
f 5036/5036 5033/5033 5035/5035
f 5036/5036 4997/4997 5033/5033
f 5036/5036 5038/5038 4997/4997
f 5038/5038 5036/5036 5037/5037
f 5116/5116 5190/5190 5115/5115
f 5117/5117 5190/5190 5116/5116
f 5120/5120 5118/5118 5119/5119
f 5121/5121 5118/5118 5120/5120
f 5121/5121 5117/5117 5118/5118
f 5122/5122 5117/5117 5121/5121
f 5123/5123 5117/5117 5122/5122
f 5124/5124 5117/5117 5123/5123
f 5124/5124 5190/5190 5117/5117
f 5126/5126 5124/5124 5125/5125
f 5127/5127 5124/5124 5126/5126
f 5127/5127 5190/5190 5124/5124
f 5128/5128 5190/5190 5127/5127
f 5129/5129 5190/5190 5128/5128
f 5130/5130 5190/5190 5129/5129
f 5131/5131 5190/5190 5130/5130
f 5132/5132 5190/5190 5131/5131
f 5133/5133 5190/5190 5132/5132
f 5134/5134 5190/5190 5133/5133
f 5135/5135 5190/5190 5134/5134
f 5136/5136 5190/5190 5135/5135
f 5137/5137 5190/5190 5136/5136
f 5139/5139 5137/5137 5138/5138
f 5140/5140 5137/5137 5139/5139
f 5141/5141 5137/5137 5140/5140
f 5142/5142 5137/5137 5141/5141
f 5143/5143 5137/5137 5142/5142
f 5143/5143 5190/5190 5137/5137
f 5144/5144 5190/5190 5143/5143
f 5145/5145 5190/5190 5144/5144
f 5146/5146 5190/5190 5145/5145
f 5148/5148 5146/5146 5147/5147
f 5149/5149 5146/5146 5148/5148
f 5149/5149 5190/5190 5146/5146
f 5151/5151 5149/5149 5150/5150
f 5151/5151 5190/5190 5149/5149
f 5154/5154 5152/5152 5153/5153
f 5155/5155 5152/5152 5154/5154
f 5156/5156 5152/5152 5155/5155
f 5156/5156 5151/5151 5152/5152
f 5158/5158 5156/5156 5157/5157
f 5158/5158 5151/5151 5156/5156
f 5163/5163 5161/5161 5162/5162
f 5164/5164 5161/5161 5163/5163
f 5164/5164 5160/5160 5161/5161
f 5166/5166 5164/5164 5165/5165
f 5166/5166 5160/5160 5164/5164
f 5168/5168 5166/5166 5167/5167
f 5169/5169 5166/5166 5168/5168
f 5170/5170 5166/5166 5169/5169
f 5170/5170 5160/5160 5166/5166
f 5172/5172 5170/5170 5171/5171
f 5172/5172 5160/5160 5170/5170
f 5174/5174 5172/5172 5173/5173
f 5174/5174 5160/5160 5172/5172
f 5175/5175 5160/5160 5174/5174
f 5176/5176 5160/5160 5175/5175
f 5177/5177 5160/5160 5176/5176
f 5177/5177 5159/5159 5160/5160
f 5177/5177 5158/5158 5159/5159
f 5177/5177 5151/5151 5158/5158
f 5178/5178 5151/5151 5177/5177
f 5179/5179 5151/5151 5178/5178
f 5180/5180 5151/5151 5179/5179
f 5182/5182 5180/5180 5181/5181
f 5182/5182 5151/5151 5180/5180
f 5183/5183 5151/5151 5182/5182
f 5186/5186 5184/5184 5185/5185
f 5186/5186 5183/5183 5184/5184
f 5186/5186 5151/5151 5183/5183
f 5187/5187 5151/5151 5186/5186
f 5188/5188 5151/5151 5187/5187
f 5188/5188 5190/5190 5151/5151
f 5190/5190 5188/5188 5189/5189
f 5235/5235 5276/5276 5234/5234
f 5236/5236 5276/5276 5235/5235
f 5237/5237 5276/5276 5236/5236
f 5238/5238 5276/5276 5237/5237
f 5239/5239 5276/5276 5238/5238
f 5240/5240 5276/5276 5239/5239
f 5241/5241 5276/5276 5240/5240
f 5242/5242 5276/5276 5241/5241
f 5244/5244 5242/5242 5243/5243
f 5245/5245 5242/5242 5244/5244
f 5246/5246 5242/5242 5245/5245
f 5247/5247 5242/5242 5246/5246
f 5249/5249 5247/5247 5248/5248
f 5250/5250 5247/5247 5249/5249
f 5251/5251 5247/5247 5250/5250
f 5252/5252 5247/5247 5251/5251
f 5253/5253 5247/5247 5252/5252
f 5254/5254 5247/5247 5253/5253
f 5255/5255 5247/5247 5254/5254
f 5255/5255 5242/5242 5247/5247
f 5256/5256 5242/5242 5255/5255
f 5257/5257 5242/5242 5256/5256
f 5258/5258 5242/5242 5257/5257
f 5259/5259 5242/5242 5258/5258
f 5260/5260 5242/5242 5259/5259
f 5260/5260 5276/5276 5242/5242
f 5261/5261 5276/5276 5260/5260
f 5262/5262 5276/5276 5261/5261
f 5263/5263 5276/5276 5262/5262
f 5264/5264 5276/5276 5263/5263
f 5265/5265 5276/5276 5264/5264
f 5266/5266 5276/5276 5265/5265
f 5267/5267 5276/5276 5266/5266
f 5268/5268 5276/5276 5267/5267
f 5269/5269 5276/5276 5268/5268
f 5270/5270 5276/5276 5269/5269
f 5271/5271 5276/5276 5270/5270
f 5272/5272 5276/5276 5271/5271
f 5273/5273 5276/5276 5272/5272
f 5274/5274 5276/5276 5273/5273
f 5276/5276 5274/5274 5275/5275
f 5283/5283 5286/5286 5282/5282
f 5284/5284 5286/5286 5283/5283
f 5286/5286 5284/5284 5285/5285
f 5296/5296 5302/5302 5295/5295
f 5297/5297 5302/5302 5296/5296
f 5298/5298 5302/5302 5297/5297
f 5299/5299 5302/5302 5298/5298
f 5300/5300 5302/5302 5299/5299
f 5302/5302 5300/5300 5301/5301
f 5339/5339 5337/5337 5338/5338
f 5339/5339 5370/5370 5337/5337
f 5340/5340 5370/5370 5339/5339
f 5343/5343 5341/5341 5342/5342
f 5344/5344 5341/5341 5343/5343
f 5345/5345 5341/5341 5344/5344
f 5346/5346 5341/5341 5345/5345
f 5347/5347 5341/5341 5346/5346
f 5349/5349 5347/5347 5348/5348
f 5349/5349 5341/5341 5347/5347
f 5350/5350 5341/5341 5349/5349
f 5351/5351 5341/5341 5350/5350
f 5352/5352 5341/5341 5351/5351
f 5353/5353 5341/5341 5352/5352
f 5355/5355 5353/5353 5354/5354
f 5355/5355 5341/5341 5353/5353
f 5356/5356 5341/5341 5355/5355
f 5358/5358 5356/5356 5357/5357
f 5358/5358 5341/5341 5356/5356
f 5359/5359 5341/5341 5358/5358
f 5359/5359 5340/5340 5341/5341
f 5361/5361 5359/5359 5360/5360
f 5361/5361 5340/5340 5359/5359
f 5362/5362 5340/5340 5361/5361
f 5363/5363 5340/5340 5362/5362
f 5364/5364 5340/5340 5363/5363
f 5365/5365 5340/5340 5364/5364
f 5365/5365 5370/5370 5340/5340
f 5366/5366 5370/5370 5365/5365
f 5367/5367 5370/5370 5366/5366
f 5368/5368 5370/5370 5367/5367
f 5370/5370 5368/5368 5369/5369
f 5402/5402 5400/5400 5401/5401
f 5403/5403 5400/5400 5402/5402
f 5403/5403 5399/5399 5400/5400
f 5403/5403 5426/5426 5399/5399
f 5404/5404 5426/5426 5403/5403
f 5406/5406 5404/5404 5405/5405
f 5406/5406 5426/5426 5404/5404
f 5407/5407 5426/5426 5406/5406
f 5408/5408 5426/5426 5407/5407
f 5409/5409 5426/5426 5408/5408
f 5411/5411 5409/5409 5410/5410
f 5411/5411 5426/5426 5409/5409
f 5412/5412 5426/5426 5411/5411
f 5413/5413 5426/5426 5412/5412
f 5414/5414 5426/5426 5413/5413
f 5415/5415 5426/5426 5414/5414
f 5417/5417 5415/5415 5416/5416
f 5417/5417 5426/5426 5415/5415
f 5419/5419 5417/5417 5418/5418
f 5420/5420 5417/5417 5419/5419
f 5421/5421 5417/5417 5420/5420
f 5422/5422 5417/5417 5421/5421
f 5423/5423 5417/5417 5422/5422
f 5423/5423 5426/5426 5417/5417
f 5424/5424 5426/5426 5423/5423
f 5426/5426 5424/5424 5425/5425
f 5437/5437 5444/5444 5436/5436
f 5439/5439 5437/5437 5438/5438
f 5439/5439 5444/5444 5437/5437
f 5440/5440 5444/5444 5439/5439
f 5441/5441 5444/5444 5440/5440
f 5442/5442 5444/5444 5441/5441
f 5444/5444 5442/5442 5443/5443
f 5450/5450 5452/5452 5449/5449
f 5452/5452 5450/5450 5451/5451
f 5477/5477 5498/5498 5476/5476
f 5478/5478 5498/5498 5477/5477
f 5479/5479 5498/5498 5478/5478
f 5480/5480 5498/5498 5479/5479
f 5481/5481 5498/5498 5480/5480
f 5482/5482 5498/5498 5481/5481
f 5483/5483 5498/5498 5482/5482
f 5484/5484 5498/5498 5483/5483
f 5486/5486 5484/5484 5485/5485
f 5488/5488 5486/5486 5487/5487
f 5488/5488 5484/5484 5486/5486
f 5489/5489 5484/5484 5488/5488
f 5490/5490 5484/5484 5489/5489
f 5491/5491 5484/5484 5490/5490
f 5491/5491 5498/5498 5484/5484
f 5492/5492 5498/5498 5491/5491
f 5493/5493 5498/5498 5492/5492
f 5494/5494 5498/5498 5493/5493
f 5495/5495 5498/5498 5494/5494
f 5496/5496 5498/5498 5495/5495
f 5498/5498 5496/5496 5497/5497
f 5505/5505 5508/5508 5504/5504
f 5506/5506 5508/5508 5505/5505
f 5508/5508 5506/5506 5507/5507
f 5518/5518 5524/5524 5517/5517
f 5519/5519 5524/5524 5518/5518
f 5520/5520 5524/5524 5519/5519
f 5521/5521 5524/5524 5520/5520
f 5522/5522 5524/5524 5521/5521
f 5524/5524 5522/5522 5523/5523
f 5603/5603 5601/5601 5602/5602
f 5605/5605 5603/5603 5604/5604
f 5605/5605 5601/5601 5603/5603
f 5607/5607 5605/5605 5606/5606
f 5608/5608 5605/5605 5607/5607
f 5610/5610 5608/5608 5609/5609
f 5611/5611 5608/5608 5610/5610
f 5612/5612 5608/5608 5611/5611
f 5612/5612 5605/5605 5608/5608
f 5613/5613 5605/5605 5612/5612
f 5616/5616 5614/5614 5615/5615
f 5618/5618 5616/5616 5617/5617
f 5618/5618 5614/5614 5616/5616
f 5620/5620 5618/5618 5619/5619
f 5620/5620 5614/5614 5618/5618
f 5621/5621 5614/5614 5620/5620
f 5622/5622 5614/5614 5621/5621
f 5623/5623 5614/5614 5622/5622
f 5624/5624 5614/5614 5623/5623
f 5626/5626 5624/5624 5625/5625
f 5628/5628 5626/5626 5627/5627
f 5628/5628 5624/5624 5626/5626
f 5628/5628 5614/5614 5624/5624
f 5630/5630 5628/5628 5629/5629
f 5630/5630 5614/5614 5628/5628
f 5631/5631 5614/5614 5630/5630
f 5632/5632 5614/5614 5631/5631
f 5634/5634 5632/5632 5633/5633
f 5634/5634 5614/5614 5632/5632
f 5635/5635 5614/5614 5634/5634
f 5635/5635 5613/5613 5614/5614
f 5636/5636 5613/5613 5635/5635
f 5637/5637 5613/5613 5636/5636
f 5637/5637 5605/5605 5613/5613
f 5639/5639 5637/5637 5638/5638
f 5639/5639 5605/5605 5637/5637
f 5640/5640 5605/5605 5639/5639
f 5641/5641 5605/5605 5640/5640
f 5643/5643 5641/5641 5642/5642
f 5643/5643 5605/5605 5641/5641
f 5644/5644 5605/5605 5643/5643
f 5645/5645 5605/5605 5644/5644
f 5647/5647 5645/5645 5646/5646
f 5647/5647 5605/5605 5645/5645
f 5648/5648 5605/5605 5647/5647
f 5649/5649 5605/5605 5648/5648
f 5650/5650 5605/5605 5649/5649
f 5651/5651 5605/5605 5650/5650
f 5652/5652 5605/5605 5651/5651
f 5653/5653 5605/5605 5652/5652
f 5654/5654 5605/5605 5653/5653
f 5655/5655 5605/5605 5654/5654
f 5656/5656 5605/5605 5655/5655
f 5657/5657 5605/5605 5656/5656
f 5658/5658 5605/5605 5657/5657
f 5660/5660 5658/5658 5659/5659
f 5660/5660 5605/5605 5658/5658
f 5661/5661 5605/5605 5660/5660
f 5662/5662 5605/5605 5661/5661
f 5663/5663 5605/5605 5662/5662
f 5664/5664 5605/5605 5663/5663
f 5665/5665 5605/5605 5664/5664
f 5668/5668 5666/5666 5667/5667
f 5669/5669 5666/5666 5668/5668
f 5669/5669 5665/5665 5666/5666
f 5671/5671 5669/5669 5670/5670
f 5671/5671 5665/5665 5669/5669
f 5671/5671 5605/5605 5665/5665
f 5673/5673 5671/5671 5672/5672
f 5673/5673 5605/5605 5671/5671
f 5674/5674 5605/5605 5673/5673
f 5674/5674 5601/5601 5605/5605
f 5674/5674 5676/5676 5601/5601
f 5676/5676 5674/5674 5675/5675
f 5677/5677 5679/5679 5678/5678
f 5677/5677 5680/5680 5679/5679
usemtl wall
f 51/51 61/61 60/60
f 51/51 52/52 61/61
f 52/52 62/62 61/61
f 52/52 53/53 62/62
f 53/53 63/63 62/62
f 53/53 54/54 63/63
f 54/54 64/64 63/63
f 54/54 55/55 64/64
f 55/55 65/65 64/64
f 55/55 56/56 65/65
f 56/56 66/66 65/65
f 56/56 57/57 66/66
f 57/57 67/67 66/66
f 57/57 58/58 67/67
f 58/58 68/68 67/67
f 58/58 59/59 68/68
f 59/59 60/60 68/68
f 59/59 51/51 60/60
f 69/69 78/78 77/77
f 69/69 70/70 78/78
f 70/70 79/79 78/78
f 70/70 71/71 79/79
f 71/71 80/80 79/79
f 71/71 72/72 80/80
f 72/72 81/81 80/80
f 72/72 73/73 81/81
f 73/73 82/82 81/81
f 73/73 74/74 82/82
f 74/74 83/83 82/82
f 74/74 75/75 83/83
f 75/75 84/84 83/83
f 75/75 76/76 84/84
f 76/76 77/77 84/84
f 76/76 69/69 77/77
f 85/85 122/122 121/121
f 85/85 86/86 122/122
f 86/86 123/123 122/122
f 86/86 87/87 123/123
f 87/87 124/124 123/123
f 87/87 88/88 124/124
f 88/88 125/125 124/124
f 88/88 89/89 125/125
f 89/89 126/126 125/125
f 89/89 90/90 126/126
f 90/90 127/127 126/126
f 90/90 91/91 127/127
f 91/91 128/128 127/127
f 91/91 92/92 128/128
f 92/92 129/129 128/128
f 92/92 93/93 129/129
f 93/93 130/130 129/129
f 93/93 94/94 130/130
f 94/94 131/131 130/130
f 94/94 95/95 131/131
f 95/95 132/132 131/131
f 95/95 96/96 132/132
f 96/96 133/133 132/132
f 96/96 97/97 133/133
f 97/97 134/134 133/133
f 97/97 98/98 134/134
f 98/98 135/135 134/134
f 98/98 99/99 135/135
f 99/99 136/136 135/135
f 99/99 100/100 136/136
f 100/100 137/137 136/136
f 100/100 101/101 137/137
f 101/101 138/138 137/137
f 101/101 102/102 138/138
f 102/102 139/139 138/138
f 102/102 103/103 139/139
f 103/103 140/140 139/139
f 103/103 104/104 140/140
f 104/104 141/141 140/140
f 104/104 105/105 141/141
f 105/105 142/142 141/141
f 105/105 106/106 142/142
f 106/106 143/143 142/142
f 106/106 107/107 143/143
f 107/107 144/144 143/143
f 107/107 108/108 144/144
f 108/108 145/145 144/144
f 108/108 109/109 145/145
f 109/109 146/146 145/145
f 109/109 110/110 146/146
f 110/110 147/147 146/146
f 110/110 111/111 147/147
f 111/111 148/148 147/147
f 111/111 112/112 148/148
f 112/112 149/149 148/148
f 112/112 113/113 149/149
f 113/113 150/150 149/149
f 113/113 114/114 150/150
f 114/114 151/151 150/150
f 114/114 115/115 151/151
f 115/115 152/152 151/151
f 115/115 116/116 152/152
f 116/116 153/153 152/152
f 116/116 117/117 153/153
f 117/117 154/154 153/153
f 117/117 118/118 154/154
f 118/118 155/155 154/154
f 118/118 119/119 155/155
f 119/119 156/156 155/155
f 119/119 120/120 156/156
f 120/120 121/121 156/156
f 120/120 85/85 121/121
f 157/157 170/170 169/169
f 157/157 158/158 170/170
f 158/158 171/171 170/170
f 158/158 159/159 171/171
f 159/159 172/172 171/171
f 159/159 160/160 172/172
f 160/160 173/173 172/172
f 160/160 161/161 173/173
f 161/161 174/174 173/173
f 161/161 162/162 174/174
f 162/162 175/175 174/174
f 162/162 163/163 175/175
f 163/163 176/176 175/175
f 163/163 164/164 176/176
f 164/164 177/177 176/176
f 164/164 165/165 177/177
f 165/165 178/178 177/177
f 165/165 166/166 178/178
f 166/166 179/179 178/178
f 166/166 167/167 179/179
f 167/167 180/180 179/179
f 167/167 168/168 180/180
f 168/168 169/169 180/180
f 168/168 157/157 169/169
f 181/181 196/196 195/195
f 181/181 182/182 196/196
f 182/182 197/197 196/196
f 182/182 183/183 197/197
f 183/183 198/198 197/197
f 183/183 184/184 198/198
f 184/184 199/199 198/198
f 184/184 185/185 199/199
f 185/185 200/200 199/199
f 185/185 186/186 200/200
f 186/186 201/201 200/200
f 186/186 187/187 201/201
f 187/187 202/202 201/201
f 187/187 188/188 202/202
f 188/188 203/203 202/202
f 188/188 189/189 203/203
f 189/189 204/204 203/203
f 189/189 190/190 204/204
f 190/190 205/205 204/204
f 190/190 191/191 205/205
f 191/191 206/206 205/205
f 191/191 192/192 206/206
f 192/192 207/207 206/206
f 192/192 193/193 207/207
f 193/193 208/208 207/207
f 193/193 194/194 208/208
f 194/194 195/195 208/208
f 194/194 181/181 195/195
f 209/209 247/247 246/246
f 209/209 210/210 247/247
f 210/210 248/248 247/247
f 210/210 211/211 248/248
f 211/211 249/249 248/248
f 211/211 212/212 249/249
f 212/212 250/250 249/249
f 212/212 213/213 250/250
f 213/213 251/251 250/250
f 213/213 214/214 251/251
f 214/214 252/252 251/251
f 214/214 215/215 252/252
f 215/215 253/253 252/252
f 215/215 216/216 253/253
f 216/216 254/254 253/253
f 216/216 217/217 254/254
f 217/217 255/255 254/254
f 217/217 218/218 255/255
f 218/218 256/256 255/255
f 218/218 219/219 256/256
f 219/219 257/257 256/256
f 219/219 220/220 257/257
f 220/220 258/258 257/257
f 220/220 221/221 258/258
f 221/221 259/259 258/258
f 221/221 222/222 259/259
f 222/222 260/260 259/259
f 222/222 223/223 260/260
f 223/223 261/261 260/260
f 223/223 224/224 261/261
f 224/224 262/262 261/261
f 224/224 225/225 262/262
f 225/225 263/263 262/262
f 225/225 226/226 263/263
f 226/226 264/264 263/263
f 226/226 227/227 264/264
f 227/227 265/265 264/264
f 227/227 228/228 265/265
f 228/228 266/266 265/265
f 228/228 229/229 266/266
f 229/229 267/267 266/266
f 229/229 230/230 267/267
f 230/230 268/268 267/267
f 230/230 231/231 268/268
f 231/231 269/269 268/268
f 231/231 232/232 269/269
f 232/232 270/270 269/269
f 232/232 233/233 270/270
f 233/233 271/271 270/270
f 233/233 234/234 271/271
f 234/234 272/272 271/271
f 234/234 235/235 272/272
f 235/235 273/273 272/272
f 235/235 236/236 273/273
f 236/236 274/274 273/273
f 236/236 237/237 274/274
f 237/237 275/275 274/274
f 237/237 238/238 275/275
f 238/238 276/276 275/275
f 238/238 239/239 276/276
f 239/239 277/277 276/276
f 239/239 240/240 277/277
f 240/240 278/278 277/277
f 240/240 241/241 278/278
f 241/241 279/279 278/278
f 241/241 242/242 279/279
f 242/242 280/280 279/279
f 242/242 243/243 280/280
f 243/243 281/281 280/280
f 243/243 244/244 281/281
f 244/244 282/282 281/281
f 244/244 245/245 282/282
f 245/245 246/246 282/282
f 245/245 209/209 246/246
f 283/283 343/343 342/342
f 283/283 284/284 343/343
f 284/284 344/344 343/343
f 284/284 285/285 344/344
f 285/285 345/345 344/344
f 285/285 286/286 345/345
f 286/286 346/346 345/345
f 286/286 287/287 346/346
f 287/287 347/347 346/346
f 287/287 288/288 347/347
f 288/288 348/348 347/347
f 288/288 289/289 348/348
f 289/289 349/349 348/348
f 289/289 290/290 349/349
f 290/290 350/350 349/349
f 290/290 291/291 350/350
f 291/291 351/351 350/350
f 291/291 292/292 351/351
f 292/292 352/352 351/351
f 292/292 293/293 352/352
f 293/293 353/353 352/352
f 293/293 294/294 353/353
f 294/294 354/354 353/353
f 294/294 295/295 354/354
f 295/295 355/355 354/354
f 295/295 296/296 355/355
f 296/296 356/356 355/355
f 296/296 297/297 356/356
f 297/297 357/357 356/356
f 297/297 298/298 357/357
f 298/298 358/358 357/357
f 298/298 299/299 358/358
f 299/299 359/359 358/358
f 299/299 300/300 359/359
f 300/300 360/360 359/359
f 300/300 301/301 360/360
f 301/301 361/361 360/360
f 301/301 302/302 361/361
f 302/302 362/362 361/361
f 302/302 303/303 362/362
f 303/303 363/363 362/362
f 303/303 304/304 363/363
f 304/304 364/364 363/363
f 304/304 305/305 364/364
f 305/305 365/365 364/364
f 305/305 306/306 365/365
f 306/306 366/366 365/365
f 306/306 307/307 366/366
f 307/307 367/367 366/366
f 307/307 308/308 367/367
f 308/308 368/368 367/367
f 308/308 309/309 368/368
f 309/309 369/369 368/368
f 309/309 310/310 369/369
f 310/310 370/370 369/369
f 310/310 311/311 370/370
f 311/311 371/371 370/370
f 311/311 312/312 371/371
f 312/312 372/372 371/371
f 312/312 313/313 372/372
f 313/313 373/373 372/372
f 313/313 314/314 373/373
f 314/314 374/374 373/373
f 314/314 315/315 374/374
f 315/315 375/375 374/374
f 315/315 316/316 375/375
f 316/316 376/376 375/375
f 316/316 317/317 376/376
f 317/317 377/377 376/376
f 317/317 318/318 377/377
f 318/318 378/378 377/377
f 318/318 319/319 378/378
f 319/319 379/379 378/378
f 319/319 320/320 379/379
f 320/320 380/380 379/379
f 320/320 321/321 380/380
f 321/321 381/381 380/380
f 321/321 322/322 381/381
f 322/322 382/382 381/381
f 322/322 323/323 382/382
f 323/323 383/383 382/382
f 323/323 324/324 383/383
f 324/324 384/384 383/383
f 324/324 325/325 384/384
f 325/325 385/385 384/384
f 325/325 326/326 385/385
f 326/326 386/386 385/385
f 326/326 327/327 386/386
f 327/327 387/387 386/386
f 327/327 328/328 387/387
f 328/328 388/388 387/387
f 328/328 329/329 388/388
f 329/329 389/389 388/388
f 329/329 330/330 389/389
f 330/330 390/390 389/389
f 330/330 331/331 390/390
f 331/331 391/391 390/390
f 331/331 332/332 391/391
f 332/332 392/392 391/391
f 332/332 333/333 392/392
f 333/333 393/393 392/392
f 333/333 334/334 393/393
f 334/334 394/394 393/393
f 334/334 335/335 394/394
f 335/335 395/395 394/394
f 335/335 336/336 395/395
f 336/336 396/396 395/395
f 336/336 337/337 396/396
f 337/337 397/397 396/396
f 337/337 338/338 397/397
f 338/338 398/398 397/397
f 338/338 339/339 398/398
f 339/339 399/399 398/398
f 339/339 340/340 399/399
f 340/340 400/400 399/399
f 340/340 341/341 400/400
f 341/341 342/342 400/400
f 341/341 283/283 342/342
f 401/401 407/407 406/406
f 401/401 402/402 407/407
f 402/402 408/408 407/407
f 402/402 403/403 408/408
f 403/403 409/409 408/408
f 403/403 404/404 409/409
f 404/404 410/410 409/409
f 404/404 405/405 410/410
f 405/405 406/406 410/410
f 405/405 401/401 406/406
f 411/411 416/416 415/415
f 411/411 412/412 416/416
f 412/412 417/417 416/416
f 412/412 413/413 417/417
f 413/413 418/418 417/417
f 413/413 414/414 418/418
f 414/414 415/415 418/418
f 414/414 411/411 415/415
f 419/419 509/509 508/508
f 419/419 420/420 509/509
f 420/420 510/510 509/509
f 420/420 421/421 510/510
f 421/421 511/511 510/510
f 421/421 422/422 511/511
f 422/422 512/512 511/511
f 422/422 423/423 512/512
f 423/423 513/513 512/512
f 423/423 424/424 513/513
f 424/424 514/514 513/513
f 424/424 425/425 514/514
f 425/425 515/515 514/514
f 425/425 426/426 515/515
f 426/426 516/516 515/515
f 426/426 427/427 516/516
f 427/427 517/517 516/516
f 427/427 428/428 517/517
f 428/428 518/518 517/517
f 428/428 429/429 518/518
f 429/429 519/519 518/518
f 429/429 430/430 519/519
f 430/430 520/520 519/519
f 430/430 431/431 520/520
f 431/431 521/521 520/520
f 431/431 432/432 521/521
f 432/432 522/522 521/521
f 432/432 433/433 522/522
f 433/433 523/523 522/522
f 433/433 434/434 523/523
f 434/434 524/524 523/523
f 434/434 435/435 524/524
f 435/435 525/525 524/524
f 435/435 436/436 525/525
f 436/436 526/526 525/525
f 436/436 437/437 526/526
f 437/437 527/527 526/526
f 437/437 438/438 527/527
f 438/438 528/528 527/527
f 438/438 439/439 528/528
f 439/439 529/529 528/528
f 439/439 440/440 529/529
f 440/440 530/530 529/529
f 440/440 441/441 530/530
f 441/441 531/531 530/530
f 441/441 442/442 531/531
f 442/442 532/532 531/531
f 442/442 443/443 532/532
f 443/443 533/533 532/532
f 443/443 444/444 533/533
f 444/444 534/534 533/533
f 444/444 445/445 534/534
f 445/445 535/535 534/534
f 445/445 446/446 535/535
f 446/446 536/536 535/535
f 446/446 447/447 536/536
f 447/447 537/537 536/536
f 447/447 448/448 537/537
f 448/448 538/538 537/537
f 448/448 449/449 538/538
f 449/449 539/539 538/538
f 449/449 450/450 539/539
f 450/450 540/540 539/539
f 450/450 451/451 540/540
f 451/451 541/541 540/540
f 451/451 452/452 541/541
f 452/452 542/542 541/541
f 452/452 453/453 542/542
f 453/453 543/543 542/542
f 453/453 454/454 543/543
f 454/454 544/544 543/543
f 454/454 455/455 544/544
f 455/455 545/545 544/544
f 455/455 456/456 545/545
f 456/456 546/546 545/545
f 456/456 457/457 546/546
f 457/457 547/547 546/546
f 457/457 458/458 547/547
f 458/458 548/548 547/547
f 458/458 459/459 548/548
f 459/459 549/549 548/548
f 459/459 460/460 549/549
f 460/460 550/550 549/549
f 460/460 461/461 550/550
f 461/461 551/551 550/550
f 461/461 462/462 551/551
f 462/462 552/552 551/551
f 462/462 463/463 552/552
f 463/463 553/553 552/552
f 463/463 464/464 553/553
f 464/464 554/554 553/553
f 464/464 465/465 554/554
f 465/465 555/555 554/554
f 465/465 466/466 555/555
f 466/466 556/556 555/555
f 466/466 467/467 556/556
f 467/467 557/557 556/556
f 467/467 468/468 557/557
f 468/468 558/558 557/557
f 468/468 469/469 558/558
f 469/469 559/559 558/558
f 469/469 470/470 559/559
f 470/470 560/560 559/559
f 470/470 471/471 560/560
f 471/471 561/561 560/560
f 471/471 472/472 561/561
f 472/472 562/562 561/561
f 472/472 473/473 562/562
f 473/473 563/563 562/562
f 473/473 474/474 563/563
f 474/474 564/564 563/563
f 474/474 475/475 564/564
f 475/475 565/565 564/564
f 475/475 476/476 565/565
f 476/476 566/566 565/565
f 476/476 477/477 566/566
f 477/477 567/567 566/566
f 477/477 478/478 567/567
f 478/478 568/568 567/567
f 478/478 479/479 568/568
f 479/479 569/569 568/568
f 479/479 480/480 569/569
f 480/480 570/570 569/569
f 480/480 481/481 570/570
f 481/481 571/571 570/570
f 481/481 482/482 571/571
f 482/482 572/572 571/571
f 482/482 483/483 572/572
f 483/483 573/573 572/572
f 483/483 484/484 573/573
f 484/484 574/574 573/573
f 484/484 485/485 574/574
f 485/485 575/575 574/574
f 485/485 486/486 575/575
f 486/486 576/576 575/575
f 486/486 487/487 576/576
f 487/487 577/577 576/576
f 487/487 488/488 577/577
f 488/488 578/578 577/577
f 488/488 489/489 578/578
f 489/489 579/579 578/578
f 489/489 490/490 579/579
f 490/490 580/580 579/579
f 490/490 491/491 580/580
f 491/491 581/581 580/580
f 491/491 492/492 581/581
f 492/492 582/582 581/581
f 492/492 493/493 582/582
f 493/493 583/583 582/582
f 493/493 494/494 583/583
f 494/494 584/584 583/583
f 494/494 495/495 584/584
f 495/495 585/585 584/584
f 495/495 496/496 585/585
f 496/496 586/586 585/585
f 496/496 497/497 586/586
f 497/497 587/587 586/586
f 497/497 498/498 587/587
f 498/498 588/588 587/587
f 498/498 499/499 588/588
f 499/499 589/589 588/588
f 499/499 500/500 589/589
f 500/500 590/590 589/589
f 500/500 501/501 590/590
f 501/501 591/591 590/590
f 501/501 502/502 591/591
f 502/502 592/592 591/591
f 502/502 503/503 592/592
f 503/503 593/593 592/592
f 503/503 504/504 593/593
f 504/504 594/594 593/593
f 504/504 505/505 594/594
f 505/505 595/595 594/594
f 505/505 506/506 595/595
f 506/506 596/596 595/595
f 506/506 507/507 596/596
f 507/507 508/508 596/596
f 507/507 419/419 508/508
f 597/597 612/612 611/611
f 597/597 598/598 612/612
f 598/598 613/613 612/612
f 598/598 599/599 613/613
f 599/599 614/614 613/613
f 599/599 600/600 614/614
f 600/600 615/615 614/614
f 600/600 601/601 615/615
f 601/601 616/616 615/615
f 601/601 602/602 616/616
f 602/602 617/617 616/616
f 602/602 603/603 617/617
f 603/603 618/618 617/617
f 603/603 604/604 618/618
f 604/604 619/619 618/618
f 604/604 605/605 619/619
f 605/605 620/620 619/619
f 605/605 606/606 620/620
f 606/606 621/621 620/620
f 606/606 607/607 621/621
f 607/607 622/622 621/621
f 607/607 608/608 622/622
f 608/608 623/623 622/622
f 608/608 609/609 623/623
f 609/609 624/624 623/623
f 609/609 610/610 624/624
f 610/610 611/611 624/624
f 610/610 597/597 611/611
f 625/625 643/643 642/642
f 625/625 626/626 643/643
f 626/626 644/644 643/643
f 626/626 627/627 644/644
f 627/627 645/645 644/644
f 627/627 628/628 645/645
f 628/628 646/646 645/645
f 628/628 629/629 646/646
f 629/629 647/647 646/646
f 629/629 630/630 647/647
f 630/630 648/648 647/647
f 630/630 631/631 648/648
f 631/631 649/649 648/648
f 631/631 632/632 649/649
f 632/632 650/650 649/649
f 632/632 633/633 650/650
f 633/633 651/651 650/650
f 633/633 634/634 651/651
f 634/634 652/652 651/651
f 634/634 635/635 652/652
f 635/635 653/653 652/652
f 635/635 636/636 653/653
f 636/636 654/654 653/653
f 636/636 637/637 654/654
f 637/637 655/655 654/654
f 637/637 638/638 655/655
f 638/638 656/656 655/655
f 638/638 639/639 656/656
f 639/639 657/657 656/656
f 639/639 640/640 657/657
f 640/640 658/658 657/657
f 640/640 641/641 658/658
f 641/641 642/642 658/658
f 641/641 625/625 642/642
f 659/659 667/667 666/666
f 659/659 660/660 667/667
f 660/660 668/668 667/667
f 660/660 661/661 668/668
f 661/661 669/669 668/668
f 661/661 662/662 669/669
f 662/662 670/670 669/669
f 662/662 663/663 670/670
f 663/663 671/671 670/670
f 663/663 664/664 671/671
f 664/664 672/672 671/671
f 664/664 665/665 672/672
f 665/665 666/666 672/672
f 665/665 659/659 666/666
f 673/673 680/680 679/679
f 673/673 674/674 680/680
f 674/674 681/681 680/680
f 674/674 675/675 681/681
f 675/675 682/682 681/681
f 675/675 676/676 682/682
f 676/676 683/683 682/682
f 676/676 677/677 683/683
f 677/677 684/684 683/683
f 677/677 678/678 684/684
f 678/678 679/679 684/684
f 678/678 673/673 679/679
f 685/685 705/705 704/704
f 685/685 686/686 705/705
f 686/686 706/706 705/705
f 686/686 687/687 706/706
f 687/687 707/707 706/706
f 687/687 688/688 707/707
f 688/688 708/708 707/707
f 688/688 689/689 708/708
f 689/689 709/709 708/708
f 689/689 690/690 709/709
f 690/690 710/710 709/709
f 690/690 691/691 710/710
f 691/691 711/711 710/710
f 691/691 692/692 711/711
f 692/692 712/712 711/711
f 692/692 693/693 712/712
f 693/693 713/713 712/712
f 693/693 694/694 713/713
f 694/694 714/714 713/713
f 694/694 695/695 714/714
f 695/695 715/715 714/714
f 695/695 696/696 715/715
f 696/696 716/716 715/715
f 696/696 697/697 716/716
f 697/697 717/717 716/716
f 697/697 698/698 717/717
f 698/698 718/718 717/717
f 698/698 699/699 718/718
f 699/699 719/719 718/718
f 699/699 700/700 719/719
f 700/700 720/720 719/719
f 700/700 701/701 720/720
f 701/701 721/721 720/720
f 701/701 702/702 721/721
f 702/702 722/722 721/721
f 702/702 703/703 722/722
f 703/703 704/704 722/722
f 703/703 685/685 704/704
f 723/723 728/728 727/727
f 723/723 724/724 728/728
f 724/724 729/729 728/728
f 724/724 725/725 729/729
f 725/725 730/730 729/729
f 725/725 726/726 730/730
f 726/726 727/727 730/730
f 726/726 723/723 727/727
f 731/731 736/736 735/735
f 731/731 732/732 736/736
f 732/732 737/737 736/736
f 732/732 733/733 737/737
f 733/733 738/738 737/737
f 733/733 734/734 738/738
f 734/734 735/735 738/738
f 734/734 731/731 735/735
f 739/739 751/751 750/750
f 739/739 740/740 751/751
f 740/740 752/752 751/751
f 740/740 741/741 752/752
f 741/741 753/753 752/752
f 741/741 742/742 753/753
f 742/742 754/754 753/753
f 742/742 743/743 754/754
f 743/743 755/755 754/754
f 743/743 744/744 755/755
f 744/744 756/756 755/755
f 744/744 745/745 756/756
f 745/745 757/757 756/756
f 745/745 746/746 757/757
f 746/746 758/758 757/757
f 746/746 747/747 758/758
f 747/747 759/759 758/758
f 747/747 748/748 759/759
f 748/748 760/760 759/759
f 748/748 749/749 760/760
f 749/749 750/750 760/760
f 749/749 739/739 750/750
f 761/761 781/781 780/780
f 761/761 762/762 781/781
f 762/762 782/782 781/781
f 762/762 763/763 782/782
f 763/763 783/783 782/782
f 763/763 764/764 783/783
f 764/764 784/784 783/783
f 764/764 765/765 784/784
f 765/765 785/785 784/784
f 765/765 766/766 785/785
f 766/766 786/786 785/785
f 766/766 767/767 786/786
f 767/767 787/787 786/786
f 767/767 768/768 787/787
f 768/768 788/788 787/787
f 768/768 769/769 788/788
f 769/769 789/789 788/788
f 769/769 770/770 789/789
f 770/770 790/790 789/789
f 770/770 771/771 790/790
f 771/771 791/791 790/790
f 771/771 772/772 791/791
f 772/772 792/792 791/791
f 772/772 773/773 792/792
f 773/773 793/793 792/792
f 773/773 774/774 793/793
f 774/774 794/794 793/793
f 774/774 775/775 794/794
f 775/775 795/795 794/794
f 775/775 776/776 795/795
f 776/776 796/796 795/795
f 776/776 777/777 796/796
f 777/777 797/797 796/796
f 777/777 778/778 797/797
f 778/778 798/798 797/797
f 778/778 779/779 798/798
f 779/779 780/780 798/798
f 779/779 761/761 780/780
f 799/799 804/804 803/803
f 799/799 800/800 804/804
f 800/800 805/805 804/804
f 800/800 801/801 805/805
f 801/801 806/806 805/805
f 801/801 802/802 806/806
f 802/802 803/803 806/806
f 802/802 799/799 803/803
f 807/807 827/827 826/826
f 807/807 808/808 827/827
f 808/808 828/828 827/827
f 808/808 809/809 828/828
f 809/809 829/829 828/828
f 809/809 810/810 829/829
f 810/810 830/830 829/829
f 810/810 811/811 830/830
f 811/811 831/831 830/830
f 811/811 812/812 831/831
f 812/812 832/832 831/831
f 812/812 813/813 832/832
f 813/813 833/833 832/832
f 813/813 814/814 833/833
f 814/814 834/834 833/833
f 814/814 815/815 834/834
f 815/815 835/835 834/834
f 815/815 816/816 835/835
f 816/816 836/836 835/835
f 816/816 817/817 836/836
f 817/817 837/837 836/836
f 817/817 818/818 837/837
f 818/818 838/838 837/837
f 818/818 819/819 838/838
f 819/819 839/839 838/838
f 819/819 820/820 839/839
f 820/820 840/840 839/839
f 820/820 821/821 840/840
f 821/821 841/841 840/840
f 821/821 822/822 841/841
f 822/822 842/842 841/841
f 822/822 823/823 842/842
f 823/823 843/843 842/842
f 823/823 824/824 843/843
f 824/824 844/844 843/843
f 824/824 825/825 844/844
f 825/825 826/826 844/844
f 825/825 807/807 826/826
f 845/845 861/861 860/860
f 845/845 846/846 861/861
f 846/846 862/862 861/861
f 846/846 847/847 862/862
f 847/847 863/863 862/862
f 847/847 848/848 863/863
f 848/848 864/864 863/863
f 848/848 849/849 864/864
f 849/849 865/865 864/864
f 849/849 850/850 865/865
f 850/850 866/866 865/865
f 850/850 851/851 866/866
f 851/851 867/867 866/866
f 851/851 852/852 867/867
f 852/852 868/868 867/867
f 852/852 853/853 868/868
f 853/853 869/869 868/868
f 853/853 854/854 869/869
f 854/854 870/870 869/869
f 854/854 855/855 870/870
f 855/855 871/871 870/870
f 855/855 856/856 871/871
f 856/856 872/872 871/871
f 856/856 857/857 872/872
f 857/857 873/873 872/872
f 857/857 858/858 873/873
f 858/858 874/874 873/873
f 858/858 859/859 874/874
f 859/859 860/860 874/874
f 859/859 845/845 860/860
f 875/875 893/893 892/892
f 875/875 876/876 893/893
f 876/876 894/894 893/893
f 876/876 877/877 894/894
f 877/877 895/895 894/894
f 877/877 878/878 895/895
f 878/878 896/896 895/895
f 878/878 879/879 896/896
f 879/879 897/897 896/896
f 879/879 880/880 897/897
f 880/880 898/898 897/897
f 880/880 881/881 898/898
f 881/881 899/899 898/898
f 881/881 882/882 899/899
f 882/882 900/900 899/899
f 882/882 883/883 900/900
f 883/883 901/901 900/900
f 883/883 884/884 901/901
f 884/884 902/902 901/901
f 884/884 885/885 902/902
f 885/885 903/903 902/902
f 885/885 886/886 903/903
f 886/886 904/904 903/903
f 886/886 887/887 904/904
f 887/887 905/905 904/904
f 887/887 888/888 905/905
f 888/888 906/906 905/905
f 888/888 889/889 906/906
f 889/889 907/907 906/906
f 889/889 890/890 907/907
f 890/890 908/908 907/907
f 890/890 891/891 908/908
f 891/891 892/892 908/908
f 891/891 875/875 892/892
f 909/909 935/935 934/934
f 909/909 910/910 935/935
f 910/910 936/936 935/935
f 910/910 911/911 936/936
f 911/911 937/937 936/936
f 911/911 912/912 937/937
f 912/912 938/938 937/937
f 912/912 913/913 938/938
f 913/913 939/939 938/938
f 913/913 914/914 939/939
f 914/914 940/940 939/939
f 914/914 915/915 940/940
f 915/915 941/941 940/940
f 915/915 916/916 941/941
f 916/916 942/942 941/941
f 916/916 917/917 942/942
f 917/917 943/943 942/942
f 917/917 918/918 943/943
f 918/918 944/944 943/943
f 918/918 919/919 944/944
f 919/919 945/945 944/944
f 919/919 920/920 945/945
f 920/920 946/946 945/945
f 920/920 921/921 946/946
f 921/921 947/947 946/946
f 921/921 922/922 947/947
f 922/922 948/948 947/947
f 922/922 923/923 948/948
f 923/923 949/949 948/948
f 923/923 924/924 949/949
f 924/924 950/950 949/949
f 924/924 925/925 950/950
f 925/925 951/951 950/950
f 925/925 926/926 951/951
f 926/926 952/952 951/951
f 926/926 927/927 952/952
f 927/927 953/953 952/952
f 927/927 928/928 953/953
f 928/928 954/954 953/953
f 928/928 929/929 954/954
f 929/929 955/955 954/954
f 929/929 930/930 955/955
f 930/930 956/956 955/955
f 930/930 931/931 956/956
f 931/931 957/957 956/956
f 931/931 932/932 957/957
f 932/932 958/958 957/957
f 932/932 933/933 958/958
f 933/933 934/934 958/958
f 933/933 909/909 934/934
f 959/959 973/973 972/972
f 959/959 960/960 973/973
f 960/960 974/974 973/973
f 960/960 961/961 974/974
f 961/961 975/975 974/974
f 961/961 962/962 975/975
f 962/962 976/976 975/975
f 962/962 963/963 976/976
f 963/963 977/977 976/976
f 963/963 964/964 977/977
f 964/964 978/978 977/977
f 964/964 965/965 978/978
f 965/965 979/979 978/978
f 965/965 966/966 979/979
f 966/966 980/980 979/979
f 966/966 967/967 980/980
f 967/967 981/981 980/980
f 967/967 968/968 981/981
f 968/968 982/982 981/981
f 968/968 969/969 982/982
f 969/969 983/983 982/982
f 969/969 970/970 983/983
f 970/970 984/984 983/983
f 970/970 971/971 984/984
f 971/971 972/972 984/984
f 971/971 959/959 972/972
f 985/985 999/999 998/998
f 985/985 986/986 999/999
f 986/986 1000/1000 999/999
f 986/986 987/987 1000/1000
f 987/987 1001/1001 1000/1000
f 987/987 988/988 1001/1001
f 988/988 1002/1002 1001/1001
f 988/988 989/989 1002/1002
f 989/989 1003/1003 1002/1002
f 989/989 990/990 1003/1003
f 990/990 1004/1004 1003/1003
f 990/990 991/991 1004/1004
f 991/991 1005/1005 1004/1004
f 991/991 992/992 1005/1005
f 992/992 1006/1006 1005/1005
f 992/992 993/993 1006/1006
f 993/993 1007/1007 1006/1006
f 993/993 994/994 1007/1007
f 994/994 1008/1008 1007/1007
f 994/994 995/995 1008/1008
f 995/995 1009/1009 1008/1008
f 995/995 996/996 1009/1009
f 996/996 1010/1010 1009/1009
f 996/996 997/997 1010/1010
f 997/997 998/998 1010/1010
f 997/997 985/985 998/998
f 1011/1011 1026/1026 1025/1025
f 1011/1011 1012/1012 1026/1026
f 1012/1012 1027/1027 1026/1026
f 1012/1012 1013/1013 1027/1027
f 1013/1013 1028/1028 1027/1027
f 1013/1013 1014/1014 1028/1028
f 1014/1014 1029/1029 1028/1028
f 1014/1014 1015/1015 1029/1029
f 1015/1015 1030/1030 1029/1029
f 1015/1015 1016/1016 1030/1030
f 1016/1016 1031/1031 1030/1030
f 1016/1016 1017/1017 1031/1031
f 1017/1017 1032/1032 1031/1031
f 1017/1017 1018/1018 1032/1032
f 1018/1018 1033/1033 1032/1032
f 1018/1018 1019/1019 1033/1033
f 1019/1019 1034/1034 1033/1033
f 1019/1019 1020/1020 1034/1034
f 1020/1020 1035/1035 1034/1034
f 1020/1020 1021/1021 1035/1035
f 1021/1021 1036/1036 1035/1035
f 1021/1021 1022/1022 1036/1036
f 1022/1022 1037/1037 1036/1036
f 1022/1022 1023/1023 1037/1037
f 1023/1023 1038/1038 1037/1037
f 1023/1023 1024/1024 1038/1038
f 1024/1024 1025/1025 1038/1038
f 1024/1024 1011/1011 1025/1025
f 1039/1039 1143/1143 1142/1142
f 1039/1039 1040/1040 1143/1143
f 1040/1040 1144/1144 1143/1143
f 1040/1040 1041/1041 1144/1144
f 1041/1041 1145/1145 1144/1144
f 1041/1041 1042/1042 1145/1145
f 1042/1042 1146/1146 1145/1145
f 1042/1042 1043/1043 1146/1146
f 1043/1043 1147/1147 1146/1146
f 1043/1043 1044/1044 1147/1147
f 1044/1044 1148/1148 1147/1147
f 1044/1044 1045/1045 1148/1148
f 1045/1045 1149/1149 1148/1148
f 1045/1045 1046/1046 1149/1149
f 1046/1046 1150/1150 1149/1149
f 1046/1046 1047/1047 1150/1150
f 1047/1047 1151/1151 1150/1150
f 1047/1047 1048/1048 1151/1151
f 1048/1048 1152/1152 1151/1151
f 1048/1048 1049/1049 1152/1152
f 1049/1049 1153/1153 1152/1152
f 1049/1049 1050/1050 1153/1153
f 1050/1050 1154/1154 1153/1153
f 1050/1050 1051/1051 1154/1154
f 1051/1051 1155/1155 1154/1154
f 1051/1051 1052/1052 1155/1155
f 1052/1052 1156/1156 1155/1155
f 1052/1052 1053/1053 1156/1156
f 1053/1053 1157/1157 1156/1156
f 1053/1053 1054/1054 1157/1157
f 1054/1054 1158/1158 1157/1157
f 1054/1054 1055/1055 1158/1158
f 1055/1055 1159/1159 1158/1158
f 1055/1055 1056/1056 1159/1159
f 1056/1056 1160/1160 1159/1159
f 1056/1056 1057/1057 1160/1160
f 1057/1057 1161/1161 1160/1160
f 1057/1057 1058/1058 1161/1161
f 1058/1058 1162/1162 1161/1161
f 1058/1058 1059/1059 1162/1162
f 1059/1059 1163/1163 1162/1162
f 1059/1059 1060/1060 1163/1163
f 1060/1060 1164/1164 1163/1163
f 1060/1060 1061/1061 1164/1164
f 1061/1061 1165/1165 1164/1164
f 1061/1061 1062/1062 1165/1165
f 1062/1062 1166/1166 1165/1165
f 1062/1062 1063/1063 1166/1166
f 1063/1063 1167/1167 1166/1166
f 1063/1063 1064/1064 1167/1167
f 1064/1064 1168/1168 1167/1167
f 1064/1064 1065/1065 1168/1168
f 1065/1065 1169/1169 1168/1168
f 1065/1065 1066/1066 1169/1169
f 1066/1066 1170/1170 1169/1169
f 1066/1066 1067/1067 1170/1170
f 1067/1067 1171/1171 1170/1170
f 1067/1067 1068/1068 1171/1171
f 1068/1068 1172/1172 1171/1171
f 1068/1068 1069/1069 1172/1172
f 1069/1069 1173/1173 1172/1172
f 1069/1069 1070/1070 1173/1173
f 1070/1070 1174/1174 1173/1173
f 1070/1070 1071/1071 1174/1174
f 1071/1071 1175/1175 1174/1174
f 1071/1071 1072/1072 1175/1175
f 1072/1072 1176/1176 1175/1175
f 1072/1072 1073/1073 1176/1176
f 1073/1073 1177/1177 1176/1176
f 1073/1073 1074/1074 1177/1177
f 1074/1074 1178/1178 1177/1177
f 1074/1074 1075/1075 1178/1178
f 1075/1075 1179/1179 1178/1178
f 1075/1075 1076/1076 1179/1179
f 1076/1076 1180/1180 1179/1179
f 1076/1076 1077/1077 1180/1180
f 1077/1077 1181/1181 1180/1180
f 1077/1077 1078/1078 1181/1181
f 1078/1078 1182/1182 1181/1181
f 1078/1078 1079/1079 1182/1182
f 1079/1079 1183/1183 1182/1182
f 1079/1079 1080/1080 1183/1183
f 1080/1080 1184/1184 1183/1183
f 1080/1080 1081/1081 1184/1184
f 1081/1081 1185/1185 1184/1184
f 1081/1081 1082/1082 1185/1185
f 1082/1082 1186/1186 1185/1185
f 1082/1082 1083/1083 1186/1186
f 1083/1083 1187/1187 1186/1186
f 1083/1083 1084/1084 1187/1187
f 1084/1084 1188/1188 1187/1187
f 1084/1084 1085/1085 1188/1188
f 1085/1085 1189/1189 1188/1188
f 1085/1085 1086/1086 1189/1189
f 1086/1086 1190/1190 1189/1189
f 1086/1086 1087/1087 1190/1190
f 1087/1087 1191/1191 1190/1190
f 1087/1087 1088/1088 1191/1191
f 1088/1088 1192/1192 1191/1191
f 1088/1088 1089/1089 1192/1192
f 1089/1089 1193/1193 1192/1192
f 1089/1089 1090/1090 1193/1193
f 1090/1090 1194/1194 1193/1193
f 1090/1090 1091/1091 1194/1194
f 1091/1091 1195/1195 1194/1194
f 1091/1091 1092/1092 1195/1195
f 1092/1092 1196/1196 1195/1195
f 1092/1092 1093/1093 1196/1196
f 1093/1093 1197/1197 1196/1196
f 1093/1093 1094/1094 1197/1197
f 1094/1094 1198/1198 1197/1197
f 1094/1094 1095/1095 1198/1198
f 1095/1095 1199/1199 1198/1198
f 1095/1095 1096/1096 1199/1199
f 1096/1096 1200/1200 1199/1199
f 1096/1096 1097/1097 1200/1200
f 1097/1097 1201/1201 1200/1200
f 1097/1097 1098/1098 1201/1201
f 1098/1098 1202/1202 1201/1201
f 1098/1098 1099/1099 1202/1202
f 1099/1099 1203/1203 1202/1202
f 1099/1099 1100/1100 1203/1203
f 1100/1100 1204/1204 1203/1203
f 1100/1100 1101/1101 1204/1204
f 1101/1101 1205/1205 1204/1204
f 1101/1101 1102/1102 1205/1205
f 1102/1102 1206/1206 1205/1205
f 1102/1102 1103/1103 1206/1206
f 1103/1103 1207/1207 1206/1206
f 1103/1103 1104/1104 1207/1207
f 1104/1104 1208/1208 1207/1207
f 1104/1104 1105/1105 1208/1208
f 1105/1105 1209/1209 1208/1208
f 1105/1105 1106/1106 1209/1209
f 1106/1106 1210/1210 1209/1209
f 1106/1106 1107/1107 1210/1210
f 1107/1107 1211/1211 1210/1210
f 1107/1107 1108/1108 1211/1211
f 1108/1108 1212/1212 1211/1211
f 1108/1108 1109/1109 1212/1212
f 1109/1109 1213/1213 1212/1212
f 1109/1109 1110/1110 1213/1213
f 1110/1110 1214/1214 1213/1213
f 1110/1110 1111/1111 1214/1214
f 1111/1111 1215/1215 1214/1214
f 1111/1111 1112/1112 1215/1215
f 1112/1112 1216/1216 1215/1215
f 1112/1112 1113/1113 1216/1216
f 1113/1113 1217/1217 1216/1216
f 1113/1113 1114/1114 1217/1217
f 1114/1114 1218/1218 1217/1217
f 1114/1114 1115/1115 1218/1218
f 1115/1115 1219/1219 1218/1218
f 1115/1115 1116/1116 1219/1219
f 1116/1116 1220/1220 1219/1219
f 1116/1116 1117/1117 1220/1220
f 1117/1117 1221/1221 1220/1220
f 1117/1117 1118/1118 1221/1221
f 1118/1118 1222/1222 1221/1221
f 1118/1118 1119/1119 1222/1222
f 1119/1119 1223/1223 1222/1222
f 1119/1119 1120/1120 1223/1223
f 1120/1120 1224/1224 1223/1223
f 1120/1120 1121/1121 1224/1224
f 1121/1121 1225/1225 1224/1224
f 1121/1121 1122/1122 1225/1225
f 1122/1122 1226/1226 1225/1225
f 1122/1122 1123/1123 1226/1226
f 1123/1123 1227/1227 1226/1226
f 1123/1123 1124/1124 1227/1227
f 1124/1124 1228/1228 1227/1227
f 1124/1124 1125/1125 1228/1228
f 1125/1125 1229/1229 1228/1228
f 1125/1125 1126/1126 1229/1229
f 1126/1126 1230/1230 1229/1229
f 1126/1126 1127/1127 1230/1230
f 1127/1127 1231/1231 1230/1230
f 1127/1127 1128/1128 1231/1231
f 1128/1128 1232/1232 1231/1231
f 1128/1128 1129/1129 1232/1232
f 1129/1129 1233/1233 1232/1232
f 1129/1129 1130/1130 1233/1233
f 1130/1130 1234/1234 1233/1233
f 1130/1130 1131/1131 1234/1234
f 1131/1131 1235/1235 1234/1234
f 1131/1131 1132/1132 1235/1235
f 1132/1132 1236/1236 1235/1235
f 1132/1132 1133/1133 1236/1236
f 1133/1133 1237/1237 1236/1236
f 1133/1133 1134/1134 1237/1237
f 1134/1134 1238/1238 1237/1237
f 1134/1134 1135/1135 1238/1238
f 1135/1135 1239/1239 1238/1238
f 1135/1135 1136/1136 1239/1239
f 1136/1136 1240/1240 1239/1239
f 1136/1136 1137/1137 1240/1240
f 1137/1137 1241/1241 1240/1240
f 1137/1137 1138/1138 1241/1241
f 1138/1138 1242/1242 1241/1241
f 1138/1138 1139/1139 1242/1242
f 1139/1139 1243/1243 1242/1242
f 1139/1139 1140/1140 1243/1243
f 1140/1140 1244/1244 1243/1243
f 1140/1140 1141/1141 1244/1244
f 1141/1141 1142/1142 1244/1244
f 1141/1141 1039/1039 1142/1142
f 1245/1245 1312/1312 1311/1311
f 1245/1245 1246/1246 1312/1312
f 1246/1246 1313/1313 1312/1312
f 1246/1246 1247/1247 1313/1313
f 1247/1247 1314/1314 1313/1313
f 1247/1247 1248/1248 1314/1314
f 1248/1248 1315/1315 1314/1314
f 1248/1248 1249/1249 1315/1315
f 1249/1249 1316/1316 1315/1315
f 1249/1249 1250/1250 1316/1316
f 1250/1250 1317/1317 1316/1316
f 1250/1250 1251/1251 1317/1317
f 1251/1251 1318/1318 1317/1317
f 1251/1251 1252/1252 1318/1318
f 1252/1252 1319/1319 1318/1318
f 1252/1252 1253/1253 1319/1319
f 1253/1253 1320/1320 1319/1319
f 1253/1253 1254/1254 1320/1320
f 1254/1254 1321/1321 1320/1320
f 1254/1254 1255/1255 1321/1321
f 1255/1255 1322/1322 1321/1321
f 1255/1255 1256/1256 1322/1322
f 1256/1256 1323/1323 1322/1322
f 1256/1256 1257/1257 1323/1323
f 1257/1257 1324/1324 1323/1323
f 1257/1257 1258/1258 1324/1324
f 1258/1258 1325/1325 1324/1324
f 1258/1258 1259/1259 1325/1325
f 1259/1259 1326/1326 1325/1325
f 1259/1259 1260/1260 1326/1326
f 1260/1260 1327/1327 1326/1326
f 1260/1260 1261/1261 1327/1327
f 1261/1261 1328/1328 1327/1327
f 1261/1261 1262/1262 1328/1328
f 1262/1262 1329/1329 1328/1328
f 1262/1262 1263/1263 1329/1329
f 1263/1263 1330/1330 1329/1329
f 1263/1263 1264/1264 1330/1330
f 1264/1264 1331/1331 1330/1330
f 1264/1264 1265/1265 1331/1331
f 1265/1265 1332/1332 1331/1331
f 1265/1265 1266/1266 1332/1332
f 1266/1266 1333/1333 1332/1332
f 1266/1266 1267/1267 1333/1333
f 1267/1267 1334/1334 1333/1333
f 1267/1267 1268/1268 1334/1334
f 1268/1268 1335/1335 1334/1334
f 1268/1268 1269/1269 1335/1335
f 1269/1269 1336/1336 1335/1335
f 1269/1269 1270/1270 1336/1336
f 1270/1270 1337/1337 1336/1336
f 1270/1270 1271/1271 1337/1337
f 1271/1271 1338/1338 1337/1337
f 1271/1271 1272/1272 1338/1338
f 1272/1272 1339/1339 1338/1338
f 1272/1272 1273/1273 1339/1339
f 1273/1273 1340/1340 1339/1339
f 1273/1273 1274/1274 1340/1340
f 1274/1274 1341/1341 1340/1340
f 1274/1274 1275/1275 1341/1341
f 1275/1275 1342/1342 1341/1341
f 1275/1275 1276/1276 1342/1342
f 1276/1276 1343/1343 1342/1342
f 1276/1276 1277/1277 1343/1343
f 1277/1277 1344/1344 1343/1343
f 1277/1277 1278/1278 1344/1344
f 1278/1278 1345/1345 1344/1344
f 1278/1278 1279/1279 1345/1345
f 1279/1279 1346/1346 1345/1345
f 1279/1279 1280/1280 1346/1346
f 1280/1280 1347/1347 1346/1346
f 1280/1280 1281/1281 1347/1347
f 1281/1281 1348/1348 1347/1347
f 1281/1281 1282/1282 1348/1348
f 1282/1282 1349/1349 1348/1348
f 1282/1282 1283/1283 1349/1349
f 1283/1283 1350/1350 1349/1349
f 1283/1283 1284/1284 1350/1350
f 1284/1284 1351/1351 1350/1350
f 1284/1284 1285/1285 1351/1351
f 1285/1285 1352/1352 1351/1351
f 1285/1285 1286/1286 1352/1352
f 1286/1286 1353/1353 1352/1352
f 1286/1286 1287/1287 1353/1353
f 1287/1287 1354/1354 1353/1353
f 1287/1287 1288/1288 1354/1354
f 1288/1288 1355/1355 1354/1354
f 1288/1288 1289/1289 1355/1355
f 1289/1289 1356/1356 1355/1355
f 1289/1289 1290/1290 1356/1356
f 1290/1290 1357/1357 1356/1356
f 1290/1290 1291/1291 1357/1357
f 1291/1291 1358/1358 1357/1357
f 1291/1291 1292/1292 1358/1358
f 1292/1292 1359/1359 1358/1358
f 1292/1292 1293/1293 1359/1359
f 1293/1293 1360/1360 1359/1359
f 1293/1293 1294/1294 1360/1360
f 1294/1294 1361/1361 1360/1360
f 1294/1294 1295/1295 1361/1361
f 1295/1295 1362/1362 1361/1361
f 1295/1295 1296/1296 1362/1362
f 1296/1296 1363/1363 1362/1362
f 1296/1296 1297/1297 1363/1363
f 1297/1297 1364/1364 1363/1363
f 1297/1297 1298/1298 1364/1364
f 1298/1298 1365/1365 1364/1364
f 1298/1298 1299/1299 1365/1365
f 1299/1299 1366/1366 1365/1365
f 1299/1299 1300/1300 1366/1366
f 1300/1300 1367/1367 1366/1366
f 1300/1300 1301/1301 1367/1367
f 1301/1301 1368/1368 1367/1367
f 1301/1301 1302/1302 1368/1368
f 1302/1302 1369/1369 1368/1368
f 1302/1302 1303/1303 1369/1369
f 1303/1303 1370/1370 1369/1369
f 1303/1303 1304/1304 1370/1370
f 1304/1304 1371/1371 1370/1370
f 1304/1304 1305/1305 1371/1371
f 1305/1305 1372/1372 1371/1371
f 1305/1305 1306/1306 1372/1372
f 1306/1306 1373/1373 1372/1372
f 1306/1306 1307/1307 1373/1373
f 1307/1307 1374/1374 1373/1373
f 1307/1307 1308/1308 1374/1374
f 1308/1308 1375/1375 1374/1374
f 1308/1308 1309/1309 1375/1375
f 1309/1309 1376/1376 1375/1375
f 1309/1309 1310/1310 1376/1376
f 1310/1310 1311/1311 1376/1376
f 1310/1310 1245/1245 1311/1311
f 1377/1377 1407/1407 1406/1406
f 1377/1377 1378/1378 1407/1407
f 1378/1378 1408/1408 1407/1407
f 1378/1378 1379/1379 1408/1408
f 1379/1379 1409/1409 1408/1408
f 1379/1379 1380/1380 1409/1409
f 1380/1380 1410/1410 1409/1409
f 1380/1380 1381/1381 1410/1410
f 1381/1381 1411/1411 1410/1410
f 1381/1381 1382/1382 1411/1411
f 1382/1382 1412/1412 1411/1411
f 1382/1382 1383/1383 1412/1412
f 1383/1383 1413/1413 1412/1412
f 1383/1383 1384/1384 1413/1413
f 1384/1384 1414/1414 1413/1413
f 1384/1384 1385/1385 1414/1414
f 1385/1385 1415/1415 1414/1414
f 1385/1385 1386/1386 1415/1415
f 1386/1386 1416/1416 1415/1415
f 1386/1386 1387/1387 1416/1416
f 1387/1387 1417/1417 1416/1416
f 1387/1387 1388/1388 1417/1417
f 1388/1388 1418/1418 1417/1417
f 1388/1388 1389/1389 1418/1418
f 1389/1389 1419/1419 1418/1418
f 1389/1389 1390/1390 1419/1419
f 1390/1390 1420/1420 1419/1419
f 1390/1390 1391/1391 1420/1420
f 1391/1391 1421/1421 1420/1420
f 1391/1391 1392/1392 1421/1421
f 1392/1392 1422/1422 1421/1421
f 1392/1392 1393/1393 1422/1422
f 1393/1393 1423/1423 1422/1422
f 1393/1393 1394/1394 1423/1423
f 1394/1394 1424/1424 1423/1423
f 1394/1394 1395/1395 1424/1424
f 1395/1395 1425/1425 1424/1424
f 1395/1395 1396/1396 1425/1425
f 1396/1396 1426/1426 1425/1425
f 1396/1396 1397/1397 1426/1426
f 1397/1397 1427/1427 1426/1426
f 1397/1397 1398/1398 1427/1427
f 1398/1398 1428/1428 1427/1427
f 1398/1398 1399/1399 1428/1428
f 1399/1399 1429/1429 1428/1428
f 1399/1399 1400/1400 1429/1429
f 1400/1400 1430/1430 1429/1429
f 1400/1400 1401/1401 1430/1430
f 1401/1401 1431/1431 1430/1430
f 1401/1401 1402/1402 1431/1431
f 1402/1402 1432/1432 1431/1431
f 1402/1402 1403/1403 1432/1432
f 1403/1403 1433/1433 1432/1432
f 1403/1403 1404/1404 1433/1433
f 1404/1404 1434/1434 1433/1433
f 1404/1404 1405/1405 1434/1434
f 1405/1405 1406/1406 1434/1434
f 1405/1405 1377/1377 1406/1406
f 1435/1435 1446/1446 1445/1445
f 1435/1435 1436/1436 1446/1446
f 1436/1436 1447/1447 1446/1446
f 1436/1436 1437/1437 1447/1447
f 1437/1437 1448/1448 1447/1447
f 1437/1437 1438/1438 1448/1448
f 1438/1438 1449/1449 1448/1448
f 1438/1438 1439/1439 1449/1449
f 1439/1439 1450/1450 1449/1449
f 1439/1439 1440/1440 1450/1450
f 1440/1440 1451/1451 1450/1450
f 1440/1440 1441/1441 1451/1451
f 1441/1441 1452/1452 1451/1451
f 1441/1441 1442/1442 1452/1452
f 1442/1442 1453/1453 1452/1452
f 1442/1442 1443/1443 1453/1453
f 1443/1443 1454/1454 1453/1453
f 1443/1443 1444/1444 1454/1454
f 1444/1444 1445/1445 1454/1454
f 1444/1444 1435/1435 1445/1445
f 1455/1455 1464/1464 1463/1463
f 1455/1455 1456/1456 1464/1464
f 1456/1456 1465/1465 1464/1464
f 1456/1456 1457/1457 1465/1465
f 1457/1457 1466/1466 1465/1465
f 1457/1457 1458/1458 1466/1466
f 1458/1458 1467/1467 1466/1466
f 1458/1458 1459/1459 1467/1467
f 1459/1459 1468/1468 1467/1467
f 1459/1459 1460/1460 1468/1468
f 1460/1460 1469/1469 1468/1468
f 1460/1460 1461/1461 1469/1469
f 1461/1461 1470/1470 1469/1469
f 1461/1461 1462/1462 1470/1470
f 1462/1462 1463/1463 1470/1470
f 1462/1462 1455/1455 1463/1463
f 1471/1471 1480/1480 1479/1479
f 1471/1471 1472/1472 1480/1480
f 1472/1472 1481/1481 1480/1480
f 1472/1472 1473/1473 1481/1481
f 1473/1473 1482/1482 1481/1481
f 1473/1473 1474/1474 1482/1482
f 1474/1474 1483/1483 1482/1482
f 1474/1474 1475/1475 1483/1483
f 1475/1475 1484/1484 1483/1483
f 1475/1475 1476/1476 1484/1484
f 1476/1476 1485/1485 1484/1484
f 1476/1476 1477/1477 1485/1485
f 1477/1477 1486/1486 1485/1485
f 1477/1477 1478/1478 1486/1486
f 1478/1478 1479/1479 1486/1486
f 1478/1478 1471/1471 1479/1479
f 1487/1487 1496/1496 1495/1495
f 1487/1487 1488/1488 1496/1496
f 1488/1488 1497/1497 1496/1496
f 1488/1488 1489/1489 1497/1497
f 1489/1489 1498/1498 1497/1497
f 1489/1489 1490/1490 1498/1498
f 1490/1490 1499/1499 1498/1498
f 1490/1490 1491/1491 1499/1499
f 1491/1491 1500/1500 1499/1499
f 1491/1491 1492/1492 1500/1500
f 1492/1492 1501/1501 1500/1500
f 1492/1492 1493/1493 1501/1501
f 1493/1493 1502/1502 1501/1501
f 1493/1493 1494/1494 1502/1502
f 1494/1494 1495/1495 1502/1502
f 1494/1494 1487/1487 1495/1495
f 1503/1503 1532/1532 1531/1531
f 1503/1503 1504/1504 1532/1532
f 1504/1504 1533/1533 1532/1532
f 1504/1504 1505/1505 1533/1533
f 1505/1505 1534/1534 1533/1533
f 1505/1505 1506/1506 1534/1534
f 1506/1506 1535/1535 1534/1534
f 1506/1506 1507/1507 1535/1535
f 1507/1507 1536/1536 1535/1535
f 1507/1507 1508/1508 1536/1536
f 1508/1508 1537/1537 1536/1536
f 1508/1508 1509/1509 1537/1537
f 1509/1509 1538/1538 1537/1537
f 1509/1509 1510/1510 1538/1538
f 1510/1510 1539/1539 1538/1538
f 1510/1510 1511/1511 1539/1539
f 1511/1511 1540/1540 1539/1539
f 1511/1511 1512/1512 1540/1540
f 1512/1512 1541/1541 1540/1540
f 1512/1512 1513/1513 1541/1541
f 1513/1513 1542/1542 1541/1541
f 1513/1513 1514/1514 1542/1542
f 1514/1514 1543/1543 1542/1542
f 1514/1514 1515/1515 1543/1543
f 1515/1515 1544/1544 1543/1543
f 1515/1515 1516/1516 1544/1544
f 1516/1516 1545/1545 1544/1544
f 1516/1516 1517/1517 1545/1545
f 1517/1517 1546/1546 1545/1545
f 1517/1517 1518/1518 1546/1546
f 1518/1518 1547/1547 1546/1546
f 1518/1518 1519/1519 1547/1547
f 1519/1519 1548/1548 1547/1547
f 1519/1519 1520/1520 1548/1548
f 1520/1520 1549/1549 1548/1548
f 1520/1520 1521/1521 1549/1549
f 1521/1521 1550/1550 1549/1549
f 1521/1521 1522/1522 1550/1550
f 1522/1522 1551/1551 1550/1550
f 1522/1522 1523/1523 1551/1551
f 1523/1523 1552/1552 1551/1551
f 1523/1523 1524/1524 1552/1552
f 1524/1524 1553/1553 1552/1552
f 1524/1524 1525/1525 1553/1553
f 1525/1525 1554/1554 1553/1553
f 1525/1525 1526/1526 1554/1554
f 1526/1526 1555/1555 1554/1554
f 1526/1526 1527/1527 1555/1555
f 1527/1527 1556/1556 1555/1555
f 1527/1527 1528/1528 1556/1556
f 1528/1528 1557/1557 1556/1556
f 1528/1528 1529/1529 1557/1557
f 1529/1529 1558/1558 1557/1557
f 1529/1529 1530/1530 1558/1558
f 1530/1530 1531/1531 1558/1558
f 1530/1530 1503/1503 1531/1531
f 1559/1559 1564/1564 1563/1563
f 1559/1559 1560/1560 1564/1564
f 1560/1560 1565/1565 1564/1564
f 1560/1560 1561/1561 1565/1565
f 1561/1561 1566/1566 1565/1565
f 1561/1561 1562/1562 1566/1566
f 1562/1562 1563/1563 1566/1566
f 1562/1562 1559/1559 1563/1563
f 1567/1567 1576/1576 1575/1575
f 1567/1567 1568/1568 1576/1576
f 1568/1568 1577/1577 1576/1576
f 1568/1568 1569/1569 1577/1577
f 1569/1569 1578/1578 1577/1577
f 1569/1569 1570/1570 1578/1578
f 1570/1570 1579/1579 1578/1578
f 1570/1570 1571/1571 1579/1579
f 1571/1571 1580/1580 1579/1579
f 1571/1571 1572/1572 1580/1580
f 1572/1572 1581/1581 1580/1580
f 1572/1572 1573/1573 1581/1581
f 1573/1573 1582/1582 1581/1581
f 1573/1573 1574/1574 1582/1582
f 1574/1574 1575/1575 1582/1582
f 1574/1574 1567/1567 1575/1575
f 1583/1583 1592/1592 1591/1591
f 1583/1583 1584/1584 1592/1592
f 1584/1584 1593/1593 1592/1592
f 1584/1584 1585/1585 1593/1593
f 1585/1585 1594/1594 1593/1593
f 1585/1585 1586/1586 1594/1594
f 1586/1586 1595/1595 1594/1594
f 1586/1586 1587/1587 1595/1595
f 1587/1587 1596/1596 1595/1595
f 1587/1587 1588/1588 1596/1596
f 1588/1588 1597/1597 1596/1596
f 1588/1588 1589/1589 1597/1597
f 1589/1589 1598/1598 1597/1597
f 1589/1589 1590/1590 1598/1598
f 1590/1590 1591/1591 1598/1598
f 1590/1590 1583/1583 1591/1591
f 1599/1599 1608/1608 1607/1607
f 1599/1599 1600/1600 1608/1608
f 1600/1600 1609/1609 1608/1608
f 1600/1600 1601/1601 1609/1609
f 1601/1601 1610/1610 1609/1609
f 1601/1601 1602/1602 1610/1610
f 1602/1602 1611/1611 1610/1610
f 1602/1602 1603/1603 1611/1611
f 1603/1603 1612/1612 1611/1611
f 1603/1603 1604/1604 1612/1612
f 1604/1604 1613/1613 1612/1612
f 1604/1604 1605/1605 1613/1613
f 1605/1605 1614/1614 1613/1613
f 1605/1605 1606/1606 1614/1614
f 1606/1606 1607/1607 1614/1614
f 1606/1606 1599/1599 1607/1607
f 1615/1615 1624/1624 1623/1623
f 1615/1615 1616/1616 1624/1624
f 1616/1616 1625/1625 1624/1624
f 1616/1616 1617/1617 1625/1625
f 1617/1617 1626/1626 1625/1625
f 1617/1617 1618/1618 1626/1626
f 1618/1618 1627/1627 1626/1626
f 1618/1618 1619/1619 1627/1627
f 1619/1619 1628/1628 1627/1627
f 1619/1619 1620/1620 1628/1628
f 1620/1620 1629/1629 1628/1628
f 1620/1620 1621/1621 1629/1629
f 1621/1621 1630/1630 1629/1629
f 1621/1621 1622/1622 1630/1630
f 1622/1622 1623/1623 1630/1630
f 1622/1622 1615/1615 1623/1623
f 1631/1631 1640/1640 1639/1639
f 1631/1631 1632/1632 1640/1640
f 1632/1632 1641/1641 1640/1640
f 1632/1632 1633/1633 1641/1641
f 1633/1633 1642/1642 1641/1641
f 1633/1633 1634/1634 1642/1642
f 1634/1634 1643/1643 1642/1642
f 1634/1634 1635/1635 1643/1643
f 1635/1635 1644/1644 1643/1643
f 1635/1635 1636/1636 1644/1644
f 1636/1636 1645/1645 1644/1644
f 1636/1636 1637/1637 1645/1645
f 1637/1637 1646/1646 1645/1645
f 1637/1637 1638/1638 1646/1646
f 1638/1638 1639/1639 1646/1646
f 1638/1638 1631/1631 1639/1639
f 1647/1647 1656/1656 1655/1655
f 1647/1647 1648/1648 1656/1656
f 1648/1648 1657/1657 1656/1656
f 1648/1648 1649/1649 1657/1657
f 1649/1649 1658/1658 1657/1657
f 1649/1649 1650/1650 1658/1658
f 1650/1650 1659/1659 1658/1658
f 1650/1650 1651/1651 1659/1659
f 1651/1651 1660/1660 1659/1659
f 1651/1651 1652/1652 1660/1660
f 1652/1652 1661/1661 1660/1660
f 1652/1652 1653/1653 1661/1661
f 1653/1653 1662/1662 1661/1661
f 1653/1653 1654/1654 1662/1662
f 1654/1654 1655/1655 1662/1662
f 1654/1654 1647/1647 1655/1655
f 1663/1663 1672/1672 1671/1671
f 1663/1663 1664/1664 1672/1672
f 1664/1664 1673/1673 1672/1672
f 1664/1664 1665/1665 1673/1673
f 1665/1665 1674/1674 1673/1673
f 1665/1665 1666/1666 1674/1674
f 1666/1666 1675/1675 1674/1674
f 1666/1666 1667/1667 1675/1675
f 1667/1667 1676/1676 1675/1675
f 1667/1667 1668/1668 1676/1676
f 1668/1668 1677/1677 1676/1676
f 1668/1668 1669/1669 1677/1677
f 1669/1669 1678/1678 1677/1677
f 1669/1669 1670/1670 1678/1678
f 1670/1670 1671/1671 1678/1678
f 1670/1670 1663/1663 1671/1671
f 1679/1679 1688/1688 1687/1687
f 1679/1679 1680/1680 1688/1688
f 1680/1680 1689/1689 1688/1688
f 1680/1680 1681/1681 1689/1689
f 1681/1681 1690/1690 1689/1689
f 1681/1681 1682/1682 1690/1690
f 1682/1682 1691/1691 1690/1690
f 1682/1682 1683/1683 1691/1691
f 1683/1683 1692/1692 1691/1691
f 1683/1683 1684/1684 1692/1692
f 1684/1684 1693/1693 1692/1692
f 1684/1684 1685/1685 1693/1693
f 1685/1685 1694/1694 1693/1693
f 1685/1685 1686/1686 1694/1694
f 1686/1686 1687/1687 1694/1694
f 1686/1686 1679/1679 1687/1687
f 1695/1695 1704/1704 1703/1703
f 1695/1695 1696/1696 1704/1704
f 1696/1696 1705/1705 1704/1704
f 1696/1696 1697/1697 1705/1705
f 1697/1697 1706/1706 1705/1705
f 1697/1697 1698/1698 1706/1706
f 1698/1698 1707/1707 1706/1706
f 1698/1698 1699/1699 1707/1707
f 1699/1699 1708/1708 1707/1707
f 1699/1699 1700/1700 1708/1708
f 1700/1700 1709/1709 1708/1708
f 1700/1700 1701/1701 1709/1709
f 1701/1701 1710/1710 1709/1709
f 1701/1701 1702/1702 1710/1710
f 1702/1702 1703/1703 1710/1710
f 1702/1702 1695/1695 1703/1703
f 1711/1711 1763/1763 1762/1762
f 1711/1711 1712/1712 1763/1763
f 1712/1712 1764/1764 1763/1763
f 1712/1712 1713/1713 1764/1764
f 1713/1713 1765/1765 1764/1764
f 1713/1713 1714/1714 1765/1765
f 1714/1714 1766/1766 1765/1765
f 1714/1714 1715/1715 1766/1766
f 1715/1715 1767/1767 1766/1766
f 1715/1715 1716/1716 1767/1767
f 1716/1716 1768/1768 1767/1767
f 1716/1716 1717/1717 1768/1768
f 1717/1717 1769/1769 1768/1768
f 1717/1717 1718/1718 1769/1769
f 1718/1718 1770/1770 1769/1769
f 1718/1718 1719/1719 1770/1770
f 1719/1719 1771/1771 1770/1770
f 1719/1719 1720/1720 1771/1771
f 1720/1720 1772/1772 1771/1771
f 1720/1720 1721/1721 1772/1772
f 1721/1721 1773/1773 1772/1772
f 1721/1721 1722/1722 1773/1773
f 1722/1722 1774/1774 1773/1773
f 1722/1722 1723/1723 1774/1774
f 1723/1723 1775/1775 1774/1774
f 1723/1723 1724/1724 1775/1775
f 1724/1724 1776/1776 1775/1775
f 1724/1724 1725/1725 1776/1776
f 1725/1725 1777/1777 1776/1776
f 1725/1725 1726/1726 1777/1777
f 1726/1726 1778/1778 1777/1777
f 1726/1726 1727/1727 1778/1778
f 1727/1727 1779/1779 1778/1778
f 1727/1727 1728/1728 1779/1779
f 1728/1728 1780/1780 1779/1779
f 1728/1728 1729/1729 1780/1780
f 1729/1729 1781/1781 1780/1780
f 1729/1729 1730/1730 1781/1781
f 1730/1730 1782/1782 1781/1781
f 1730/1730 1731/1731 1782/1782
f 1731/1731 1783/1783 1782/1782
f 1731/1731 1732/1732 1783/1783
f 1732/1732 1784/1784 1783/1783
f 1732/1732 1733/1733 1784/1784
f 1733/1733 1785/1785 1784/1784
f 1733/1733 1734/1734 1785/1785
f 1734/1734 1786/1786 1785/1785
f 1734/1734 1735/1735 1786/1786
f 1735/1735 1787/1787 1786/1786
f 1735/1735 1736/1736 1787/1787
f 1736/1736 1788/1788 1787/1787
f 1736/1736 1737/1737 1788/1788
f 1737/1737 1789/1789 1788/1788
f 1737/1737 1738/1738 1789/1789
f 1738/1738 1790/1790 1789/1789
f 1738/1738 1739/1739 1790/1790
f 1739/1739 1791/1791 1790/1790
f 1739/1739 1740/1740 1791/1791
f 1740/1740 1792/1792 1791/1791
f 1740/1740 1741/1741 1792/1792
f 1741/1741 1793/1793 1792/1792
f 1741/1741 1742/1742 1793/1793
f 1742/1742 1794/1794 1793/1793
f 1742/1742 1743/1743 1794/1794
f 1743/1743 1795/1795 1794/1794
f 1743/1743 1744/1744 1795/1795
f 1744/1744 1796/1796 1795/1795
f 1744/1744 1745/1745 1796/1796
f 1745/1745 1797/1797 1796/1796
f 1745/1745 1746/1746 1797/1797
f 1746/1746 1798/1798 1797/1797
f 1746/1746 1747/1747 1798/1798
f 1747/1747 1799/1799 1798/1798
f 1747/1747 1748/1748 1799/1799
f 1748/1748 1800/1800 1799/1799
f 1748/1748 1749/1749 1800/1800
f 1749/1749 1801/1801 1800/1800
f 1749/1749 1750/1750 1801/1801
f 1750/1750 1802/1802 1801/1801
f 1750/1750 1751/1751 1802/1802
f 1751/1751 1803/1803 1802/1802
f 1751/1751 1752/1752 1803/1803
f 1752/1752 1804/1804 1803/1803
f 1752/1752 1753/1753 1804/1804
f 1753/1753 1805/1805 1804/1804
f 1753/1753 1754/1754 1805/1805
f 1754/1754 1806/1806 1805/1805
f 1754/1754 1755/1755 1806/1806
f 1755/1755 1807/1807 1806/1806
f 1755/1755 1756/1756 1807/1807
f 1756/1756 1808/1808 1807/1807
f 1756/1756 1757/1757 1808/1808
f 1757/1757 1809/1809 1808/1808
f 1757/1757 1758/1758 1809/1809
f 1758/1758 1810/1810 1809/1809
f 1758/1758 1759/1759 1810/1810
f 1759/1759 1811/1811 1810/1810
f 1759/1759 1760/1760 1811/1811
f 1760/1760 1812/1812 1811/1811
f 1760/1760 1761/1761 1812/1812
f 1761/1761 1762/1762 1812/1812
f 1761/1761 1711/1711 1762/1762
f 1813/1813 1822/1822 1821/1821
f 1813/1813 1814/1814 1822/1822
f 1814/1814 1823/1823 1822/1822
f 1814/1814 1815/1815 1823/1823
f 1815/1815 1824/1824 1823/1823
f 1815/1815 1816/1816 1824/1824
f 1816/1816 1825/1825 1824/1824
f 1816/1816 1817/1817 1825/1825
f 1817/1817 1826/1826 1825/1825
f 1817/1817 1818/1818 1826/1826
f 1818/1818 1827/1827 1826/1826
f 1818/1818 1819/1819 1827/1827
f 1819/1819 1828/1828 1827/1827
f 1819/1819 1820/1820 1828/1828
f 1820/1820 1821/1821 1828/1828
f 1820/1820 1813/1813 1821/1821
f 1829/1829 1841/1841 1840/1840
f 1829/1829 1830/1830 1841/1841
f 1830/1830 1842/1842 1841/1841
f 1830/1830 1831/1831 1842/1842
f 1831/1831 1843/1843 1842/1842
f 1831/1831 1832/1832 1843/1843
f 1832/1832 1844/1844 1843/1843
f 1832/1832 1833/1833 1844/1844
f 1833/1833 1845/1845 1844/1844
f 1833/1833 1834/1834 1845/1845
f 1834/1834 1846/1846 1845/1845
f 1834/1834 1835/1835 1846/1846
f 1835/1835 1847/1847 1846/1846
f 1835/1835 1836/1836 1847/1847
f 1836/1836 1848/1848 1847/1847
f 1836/1836 1837/1837 1848/1848
f 1837/1837 1849/1849 1848/1848
f 1837/1837 1838/1838 1849/1849
f 1838/1838 1850/1850 1849/1849
f 1838/1838 1839/1839 1850/1850
f 1839/1839 1840/1840 1850/1850
f 1839/1839 1829/1829 1840/1840
f 1851/1851 1860/1860 1859/1859
f 1851/1851 1852/1852 1860/1860
f 1852/1852 1861/1861 1860/1860
f 1852/1852 1853/1853 1861/1861
f 1853/1853 1862/1862 1861/1861
f 1853/1853 1854/1854 1862/1862
f 1854/1854 1863/1863 1862/1862
f 1854/1854 1855/1855 1863/1863
f 1855/1855 1864/1864 1863/1863
f 1855/1855 1856/1856 1864/1864
f 1856/1856 1865/1865 1864/1864
f 1856/1856 1857/1857 1865/1865
f 1857/1857 1866/1866 1865/1865
f 1857/1857 1858/1858 1866/1866
f 1858/1858 1859/1859 1866/1866
f 1858/1858 1851/1851 1859/1859
f 1867/1867 1874/1874 1873/1873
f 1867/1867 1868/1868 1874/1874
f 1868/1868 1875/1875 1874/1874
f 1868/1868 1869/1869 1875/1875
f 1869/1869 1876/1876 1875/1875
f 1869/1869 1870/1870 1876/1876
f 1870/1870 1877/1877 1876/1876
f 1870/1870 1871/1871 1877/1877
f 1871/1871 1878/1878 1877/1877
f 1871/1871 1872/1872 1878/1878
f 1872/1872 1873/1873 1878/1878
f 1872/1872 1867/1867 1873/1873
f 1879/1879 1967/1967 1966/1966
f 1879/1879 1880/1880 1967/1967
f 1880/1880 1968/1968 1967/1967
f 1880/1880 1881/1881 1968/1968
f 1881/1881 1969/1969 1968/1968
f 1881/1881 1882/1882 1969/1969
f 1882/1882 1970/1970 1969/1969
f 1882/1882 1883/1883 1970/1970
f 1883/1883 1971/1971 1970/1970
f 1883/1883 1884/1884 1971/1971
f 1884/1884 1972/1972 1971/1971
f 1884/1884 1885/1885 1972/1972
f 1885/1885 1973/1973 1972/1972
f 1885/1885 1886/1886 1973/1973
f 1886/1886 1974/1974 1973/1973
f 1886/1886 1887/1887 1974/1974
f 1887/1887 1975/1975 1974/1974
f 1887/1887 1888/1888 1975/1975
f 1888/1888 1976/1976 1975/1975
f 1888/1888 1889/1889 1976/1976
f 1889/1889 1977/1977 1976/1976
f 1889/1889 1890/1890 1977/1977
f 1890/1890 1978/1978 1977/1977
f 1890/1890 1891/1891 1978/1978
f 1891/1891 1979/1979 1978/1978
f 1891/1891 1892/1892 1979/1979
f 1892/1892 1980/1980 1979/1979
f 1892/1892 1893/1893 1980/1980
f 1893/1893 1981/1981 1980/1980
f 1893/1893 1894/1894 1981/1981
f 1894/1894 1982/1982 1981/1981
f 1894/1894 1895/1895 1982/1982
f 1895/1895 1983/1983 1982/1982
f 1895/1895 1896/1896 1983/1983
f 1896/1896 1984/1984 1983/1983
f 1896/1896 1897/1897 1984/1984
f 1897/1897 1985/1985 1984/1984
f 1897/1897 1898/1898 1985/1985
f 1898/1898 1986/1986 1985/1985
f 1898/1898 1899/1899 1986/1986
f 1899/1899 1987/1987 1986/1986
f 1899/1899 1900/1900 1987/1987
f 1900/1900 1988/1988 1987/1987
f 1900/1900 1901/1901 1988/1988
f 1901/1901 1989/1989 1988/1988
f 1901/1901 1902/1902 1989/1989
f 1902/1902 1990/1990 1989/1989
f 1902/1902 1903/1903 1990/1990
f 1903/1903 1991/1991 1990/1990
f 1903/1903 1904/1904 1991/1991
f 1904/1904 1992/1992 1991/1991
f 1904/1904 1905/1905 1992/1992
f 1905/1905 1993/1993 1992/1992
f 1905/1905 1906/1906 1993/1993
f 1906/1906 1994/1994 1993/1993
f 1906/1906 1907/1907 1994/1994
f 1907/1907 1995/1995 1994/1994
f 1907/1907 1908/1908 1995/1995
f 1908/1908 1996/1996 1995/1995
f 1908/1908 1909/1909 1996/1996
f 1909/1909 1997/1997 1996/1996
f 1909/1909 1910/1910 1997/1997
f 1910/1910 1998/1998 1997/1997
f 1910/1910 1911/1911 1998/1998
f 1911/1911 1999/1999 1998/1998
f 1911/1911 1912/1912 1999/1999
f 1912/1912 2000/2000 1999/1999
f 1912/1912 1913/1913 2000/2000
f 1913/1913 2001/2001 2000/2000
f 1913/1913 1914/1914 2001/2001
f 1914/1914 2002/2002 2001/2001
f 1914/1914 1915/1915 2002/2002
f 1915/1915 2003/2003 2002/2002
f 1915/1915 1916/1916 2003/2003
f 1916/1916 2004/2004 2003/2003
f 1916/1916 1917/1917 2004/2004
f 1917/1917 2005/2005 2004/2004
f 1917/1917 1918/1918 2005/2005
f 1918/1918 2006/2006 2005/2005
f 1918/1918 1919/1919 2006/2006
f 1919/1919 2007/2007 2006/2006
f 1919/1919 1920/1920 2007/2007
f 1920/1920 2008/2008 2007/2007
f 1920/1920 1921/1921 2008/2008
f 1921/1921 2009/2009 2008/2008
f 1921/1921 1922/1922 2009/2009
f 1922/1922 2010/2010 2009/2009
f 1922/1922 1923/1923 2010/2010
f 1923/1923 2011/2011 2010/2010
f 1923/1923 1924/1924 2011/2011
f 1924/1924 2012/2012 2011/2011
f 1924/1924 1925/1925 2012/2012
f 1925/1925 2013/2013 2012/2012
f 1925/1925 1926/1926 2013/2013
f 1926/1926 2014/2014 2013/2013
f 1926/1926 1927/1927 2014/2014
f 1927/1927 2015/2015 2014/2014
f 1927/1927 1928/1928 2015/2015
f 1928/1928 2016/2016 2015/2015
f 1928/1928 1929/1929 2016/2016
f 1929/1929 2017/2017 2016/2016
f 1929/1929 1930/1930 2017/2017
f 1930/1930 2018/2018 2017/2017
f 1930/1930 1931/1931 2018/2018
f 1931/1931 2019/2019 2018/2018
f 1931/1931 1932/1932 2019/2019
f 1932/1932 2020/2020 2019/2019
f 1932/1932 1933/1933 2020/2020
f 1933/1933 2021/2021 2020/2020
f 1933/1933 1934/1934 2021/2021
f 1934/1934 2022/2022 2021/2021
f 1934/1934 1935/1935 2022/2022
f 1935/1935 2023/2023 2022/2022
f 1935/1935 1936/1936 2023/2023
f 1936/1936 2024/2024 2023/2023
f 1936/1936 1937/1937 2024/2024
f 1937/1937 2025/2025 2024/2024
f 1937/1937 1938/1938 2025/2025
f 1938/1938 2026/2026 2025/2025
f 1938/1938 1939/1939 2026/2026
f 1939/1939 2027/2027 2026/2026
f 1939/1939 1940/1940 2027/2027
f 1940/1940 2028/2028 2027/2027
f 1940/1940 1941/1941 2028/2028
f 1941/1941 2029/2029 2028/2028
f 1941/1941 1942/1942 2029/2029
f 1942/1942 2030/2030 2029/2029
f 1942/1942 1943/1943 2030/2030
f 1943/1943 2031/2031 2030/2030
f 1943/1943 1944/1944 2031/2031
f 1944/1944 2032/2032 2031/2031
f 1944/1944 1945/1945 2032/2032
f 1945/1945 2033/2033 2032/2032
f 1945/1945 1946/1946 2033/2033
f 1946/1946 2034/2034 2033/2033
f 1946/1946 1947/1947 2034/2034
f 1947/1947 2035/2035 2034/2034
f 1947/1947 1948/1948 2035/2035
f 1948/1948 2036/2036 2035/2035
f 1948/1948 1949/1949 2036/2036
f 1949/1949 2037/2037 2036/2036
f 1949/1949 1950/1950 2037/2037
f 1950/1950 2038/2038 2037/2037
f 1950/1950 1951/1951 2038/2038
f 1951/1951 2039/2039 2038/2038
f 1951/1951 1952/1952 2039/2039
f 1952/1952 2040/2040 2039/2039
f 1952/1952 1953/1953 2040/2040
f 1953/1953 2041/2041 2040/2040
f 1953/1953 1954/1954 2041/2041
f 1954/1954 2042/2042 2041/2041
f 1954/1954 1955/1955 2042/2042
f 1955/1955 2043/2043 2042/2042
f 1955/1955 1956/1956 2043/2043
f 1956/1956 2044/2044 2043/2043
f 1956/1956 1957/1957 2044/2044
f 1957/1957 2045/2045 2044/2044
f 1957/1957 1958/1958 2045/2045
f 1958/1958 2046/2046 2045/2045
f 1958/1958 1959/1959 2046/2046
f 1959/1959 2047/2047 2046/2046
f 1959/1959 1960/1960 2047/2047
f 1960/1960 2048/2048 2047/2047
f 1960/1960 1961/1961 2048/2048
f 1961/1961 2049/2049 2048/2048
f 1961/1961 1962/1962 2049/2049
f 1962/1962 2050/2050 2049/2049
f 1962/1962 1963/1963 2050/2050
f 1963/1963 2051/2051 2050/2050
f 1963/1963 1964/1964 2051/2051
f 1964/1964 2052/2052 2051/2051
f 1964/1964 1965/1965 2052/2052
f 1965/1965 1966/1966 2052/2052
f 1965/1965 1879/1879 1966/1966
f 2053/2053 2058/2058 2057/2057
f 2053/2053 2054/2054 2058/2058
f 2054/2054 2059/2059 2058/2058
f 2054/2054 2055/2055 2059/2059
f 2055/2055 2060/2060 2059/2059
f 2055/2055 2056/2056 2060/2060
f 2056/2056 2057/2057 2060/2060
f 2056/2056 2053/2053 2057/2057
f 2061/2061 2068/2068 2067/2067
f 2061/2061 2062/2062 2068/2068
f 2062/2062 2069/2069 2068/2068
f 2062/2062 2063/2063 2069/2069
f 2063/2063 2070/2070 2069/2069
f 2063/2063 2064/2064 2070/2070
f 2064/2064 2071/2071 2070/2070
f 2064/2064 2065/2065 2071/2071
f 2065/2065 2072/2072 2071/2071
f 2065/2065 2066/2066 2072/2072
f 2066/2066 2067/2067 2072/2072
f 2066/2066 2061/2061 2067/2067
f 2073/2073 2081/2081 2080/2080
f 2073/2073 2074/2074 2081/2081
f 2074/2074 2082/2082 2081/2081
f 2074/2074 2075/2075 2082/2082
f 2075/2075 2083/2083 2082/2082
f 2075/2075 2076/2076 2083/2083
f 2076/2076 2084/2084 2083/2083
f 2076/2076 2077/2077 2084/2084
f 2077/2077 2085/2085 2084/2084
f 2077/2077 2078/2078 2085/2085
f 2078/2078 2086/2086 2085/2085
f 2078/2078 2079/2079 2086/2086
f 2079/2079 2080/2080 2086/2086
f 2079/2079 2073/2073 2080/2080
f 2087/2087 2095/2095 2094/2094
f 2087/2087 2088/2088 2095/2095
f 2088/2088 2096/2096 2095/2095
f 2088/2088 2089/2089 2096/2096
f 2089/2089 2097/2097 2096/2096
f 2089/2089 2090/2090 2097/2097
f 2090/2090 2098/2098 2097/2097
f 2090/2090 2091/2091 2098/2098
f 2091/2091 2099/2099 2098/2098
f 2091/2091 2092/2092 2099/2099
f 2092/2092 2100/2100 2099/2099
f 2092/2092 2093/2093 2100/2100
f 2093/2093 2094/2094 2100/2100
f 2093/2093 2087/2087 2094/2094
f 2101/2101 2112/2112 2111/2111
f 2101/2101 2102/2102 2112/2112
f 2102/2102 2113/2113 2112/2112
f 2102/2102 2103/2103 2113/2113
f 2103/2103 2114/2114 2113/2113
f 2103/2103 2104/2104 2114/2114
f 2104/2104 2115/2115 2114/2114
f 2104/2104 2105/2105 2115/2115
f 2105/2105 2116/2116 2115/2115
f 2105/2105 2106/2106 2116/2116
f 2106/2106 2117/2117 2116/2116
f 2106/2106 2107/2107 2117/2117
f 2107/2107 2118/2118 2117/2117
f 2107/2107 2108/2108 2118/2118
f 2108/2108 2119/2119 2118/2118
f 2108/2108 2109/2109 2119/2119
f 2109/2109 2120/2120 2119/2119
f 2109/2109 2110/2110 2120/2120
f 2110/2110 2111/2111 2120/2120
f 2110/2110 2101/2101 2111/2111
f 2121/2121 2128/2128 2127/2127
f 2121/2121 2122/2122 2128/2128
f 2122/2122 2129/2129 2128/2128
f 2122/2122 2123/2123 2129/2129
f 2123/2123 2130/2130 2129/2129
f 2123/2123 2124/2124 2130/2130
f 2124/2124 2131/2131 2130/2130
f 2124/2124 2125/2125 2131/2131
f 2125/2125 2132/2132 2131/2131
f 2125/2125 2126/2126 2132/2132
f 2126/2126 2127/2127 2132/2132
f 2126/2126 2121/2121 2127/2127
f 2133/2133 2143/2143 2142/2142
f 2133/2133 2134/2134 2143/2143
f 2134/2134 2144/2144 2143/2143
f 2134/2134 2135/2135 2144/2144
f 2135/2135 2145/2145 2144/2144
f 2135/2135 2136/2136 2145/2145
f 2136/2136 2146/2146 2145/2145
f 2136/2136 2137/2137 2146/2146
f 2137/2137 2147/2147 2146/2146
f 2137/2137 2138/2138 2147/2147
f 2138/2138 2148/2148 2147/2147
f 2138/2138 2139/2139 2148/2148
f 2139/2139 2149/2149 2148/2148
f 2139/2139 2140/2140 2149/2149
f 2140/2140 2150/2150 2149/2149
f 2140/2140 2141/2141 2150/2150
f 2141/2141 2142/2142 2150/2150
f 2141/2141 2133/2133 2142/2142
f 2151/2151 2161/2161 2160/2160
f 2151/2151 2152/2152 2161/2161
f 2152/2152 2162/2162 2161/2161
f 2152/2152 2153/2153 2162/2162
f 2153/2153 2163/2163 2162/2162
f 2153/2153 2154/2154 2163/2163
f 2154/2154 2164/2164 2163/2163
f 2154/2154 2155/2155 2164/2164
f 2155/2155 2165/2165 2164/2164
f 2155/2155 2156/2156 2165/2165
f 2156/2156 2166/2166 2165/2165
f 2156/2156 2157/2157 2166/2166
f 2157/2157 2167/2167 2166/2166
f 2157/2157 2158/2158 2167/2167
f 2158/2158 2168/2168 2167/2167
f 2158/2158 2159/2159 2168/2168
f 2159/2159 2160/2160 2168/2168
f 2159/2159 2151/2151 2160/2160
f 2169/2169 2179/2179 2178/2178
f 2169/2169 2170/2170 2179/2179
f 2170/2170 2180/2180 2179/2179
f 2170/2170 2171/2171 2180/2180
f 2171/2171 2181/2181 2180/2180
f 2171/2171 2172/2172 2181/2181
f 2172/2172 2182/2182 2181/2181
f 2172/2172 2173/2173 2182/2182
f 2173/2173 2183/2183 2182/2182
f 2173/2173 2174/2174 2183/2183
f 2174/2174 2184/2184 2183/2183
f 2174/2174 2175/2175 2184/2184
f 2175/2175 2185/2185 2184/2184
f 2175/2175 2176/2176 2185/2185
f 2176/2176 2186/2186 2185/2185
f 2176/2176 2177/2177 2186/2186
f 2177/2177 2178/2178 2186/2186
f 2177/2177 2169/2169 2178/2178
f 2187/2187 2192/2192 2191/2191
f 2187/2187 2188/2188 2192/2192
f 2188/2188 2193/2193 2192/2192
f 2188/2188 2189/2189 2193/2193
f 2189/2189 2194/2194 2193/2193
f 2189/2189 2190/2190 2194/2194
f 2190/2190 2191/2191 2194/2194
f 2190/2190 2187/2187 2191/2191
f 2195/2195 2201/2201 2200/2200
f 2195/2195 2196/2196 2201/2201
f 2196/2196 2202/2202 2201/2201
f 2196/2196 2197/2197 2202/2202
f 2197/2197 2203/2203 2202/2202
f 2197/2197 2198/2198 2203/2203
f 2198/2198 2204/2204 2203/2203
f 2198/2198 2199/2199 2204/2204
f 2199/2199 2200/2200 2204/2204
f 2199/2199 2195/2195 2200/2200
f 2205/2205 2212/2212 2211/2211
f 2205/2205 2206/2206 2212/2212
f 2206/2206 2213/2213 2212/2212
f 2206/2206 2207/2207 2213/2213
f 2207/2207 2214/2214 2213/2213
f 2207/2207 2208/2208 2214/2214
f 2208/2208 2215/2215 2214/2214
f 2208/2208 2209/2209 2215/2215
f 2209/2209 2216/2216 2215/2215
f 2209/2209 2210/2210 2216/2216
f 2210/2210 2211/2211 2216/2216
f 2210/2210 2205/2205 2211/2211
f 2217/2217 2236/2236 2235/2235
f 2217/2217 2218/2218 2236/2236
f 2218/2218 2237/2237 2236/2236
f 2218/2218 2219/2219 2237/2237
f 2219/2219 2238/2238 2237/2237
f 2219/2219 2220/2220 2238/2238
f 2220/2220 2239/2239 2238/2238
f 2220/2220 2221/2221 2239/2239
f 2221/2221 2240/2240 2239/2239
f 2221/2221 2222/2222 2240/2240
f 2222/2222 2241/2241 2240/2240
f 2222/2222 2223/2223 2241/2241
f 2223/2223 2242/2242 2241/2241
f 2223/2223 2224/2224 2242/2242
f 2224/2224 2243/2243 2242/2242
f 2224/2224 2225/2225 2243/2243
f 2225/2225 2244/2244 2243/2243
f 2225/2225 2226/2226 2244/2244
f 2226/2226 2245/2245 2244/2244
f 2226/2226 2227/2227 2245/2245
f 2227/2227 2246/2246 2245/2245
f 2227/2227 2228/2228 2246/2246
f 2228/2228 2247/2247 2246/2246
f 2228/2228 2229/2229 2247/2247
f 2229/2229 2248/2248 2247/2247
f 2229/2229 2230/2230 2248/2248
f 2230/2230 2249/2249 2248/2248
f 2230/2230 2231/2231 2249/2249
f 2231/2231 2250/2250 2249/2249
f 2231/2231 2232/2232 2250/2250
f 2232/2232 2251/2251 2250/2250
f 2232/2232 2233/2233 2251/2251
f 2233/2233 2252/2252 2251/2251
f 2233/2233 2234/2234 2252/2252
f 2234/2234 2235/2235 2252/2252
f 2234/2234 2217/2217 2235/2235
f 2253/2253 2274/2274 2273/2273
f 2253/2253 2254/2254 2274/2274
f 2254/2254 2275/2275 2274/2274
f 2254/2254 2255/2255 2275/2275
f 2255/2255 2276/2276 2275/2275
f 2255/2255 2256/2256 2276/2276
f 2256/2256 2277/2277 2276/2276
f 2256/2256 2257/2257 2277/2277
f 2257/2257 2278/2278 2277/2277
f 2257/2257 2258/2258 2278/2278
f 2258/2258 2279/2279 2278/2278
f 2258/2258 2259/2259 2279/2279
f 2259/2259 2280/2280 2279/2279
f 2259/2259 2260/2260 2280/2280
f 2260/2260 2281/2281 2280/2280
f 2260/2260 2261/2261 2281/2281
f 2261/2261 2282/2282 2281/2281
f 2261/2261 2262/2262 2282/2282
f 2262/2262 2283/2283 2282/2282
f 2262/2262 2263/2263 2283/2283
f 2263/2263 2284/2284 2283/2283
f 2263/2263 2264/2264 2284/2284
f 2264/2264 2285/2285 2284/2284
f 2264/2264 2265/2265 2285/2285
f 2265/2265 2286/2286 2285/2285
f 2265/2265 2266/2266 2286/2286
f 2266/2266 2287/2287 2286/2286
f 2266/2266 2267/2267 2287/2287
f 2267/2267 2288/2288 2287/2287
f 2267/2267 2268/2268 2288/2288
f 2268/2268 2289/2289 2288/2288
f 2268/2268 2269/2269 2289/2289
f 2269/2269 2290/2290 2289/2289
f 2269/2269 2270/2270 2290/2290
f 2270/2270 2291/2291 2290/2290
f 2270/2270 2271/2271 2291/2291
f 2271/2271 2292/2292 2291/2291
f 2271/2271 2272/2272 2292/2292
f 2272/2272 2273/2273 2292/2292
f 2272/2272 2253/2253 2273/2273
f 2293/2293 2300/2300 2299/2299
f 2293/2293 2294/2294 2300/2300
f 2294/2294 2301/2301 2300/2300
f 2294/2294 2295/2295 2301/2301
f 2295/2295 2302/2302 2301/2301
f 2295/2295 2296/2296 2302/2302
f 2296/2296 2303/2303 2302/2302
f 2296/2296 2297/2297 2303/2303
f 2297/2297 2304/2304 2303/2303
f 2297/2297 2298/2298 2304/2304
f 2298/2298 2299/2299 2304/2304
f 2298/2298 2293/2293 2299/2299
f 2305/2305 2316/2316 2315/2315
f 2305/2305 2306/2306 2316/2316
f 2306/2306 2317/2317 2316/2316
f 2306/2306 2307/2307 2317/2317
f 2307/2307 2318/2318 2317/2317
f 2307/2307 2308/2308 2318/2318
f 2308/2308 2319/2319 2318/2318
f 2308/2308 2309/2309 2319/2319
f 2309/2309 2320/2320 2319/2319
f 2309/2309 2310/2310 2320/2320
f 2310/2310 2321/2321 2320/2320
f 2310/2310 2311/2311 2321/2321
f 2311/2311 2322/2322 2321/2321
f 2311/2311 2312/2312 2322/2322
f 2312/2312 2323/2323 2322/2322
f 2312/2312 2313/2313 2323/2323
f 2313/2313 2324/2324 2323/2323
f 2313/2313 2314/2314 2324/2324
f 2314/2314 2315/2315 2324/2324
f 2314/2314 2305/2305 2315/2315
f 2325/2325 2335/2335 2334/2334
f 2325/2325 2326/2326 2335/2335
f 2326/2326 2336/2336 2335/2335
f 2326/2326 2327/2327 2336/2336
f 2327/2327 2337/2337 2336/2336
f 2327/2327 2328/2328 2337/2337
f 2328/2328 2338/2338 2337/2337
f 2328/2328 2329/2329 2338/2338
f 2329/2329 2339/2339 2338/2338
f 2329/2329 2330/2330 2339/2339
f 2330/2330 2340/2340 2339/2339
f 2330/2330 2331/2331 2340/2340
f 2331/2331 2341/2341 2340/2340
f 2331/2331 2332/2332 2341/2341
f 2332/2332 2342/2342 2341/2341
f 2332/2332 2333/2333 2342/2342
f 2333/2333 2334/2334 2342/2342
f 2333/2333 2325/2325 2334/2334
f 2343/2343 2396/2396 2395/2395
f 2343/2343 2344/2344 2396/2396
f 2344/2344 2397/2397 2396/2396
f 2344/2344 2345/2345 2397/2397
f 2345/2345 2398/2398 2397/2397
f 2345/2345 2346/2346 2398/2398
f 2346/2346 2399/2399 2398/2398
f 2346/2346 2347/2347 2399/2399
f 2347/2347 2400/2400 2399/2399
f 2347/2347 2348/2348 2400/2400
f 2348/2348 2401/2401 2400/2400
f 2348/2348 2349/2349 2401/2401
f 2349/2349 2402/2402 2401/2401
f 2349/2349 2350/2350 2402/2402
f 2350/2350 2403/2403 2402/2402
f 2350/2350 2351/2351 2403/2403
f 2351/2351 2404/2404 2403/2403
f 2351/2351 2352/2352 2404/2404
f 2352/2352 2405/2405 2404/2404
f 2352/2352 2353/2353 2405/2405
f 2353/2353 2406/2406 2405/2405
f 2353/2353 2354/2354 2406/2406
f 2354/2354 2407/2407 2406/2406
f 2354/2354 2355/2355 2407/2407
f 2355/2355 2408/2408 2407/2407
f 2355/2355 2356/2356 2408/2408
f 2356/2356 2409/2409 2408/2408
f 2356/2356 2357/2357 2409/2409
f 2357/2357 2410/2410 2409/2409
f 2357/2357 2358/2358 2410/2410
f 2358/2358 2411/2411 2410/2410
f 2358/2358 2359/2359 2411/2411
f 2359/2359 2412/2412 2411/2411
f 2359/2359 2360/2360 2412/2412
f 2360/2360 2413/2413 2412/2412
f 2360/2360 2361/2361 2413/2413
f 2361/2361 2414/2414 2413/2413
f 2361/2361 2362/2362 2414/2414
f 2362/2362 2415/2415 2414/2414
f 2362/2362 2363/2363 2415/2415
f 2363/2363 2416/2416 2415/2415
f 2363/2363 2364/2364 2416/2416
f 2364/2364 2417/2417 2416/2416
f 2364/2364 2365/2365 2417/2417
f 2365/2365 2418/2418 2417/2417
f 2365/2365 2366/2366 2418/2418
f 2366/2366 2419/2419 2418/2418
f 2366/2366 2367/2367 2419/2419
f 2367/2367 2420/2420 2419/2419
f 2367/2367 2368/2368 2420/2420
f 2368/2368 2421/2421 2420/2420
f 2368/2368 2369/2369 2421/2421
f 2369/2369 2422/2422 2421/2421
f 2369/2369 2370/2370 2422/2422
f 2370/2370 2423/2423 2422/2422
f 2370/2370 2371/2371 2423/2423
f 2371/2371 2424/2424 2423/2423
f 2371/2371 2372/2372 2424/2424
f 2372/2372 2425/2425 2424/2424
f 2372/2372 2373/2373 2425/2425
f 2373/2373 2426/2426 2425/2425
f 2373/2373 2374/2374 2426/2426
f 2374/2374 2427/2427 2426/2426
f 2374/2374 2375/2375 2427/2427
f 2375/2375 2428/2428 2427/2427
f 2375/2375 2376/2376 2428/2428
f 2376/2376 2429/2429 2428/2428
f 2376/2376 2377/2377 2429/2429
f 2377/2377 2430/2430 2429/2429
f 2377/2377 2378/2378 2430/2430
f 2378/2378 2431/2431 2430/2430
f 2378/2378 2379/2379 2431/2431
f 2379/2379 2432/2432 2431/2431
f 2379/2379 2380/2380 2432/2432
f 2380/2380 2433/2433 2432/2432
f 2380/2380 2381/2381 2433/2433
f 2381/2381 2434/2434 2433/2433
f 2381/2381 2382/2382 2434/2434
f 2382/2382 2435/2435 2434/2434
f 2382/2382 2383/2383 2435/2435
f 2383/2383 2436/2436 2435/2435
f 2383/2383 2384/2384 2436/2436
f 2384/2384 2437/2437 2436/2436
f 2384/2384 2385/2385 2437/2437
f 2385/2385 2438/2438 2437/2437
f 2385/2385 2386/2386 2438/2438
f 2386/2386 2439/2439 2438/2438
f 2386/2386 2387/2387 2439/2439
f 2387/2387 2440/2440 2439/2439
f 2387/2387 2388/2388 2440/2440
f 2388/2388 2441/2441 2440/2440
f 2388/2388 2389/2389 2441/2441
f 2389/2389 2442/2442 2441/2441
f 2389/2389 2390/2390 2442/2442
f 2390/2390 2443/2443 2442/2442
f 2390/2390 2391/2391 2443/2443
f 2391/2391 2444/2444 2443/2443
f 2391/2391 2392/2392 2444/2444
f 2392/2392 2445/2445 2444/2444
f 2392/2392 2393/2393 2445/2445
f 2393/2393 2446/2446 2445/2445
f 2393/2393 2394/2394 2446/2446
f 2394/2394 2395/2395 2446/2446
f 2394/2394 2343/2343 2395/2395
f 2447/2447 2456/2456 2455/2455
f 2447/2447 2448/2448 2456/2456
f 2448/2448 2457/2457 2456/2456
f 2448/2448 2449/2449 2457/2457
f 2449/2449 2458/2458 2457/2457
f 2449/2449 2450/2450 2458/2458
f 2450/2450 2459/2459 2458/2458
f 2450/2450 2451/2451 2459/2459
f 2451/2451 2460/2460 2459/2459
f 2451/2451 2452/2452 2460/2460
f 2452/2452 2461/2461 2460/2460
f 2452/2452 2453/2453 2461/2461
f 2453/2453 2462/2462 2461/2461
f 2453/2453 2454/2454 2462/2462
f 2454/2454 2455/2455 2462/2462
f 2454/2454 2447/2447 2455/2455
f 2463/2463 2468/2468 2467/2467
f 2463/2463 2464/2464 2468/2468
f 2464/2464 2469/2469 2468/2468
f 2464/2464 2465/2465 2469/2469
f 2465/2465 2470/2470 2469/2469
f 2465/2465 2466/2466 2470/2470
f 2466/2466 2467/2467 2470/2470
f 2466/2466 2463/2463 2467/2467
f 2471/2471 2480/2480 2479/2479
f 2471/2471 2472/2472 2480/2480
f 2472/2472 2481/2481 2480/2480
f 2472/2472 2473/2473 2481/2481
f 2473/2473 2482/2482 2481/2481
f 2473/2473 2474/2474 2482/2482
f 2474/2474 2483/2483 2482/2482
f 2474/2474 2475/2475 2483/2483
f 2475/2475 2484/2484 2483/2483
f 2475/2475 2476/2476 2484/2484
f 2476/2476 2485/2485 2484/2484
f 2476/2476 2477/2477 2485/2485
f 2477/2477 2486/2486 2485/2485
f 2477/2477 2478/2478 2486/2486
f 2478/2478 2479/2479 2486/2486
f 2478/2478 2471/2471 2479/2479
f 2487/2487 2493/2493 2492/2492
f 2487/2487 2488/2488 2493/2493
f 2488/2488 2494/2494 2493/2493
f 2488/2488 2489/2489 2494/2494
f 2489/2489 2495/2495 2494/2494
f 2489/2489 2490/2490 2495/2495
f 2490/2490 2496/2496 2495/2495
f 2490/2490 2491/2491 2496/2496
f 2491/2491 2492/2492 2496/2496
f 2491/2491 2487/2487 2492/2492
f 2497/2497 2503/2503 2502/2502
f 2497/2497 2498/2498 2503/2503
f 2498/2498 2504/2504 2503/2503
f 2498/2498 2499/2499 2504/2504
f 2499/2499 2505/2505 2504/2504
f 2499/2499 2500/2500 2505/2505
f 2500/2500 2506/2506 2505/2505
f 2500/2500 2501/2501 2506/2506
f 2501/2501 2502/2502 2506/2506
f 2501/2501 2497/2497 2502/2502
f 2507/2507 2516/2516 2515/2515
f 2507/2507 2508/2508 2516/2516
f 2508/2508 2517/2517 2516/2516
f 2508/2508 2509/2509 2517/2517
f 2509/2509 2518/2518 2517/2517
f 2509/2509 2510/2510 2518/2518
f 2510/2510 2519/2519 2518/2518
f 2510/2510 2511/2511 2519/2519
f 2511/2511 2520/2520 2519/2519
f 2511/2511 2512/2512 2520/2520
f 2512/2512 2521/2521 2520/2520
f 2512/2512 2513/2513 2521/2521
f 2513/2513 2522/2522 2521/2521
f 2513/2513 2514/2514 2522/2522
f 2514/2514 2515/2515 2522/2522
f 2514/2514 2507/2507 2515/2515
f 2523/2523 2667/2667 2666/2666
f 2523/2523 2524/2524 2667/2667
f 2524/2524 2668/2668 2667/2667
f 2524/2524 2525/2525 2668/2668
f 2525/2525 2669/2669 2668/2668
f 2525/2525 2526/2526 2669/2669
f 2526/2526 2670/2670 2669/2669
f 2526/2526 2527/2527 2670/2670
f 2527/2527 2671/2671 2670/2670
f 2527/2527 2528/2528 2671/2671
f 2528/2528 2672/2672 2671/2671
f 2528/2528 2529/2529 2672/2672
f 2529/2529 2673/2673 2672/2672
f 2529/2529 2530/2530 2673/2673
f 2530/2530 2674/2674 2673/2673
f 2530/2530 2531/2531 2674/2674
f 2531/2531 2675/2675 2674/2674
f 2531/2531 2532/2532 2675/2675
f 2532/2532 2676/2676 2675/2675
f 2532/2532 2533/2533 2676/2676
f 2533/2533 2677/2677 2676/2676
f 2533/2533 2534/2534 2677/2677
f 2534/2534 2678/2678 2677/2677
f 2534/2534 2535/2535 2678/2678
f 2535/2535 2679/2679 2678/2678
f 2535/2535 2536/2536 2679/2679
f 2536/2536 2680/2680 2679/2679
f 2536/2536 2537/2537 2680/2680
f 2537/2537 2681/2681 2680/2680
f 2537/2537 2538/2538 2681/2681
f 2538/2538 2682/2682 2681/2681
f 2538/2538 2539/2539 2682/2682
f 2539/2539 2683/2683 2682/2682
f 2539/2539 2540/2540 2683/2683
f 2540/2540 2684/2684 2683/2683
f 2540/2540 2541/2541 2684/2684
f 2541/2541 2685/2685 2684/2684
f 2541/2541 2542/2542 2685/2685
f 2542/2542 2686/2686 2685/2685
f 2542/2542 2543/2543 2686/2686
f 2543/2543 2687/2687 2686/2686
f 2543/2543 2544/2544 2687/2687
f 2544/2544 2688/2688 2687/2687
f 2544/2544 2545/2545 2688/2688
f 2545/2545 2689/2689 2688/2688
f 2545/2545 2546/2546 2689/2689
f 2546/2546 2690/2690 2689/2689
f 2546/2546 2547/2547 2690/2690
f 2547/2547 2691/2691 2690/2690
f 2547/2547 2548/2548 2691/2691
f 2548/2548 2692/2692 2691/2691
f 2548/2548 2549/2549 2692/2692
f 2549/2549 2693/2693 2692/2692
f 2549/2549 2550/2550 2693/2693
f 2550/2550 2694/2694 2693/2693
f 2550/2550 2551/2551 2694/2694
f 2551/2551 2695/2695 2694/2694
f 2551/2551 2552/2552 2695/2695
f 2552/2552 2696/2696 2695/2695
f 2552/2552 2553/2553 2696/2696
f 2553/2553 2697/2697 2696/2696
f 2553/2553 2554/2554 2697/2697
f 2554/2554 2698/2698 2697/2697
f 2554/2554 2555/2555 2698/2698
f 2555/2555 2699/2699 2698/2698
f 2555/2555 2556/2556 2699/2699
f 2556/2556 2700/2700 2699/2699
f 2556/2556 2557/2557 2700/2700
f 2557/2557 2701/2701 2700/2700
f 2557/2557 2558/2558 2701/2701
f 2558/2558 2702/2702 2701/2701
f 2558/2558 2559/2559 2702/2702
f 2559/2559 2703/2703 2702/2702
f 2559/2559 2560/2560 2703/2703
f 2560/2560 2704/2704 2703/2703
f 2560/2560 2561/2561 2704/2704
f 2561/2561 2705/2705 2704/2704
f 2561/2561 2562/2562 2705/2705
f 2562/2562 2706/2706 2705/2705
f 2562/2562 2563/2563 2706/2706
f 2563/2563 2707/2707 2706/2706
f 2563/2563 2564/2564 2707/2707
f 2564/2564 2708/2708 2707/2707
f 2564/2564 2565/2565 2708/2708
f 2565/2565 2709/2709 2708/2708
f 2565/2565 2566/2566 2709/2709
f 2566/2566 2710/2710 2709/2709
f 2566/2566 2567/2567 2710/2710
f 2567/2567 2711/2711 2710/2710
f 2567/2567 2568/2568 2711/2711
f 2568/2568 2712/2712 2711/2711
f 2568/2568 2569/2569 2712/2712
f 2569/2569 2713/2713 2712/2712
f 2569/2569 2570/2570 2713/2713
f 2570/2570 2714/2714 2713/2713
f 2570/2570 2571/2571 2714/2714
f 2571/2571 2715/2715 2714/2714
f 2571/2571 2572/2572 2715/2715
f 2572/2572 2716/2716 2715/2715
f 2572/2572 2573/2573 2716/2716
f 2573/2573 2717/2717 2716/2716
f 2573/2573 2574/2574 2717/2717
f 2574/2574 2718/2718 2717/2717
f 2574/2574 2575/2575 2718/2718
f 2575/2575 2719/2719 2718/2718
f 2575/2575 2576/2576 2719/2719
f 2576/2576 2720/2720 2719/2719
f 2576/2576 2577/2577 2720/2720
f 2577/2577 2721/2721 2720/2720
f 2577/2577 2578/2578 2721/2721
f 2578/2578 2722/2722 2721/2721
f 2578/2578 2579/2579 2722/2722
f 2579/2579 2723/2723 2722/2722
f 2579/2579 2580/2580 2723/2723
f 2580/2580 2724/2724 2723/2723
f 2580/2580 2581/2581 2724/2724
f 2581/2581 2725/2725 2724/2724
f 2581/2581 2582/2582 2725/2725
f 2582/2582 2726/2726 2725/2725
f 2582/2582 2583/2583 2726/2726
f 2583/2583 2727/2727 2726/2726
f 2583/2583 2584/2584 2727/2727
f 2584/2584 2728/2728 2727/2727
f 2584/2584 2585/2585 2728/2728
f 2585/2585 2729/2729 2728/2728
f 2585/2585 2586/2586 2729/2729
f 2586/2586 2730/2730 2729/2729
f 2586/2586 2587/2587 2730/2730
f 2587/2587 2731/2731 2730/2730
f 2587/2587 2588/2588 2731/2731
f 2588/2588 2732/2732 2731/2731
f 2588/2588 2589/2589 2732/2732
f 2589/2589 2733/2733 2732/2732
f 2589/2589 2590/2590 2733/2733
f 2590/2590 2734/2734 2733/2733
f 2590/2590 2591/2591 2734/2734
f 2591/2591 2735/2735 2734/2734
f 2591/2591 2592/2592 2735/2735
f 2592/2592 2736/2736 2735/2735
f 2592/2592 2593/2593 2736/2736
f 2593/2593 2737/2737 2736/2736
f 2593/2593 2594/2594 2737/2737
f 2594/2594 2738/2738 2737/2737
f 2594/2594 2595/2595 2738/2738
f 2595/2595 2739/2739 2738/2738
f 2595/2595 2596/2596 2739/2739
f 2596/2596 2740/2740 2739/2739
f 2596/2596 2597/2597 2740/2740
f 2597/2597 2741/2741 2740/2740
f 2597/2597 2598/2598 2741/2741
f 2598/2598 2742/2742 2741/2741
f 2598/2598 2599/2599 2742/2742
f 2599/2599 2743/2743 2742/2742
f 2599/2599 2600/2600 2743/2743
f 2600/2600 2744/2744 2743/2743
f 2600/2600 2601/2601 2744/2744
f 2601/2601 2745/2745 2744/2744
f 2601/2601 2602/2602 2745/2745
f 2602/2602 2746/2746 2745/2745
f 2602/2602 2603/2603 2746/2746
f 2603/2603 2747/2747 2746/2746
f 2603/2603 2604/2604 2747/2747
f 2604/2604 2748/2748 2747/2747
f 2604/2604 2605/2605 2748/2748
f 2605/2605 2749/2749 2748/2748
f 2605/2605 2606/2606 2749/2749
f 2606/2606 2750/2750 2749/2749
f 2606/2606 2607/2607 2750/2750
f 2607/2607 2751/2751 2750/2750
f 2607/2607 2608/2608 2751/2751
f 2608/2608 2752/2752 2751/2751
f 2608/2608 2609/2609 2752/2752
f 2609/2609 2753/2753 2752/2752
f 2609/2609 2610/2610 2753/2753
f 2610/2610 2754/2754 2753/2753
f 2610/2610 2611/2611 2754/2754
f 2611/2611 2755/2755 2754/2754
f 2611/2611 2612/2612 2755/2755
f 2612/2612 2756/2756 2755/2755
f 2612/2612 2613/2613 2756/2756
f 2613/2613 2757/2757 2756/2756
f 2613/2613 2614/2614 2757/2757
f 2614/2614 2758/2758 2757/2757
f 2614/2614 2615/2615 2758/2758
f 2615/2615 2759/2759 2758/2758
f 2615/2615 2616/2616 2759/2759
f 2616/2616 2760/2760 2759/2759
f 2616/2616 2617/2617 2760/2760
f 2617/2617 2761/2761 2760/2760
f 2617/2617 2618/2618 2761/2761
f 2618/2618 2762/2762 2761/2761
f 2618/2618 2619/2619 2762/2762
f 2619/2619 2763/2763 2762/2762
f 2619/2619 2620/2620 2763/2763
f 2620/2620 2764/2764 2763/2763
f 2620/2620 2621/2621 2764/2764
f 2621/2621 2765/2765 2764/2764
f 2621/2621 2622/2622 2765/2765
f 2622/2622 2766/2766 2765/2765
f 2622/2622 2623/2623 2766/2766
f 2623/2623 2767/2767 2766/2766
f 2623/2623 2624/2624 2767/2767
f 2624/2624 2768/2768 2767/2767
f 2624/2624 2625/2625 2768/2768
f 2625/2625 2769/2769 2768/2768
f 2625/2625 2626/2626 2769/2769
f 2626/2626 2770/2770 2769/2769
f 2626/2626 2627/2627 2770/2770
f 2627/2627 2771/2771 2770/2770
f 2627/2627 2628/2628 2771/2771
f 2628/2628 2772/2772 2771/2771
f 2628/2628 2629/2629 2772/2772
f 2629/2629 2773/2773 2772/2772
f 2629/2629 2630/2630 2773/2773
f 2630/2630 2774/2774 2773/2773
f 2630/2630 2631/2631 2774/2774
f 2631/2631 2775/2775 2774/2774
f 2631/2631 2632/2632 2775/2775
f 2632/2632 2776/2776 2775/2775
f 2632/2632 2633/2633 2776/2776
f 2633/2633 2777/2777 2776/2776
f 2633/2633 2634/2634 2777/2777
f 2634/2634 2778/2778 2777/2777
f 2634/2634 2635/2635 2778/2778
f 2635/2635 2779/2779 2778/2778
f 2635/2635 2636/2636 2779/2779
f 2636/2636 2780/2780 2779/2779
f 2636/2636 2637/2637 2780/2780
f 2637/2637 2781/2781 2780/2780
f 2637/2637 2638/2638 2781/2781
f 2638/2638 2782/2782 2781/2781
f 2638/2638 2639/2639 2782/2782
f 2639/2639 2783/2783 2782/2782
f 2639/2639 2640/2640 2783/2783
f 2640/2640 2784/2784 2783/2783
f 2640/2640 2641/2641 2784/2784
f 2641/2641 2785/2785 2784/2784
f 2641/2641 2642/2642 2785/2785
f 2642/2642 2786/2786 2785/2785
f 2642/2642 2643/2643 2786/2786
f 2643/2643 2787/2787 2786/2786
f 2643/2643 2644/2644 2787/2787
f 2644/2644 2788/2788 2787/2787
f 2644/2644 2645/2645 2788/2788
f 2645/2645 2789/2789 2788/2788
f 2645/2645 2646/2646 2789/2789
f 2646/2646 2790/2790 2789/2789
f 2646/2646 2647/2647 2790/2790
f 2647/2647 2791/2791 2790/2790
f 2647/2647 2648/2648 2791/2791
f 2648/2648 2792/2792 2791/2791
f 2648/2648 2649/2649 2792/2792
f 2649/2649 2793/2793 2792/2792
f 2649/2649 2650/2650 2793/2793
f 2650/2650 2794/2794 2793/2793
f 2650/2650 2651/2651 2794/2794
f 2651/2651 2795/2795 2794/2794
f 2651/2651 2652/2652 2795/2795
f 2652/2652 2796/2796 2795/2795
f 2652/2652 2653/2653 2796/2796
f 2653/2653 2797/2797 2796/2796
f 2653/2653 2654/2654 2797/2797
f 2654/2654 2798/2798 2797/2797
f 2654/2654 2655/2655 2798/2798
f 2655/2655 2799/2799 2798/2798
f 2655/2655 2656/2656 2799/2799
f 2656/2656 2800/2800 2799/2799
f 2656/2656 2657/2657 2800/2800
f 2657/2657 2801/2801 2800/2800
f 2657/2657 2658/2658 2801/2801
f 2658/2658 2802/2802 2801/2801
f 2658/2658 2659/2659 2802/2802
f 2659/2659 2803/2803 2802/2802
f 2659/2659 2660/2660 2803/2803
f 2660/2660 2804/2804 2803/2803
f 2660/2660 2661/2661 2804/2804
f 2661/2661 2805/2805 2804/2804
f 2661/2661 2662/2662 2805/2805
f 2662/2662 2806/2806 2805/2805
f 2662/2662 2663/2663 2806/2806
f 2663/2663 2807/2807 2806/2806
f 2663/2663 2664/2664 2807/2807
f 2664/2664 2808/2808 2807/2807
f 2664/2664 2665/2665 2808/2808
f 2665/2665 2666/2666 2808/2808
f 2665/2665 2523/2523 2666/2666
f 2809/2809 2819/2819 2818/2818
f 2809/2809 2810/2810 2819/2819
f 2810/2810 2820/2820 2819/2819
f 2810/2810 2811/2811 2820/2820
f 2811/2811 2821/2821 2820/2820
f 2811/2811 2812/2812 2821/2821
f 2812/2812 2822/2822 2821/2821
f 2812/2812 2813/2813 2822/2822
f 2813/2813 2823/2823 2822/2822
f 2813/2813 2814/2814 2823/2823
f 2814/2814 2824/2824 2823/2823
f 2814/2814 2815/2815 2824/2824
f 2815/2815 2825/2825 2824/2824
f 2815/2815 2816/2816 2825/2825
f 2816/2816 2826/2826 2825/2825
f 2816/2816 2817/2817 2826/2826
f 2817/2817 2818/2818 2826/2826
f 2817/2817 2809/2809 2818/2818
f 2827/2827 2836/2836 2835/2835
f 2827/2827 2828/2828 2836/2836
f 2828/2828 2837/2837 2836/2836
f 2828/2828 2829/2829 2837/2837
f 2829/2829 2838/2838 2837/2837
f 2829/2829 2830/2830 2838/2838
f 2830/2830 2839/2839 2838/2838
f 2830/2830 2831/2831 2839/2839
f 2831/2831 2840/2840 2839/2839
f 2831/2831 2832/2832 2840/2840
f 2832/2832 2841/2841 2840/2840
f 2832/2832 2833/2833 2841/2841
f 2833/2833 2842/2842 2841/2841
f 2833/2833 2834/2834 2842/2842
f 2834/2834 2835/2835 2842/2842
f 2834/2834 2827/2827 2835/2835
f 2843/2843 2850/2850 2849/2849
f 2843/2843 2844/2844 2850/2850
f 2844/2844 2851/2851 2850/2850
f 2844/2844 2845/2845 2851/2851
f 2845/2845 2852/2852 2851/2851
f 2845/2845 2846/2846 2852/2852
f 2846/2846 2853/2853 2852/2852
f 2846/2846 2847/2847 2853/2853
f 2847/2847 2854/2854 2853/2853
f 2847/2847 2848/2848 2854/2854
f 2848/2848 2849/2849 2854/2854
f 2848/2848 2843/2843 2849/2849
f 2855/2855 2862/2862 2861/2861
f 2855/2855 2856/2856 2862/2862
f 2856/2856 2863/2863 2862/2862
f 2856/2856 2857/2857 2863/2863
f 2857/2857 2864/2864 2863/2863
f 2857/2857 2858/2858 2864/2864
f 2858/2858 2865/2865 2864/2864
f 2858/2858 2859/2859 2865/2865
f 2859/2859 2866/2866 2865/2865
f 2859/2859 2860/2860 2866/2866
f 2860/2860 2861/2861 2866/2866
f 2860/2860 2855/2855 2861/2861
f 2867/2867 2876/2876 2875/2875
f 2867/2867 2868/2868 2876/2876
f 2868/2868 2877/2877 2876/2876
f 2868/2868 2869/2869 2877/2877
f 2869/2869 2878/2878 2877/2877
f 2869/2869 2870/2870 2878/2878
f 2870/2870 2879/2879 2878/2878
f 2870/2870 2871/2871 2879/2879
f 2871/2871 2880/2880 2879/2879
f 2871/2871 2872/2872 2880/2880
f 2872/2872 2881/2881 2880/2880
f 2872/2872 2873/2873 2881/2881
f 2873/2873 2882/2882 2881/2881
f 2873/2873 2874/2874 2882/2882
f 2874/2874 2875/2875 2882/2882
f 2874/2874 2867/2867 2875/2875
f 2883/2883 2892/2892 2891/2891
f 2883/2883 2884/2884 2892/2892
f 2884/2884 2893/2893 2892/2892
f 2884/2884 2885/2885 2893/2893
f 2885/2885 2894/2894 2893/2893
f 2885/2885 2886/2886 2894/2894
f 2886/2886 2895/2895 2894/2894
f 2886/2886 2887/2887 2895/2895
f 2887/2887 2896/2896 2895/2895
f 2887/2887 2888/2888 2896/2896
f 2888/2888 2897/2897 2896/2896
f 2888/2888 2889/2889 2897/2897
f 2889/2889 2898/2898 2897/2897
f 2889/2889 2890/2890 2898/2898
f 2890/2890 2891/2891 2898/2898
f 2890/2890 2883/2883 2891/2891
f 2899/2899 2905/2905 2904/2904
f 2899/2899 2900/2900 2905/2905
f 2900/2900 2906/2906 2905/2905
f 2900/2900 2901/2901 2906/2906
f 2901/2901 2907/2907 2906/2906
f 2901/2901 2902/2902 2907/2907
f 2902/2902 2908/2908 2907/2907
f 2902/2902 2903/2903 2908/2908
f 2903/2903 2904/2904 2908/2908
f 2903/2903 2899/2899 2904/2904
f 2909/2909 2921/2921 2920/2920
f 2909/2909 2910/2910 2921/2921
f 2910/2910 2922/2922 2921/2921
f 2910/2910 2911/2911 2922/2922
f 2911/2911 2923/2923 2922/2922
f 2911/2911 2912/2912 2923/2923
f 2912/2912 2924/2924 2923/2923
f 2912/2912 2913/2913 2924/2924
f 2913/2913 2925/2925 2924/2924
f 2913/2913 2914/2914 2925/2925
f 2914/2914 2926/2926 2925/2925
f 2914/2914 2915/2915 2926/2926
f 2915/2915 2927/2927 2926/2926
f 2915/2915 2916/2916 2927/2927
f 2916/2916 2928/2928 2927/2927
f 2916/2916 2917/2917 2928/2928
f 2917/2917 2929/2929 2928/2928
f 2917/2917 2918/2918 2929/2929
f 2918/2918 2930/2930 2929/2929
f 2918/2918 2919/2919 2930/2930
f 2919/2919 2920/2920 2930/2930
f 2919/2919 2909/2909 2920/2920
f 2931/2931 2936/2936 2935/2935
f 2931/2931 2932/2932 2936/2936
f 2932/2932 2937/2937 2936/2936
f 2932/2932 2933/2933 2937/2937
f 2933/2933 2938/2938 2937/2937
f 2933/2933 2934/2934 2938/2938
f 2934/2934 2935/2935 2938/2938
f 2934/2934 2931/2931 2935/2935
f 2939/2939 2944/2944 2943/2943
f 2939/2939 2940/2940 2944/2944
f 2940/2940 2945/2945 2944/2944
f 2940/2940 2941/2941 2945/2945
f 2941/2941 2946/2946 2945/2945
f 2941/2941 2942/2942 2946/2946
f 2942/2942 2943/2943 2946/2946
f 2942/2942 2939/2939 2943/2943
f 2947/2947 2967/2967 2966/2966
f 2947/2947 2948/2948 2967/2967
f 2948/2948 2968/2968 2967/2967
f 2948/2948 2949/2949 2968/2968
f 2949/2949 2969/2969 2968/2968
f 2949/2949 2950/2950 2969/2969
f 2950/2950 2970/2970 2969/2969
f 2950/2950 2951/2951 2970/2970
f 2951/2951 2971/2971 2970/2970
f 2951/2951 2952/2952 2971/2971
f 2952/2952 2972/2972 2971/2971
f 2952/2952 2953/2953 2972/2972
f 2953/2953 2973/2973 2972/2972
f 2953/2953 2954/2954 2973/2973
f 2954/2954 2974/2974 2973/2973
f 2954/2954 2955/2955 2974/2974
f 2955/2955 2975/2975 2974/2974
f 2955/2955 2956/2956 2975/2975
f 2956/2956 2976/2976 2975/2975
f 2956/2956 2957/2957 2976/2976
f 2957/2957 2977/2977 2976/2976
f 2957/2957 2958/2958 2977/2977
f 2958/2958 2978/2978 2977/2977
f 2958/2958 2959/2959 2978/2978
f 2959/2959 2979/2979 2978/2978
f 2959/2959 2960/2960 2979/2979
f 2960/2960 2980/2980 2979/2979
f 2960/2960 2961/2961 2980/2980
f 2961/2961 2981/2981 2980/2980
f 2961/2961 2962/2962 2981/2981
f 2962/2962 2982/2982 2981/2981
f 2962/2962 2963/2963 2982/2982
f 2963/2963 2983/2983 2982/2982
f 2963/2963 2964/2964 2983/2983
f 2964/2964 2984/2984 2983/2983
f 2964/2964 2965/2965 2984/2984
f 2965/2965 2966/2966 2984/2984
f 2965/2965 2947/2947 2966/2966
f 2985/2985 3014/3014 3013/3013
f 2985/2985 2986/2986 3014/3014
f 2986/2986 3015/3015 3014/3014
f 2986/2986 2987/2987 3015/3015
f 2987/2987 3016/3016 3015/3015
f 2987/2987 2988/2988 3016/3016
f 2988/2988 3017/3017 3016/3016
f 2988/2988 2989/2989 3017/3017
f 2989/2989 3018/3018 3017/3017
f 2989/2989 2990/2990 3018/3018
f 2990/2990 3019/3019 3018/3018
f 2990/2990 2991/2991 3019/3019
f 2991/2991 3020/3020 3019/3019
f 2991/2991 2992/2992 3020/3020
f 2992/2992 3021/3021 3020/3020
f 2992/2992 2993/2993 3021/3021
f 2993/2993 3022/3022 3021/3021
f 2993/2993 2994/2994 3022/3022
f 2994/2994 3023/3023 3022/3022
f 2994/2994 2995/2995 3023/3023
f 2995/2995 3024/3024 3023/3023
f 2995/2995 2996/2996 3024/3024
f 2996/2996 3025/3025 3024/3024
f 2996/2996 2997/2997 3025/3025
f 2997/2997 3026/3026 3025/3025
f 2997/2997 2998/2998 3026/3026
f 2998/2998 3027/3027 3026/3026
f 2998/2998 2999/2999 3027/3027
f 2999/2999 3028/3028 3027/3027
f 2999/2999 3000/3000 3028/3028
f 3000/3000 3029/3029 3028/3028
f 3000/3000 3001/3001 3029/3029
f 3001/3001 3030/3030 3029/3029
f 3001/3001 3002/3002 3030/3030
f 3002/3002 3031/3031 3030/3030
f 3002/3002 3003/3003 3031/3031
f 3003/3003 3032/3032 3031/3031
f 3003/3003 3004/3004 3032/3032
f 3004/3004 3033/3033 3032/3032
f 3004/3004 3005/3005 3033/3033
f 3005/3005 3034/3034 3033/3033
f 3005/3005 3006/3006 3034/3034
f 3006/3006 3035/3035 3034/3034
f 3006/3006 3007/3007 3035/3035
f 3007/3007 3036/3036 3035/3035
f 3007/3007 3008/3008 3036/3036
f 3008/3008 3037/3037 3036/3036
f 3008/3008 3009/3009 3037/3037
f 3009/3009 3038/3038 3037/3037
f 3009/3009 3010/3010 3038/3038
f 3010/3010 3039/3039 3038/3038
f 3010/3010 3011/3011 3039/3039
f 3011/3011 3040/3040 3039/3039
f 3011/3011 3012/3012 3040/3040
f 3012/3012 3013/3013 3040/3040
f 3012/3012 2985/2985 3013/3013
f 3041/3041 3061/3061 3060/3060
f 3041/3041 3042/3042 3061/3061
f 3042/3042 3062/3062 3061/3061
f 3042/3042 3043/3043 3062/3062
f 3043/3043 3063/3063 3062/3062
f 3043/3043 3044/3044 3063/3063
f 3044/3044 3064/3064 3063/3063
f 3044/3044 3045/3045 3064/3064
f 3045/3045 3065/3065 3064/3064
f 3045/3045 3046/3046 3065/3065
f 3046/3046 3066/3066 3065/3065
f 3046/3046 3047/3047 3066/3066
f 3047/3047 3067/3067 3066/3066
f 3047/3047 3048/3048 3067/3067
f 3048/3048 3068/3068 3067/3067
f 3048/3048 3049/3049 3068/3068
f 3049/3049 3069/3069 3068/3068
f 3049/3049 3050/3050 3069/3069
f 3050/3050 3070/3070 3069/3069
f 3050/3050 3051/3051 3070/3070
f 3051/3051 3071/3071 3070/3070
f 3051/3051 3052/3052 3071/3071
f 3052/3052 3072/3072 3071/3071
f 3052/3052 3053/3053 3072/3072
f 3053/3053 3073/3073 3072/3072
f 3053/3053 3054/3054 3073/3073
f 3054/3054 3074/3074 3073/3073
f 3054/3054 3055/3055 3074/3074
f 3055/3055 3075/3075 3074/3074
f 3055/3055 3056/3056 3075/3075
f 3056/3056 3076/3076 3075/3075
f 3056/3056 3057/3057 3076/3076
f 3057/3057 3077/3077 3076/3076
f 3057/3057 3058/3058 3077/3077
f 3058/3058 3078/3078 3077/3077
f 3058/3058 3059/3059 3078/3078
f 3059/3059 3060/3060 3078/3078
f 3059/3059 3041/3041 3060/3060
f 3079/3079 3109/3109 3108/3108
f 3079/3079 3080/3080 3109/3109
f 3080/3080 3110/3110 3109/3109
f 3080/3080 3081/3081 3110/3110
f 3081/3081 3111/3111 3110/3110
f 3081/3081 3082/3082 3111/3111
f 3082/3082 3112/3112 3111/3111
f 3082/3082 3083/3083 3112/3112
f 3083/3083 3113/3113 3112/3112
f 3083/3083 3084/3084 3113/3113
f 3084/3084 3114/3114 3113/3113
f 3084/3084 3085/3085 3114/3114
f 3085/3085 3115/3115 3114/3114
f 3085/3085 3086/3086 3115/3115
f 3086/3086 3116/3116 3115/3115
f 3086/3086 3087/3087 3116/3116
f 3087/3087 3117/3117 3116/3116
f 3087/3087 3088/3088 3117/3117
f 3088/3088 3118/3118 3117/3117
f 3088/3088 3089/3089 3118/3118
f 3089/3089 3119/3119 3118/3118
f 3089/3089 3090/3090 3119/3119
f 3090/3090 3120/3120 3119/3119
f 3090/3090 3091/3091 3120/3120
f 3091/3091 3121/3121 3120/3120
f 3091/3091 3092/3092 3121/3121
f 3092/3092 3122/3122 3121/3121
f 3092/3092 3093/3093 3122/3122
f 3093/3093 3123/3123 3122/3122
f 3093/3093 3094/3094 3123/3123
f 3094/3094 3124/3124 3123/3123
f 3094/3094 3095/3095 3124/3124
f 3095/3095 3125/3125 3124/3124
f 3095/3095 3096/3096 3125/3125
f 3096/3096 3126/3126 3125/3125
f 3096/3096 3097/3097 3126/3126
f 3097/3097 3127/3127 3126/3126
f 3097/3097 3098/3098 3127/3127
f 3098/3098 3128/3128 3127/3127
f 3098/3098 3099/3099 3128/3128
f 3099/3099 3129/3129 3128/3128
f 3099/3099 3100/3100 3129/3129
f 3100/3100 3130/3130 3129/3129
f 3100/3100 3101/3101 3130/3130
f 3101/3101 3131/3131 3130/3130
f 3101/3101 3102/3102 3131/3131
f 3102/3102 3132/3132 3131/3131
f 3102/3102 3103/3103 3132/3132
f 3103/3103 3133/3133 3132/3132
f 3103/3103 3104/3104 3133/3133
f 3104/3104 3134/3134 3133/3133
f 3104/3104 3105/3105 3134/3134
f 3105/3105 3135/3135 3134/3134
f 3105/3105 3106/3106 3135/3135
f 3106/3106 3136/3136 3135/3135
f 3106/3106 3107/3107 3136/3136
f 3107/3107 3108/3108 3136/3136
f 3107/3107 3079/3079 3108/3108
f 3137/3137 3172/3172 3171/3171
f 3137/3137 3138/3138 3172/3172
f 3138/3138 3173/3173 3172/3172
f 3138/3138 3139/3139 3173/3173
f 3139/3139 3174/3174 3173/3173
f 3139/3139 3140/3140 3174/3174
f 3140/3140 3175/3175 3174/3174
f 3140/3140 3141/3141 3175/3175
f 3141/3141 3176/3176 3175/3175
f 3141/3141 3142/3142 3176/3176
f 3142/3142 3177/3177 3176/3176
f 3142/3142 3143/3143 3177/3177
f 3143/3143 3178/3178 3177/3177
f 3143/3143 3144/3144 3178/3178
f 3144/3144 3179/3179 3178/3178
f 3144/3144 3145/3145 3179/3179
f 3145/3145 3180/3180 3179/3179
f 3145/3145 3146/3146 3180/3180
f 3146/3146 3181/3181 3180/3180
f 3146/3146 3147/3147 3181/3181
f 3147/3147 3182/3182 3181/3181
f 3147/3147 3148/3148 3182/3182
f 3148/3148 3183/3183 3182/3182
f 3148/3148 3149/3149 3183/3183
f 3149/3149 3184/3184 3183/3183
f 3149/3149 3150/3150 3184/3184
f 3150/3150 3185/3185 3184/3184
f 3150/3150 3151/3151 3185/3185
f 3151/3151 3186/3186 3185/3185
f 3151/3151 3152/3152 3186/3186
f 3152/3152 3187/3187 3186/3186
f 3152/3152 3153/3153 3187/3187
f 3153/3153 3188/3188 3187/3187
f 3153/3153 3154/3154 3188/3188
f 3154/3154 3189/3189 3188/3188
f 3154/3154 3155/3155 3189/3189
f 3155/3155 3190/3190 3189/3189
f 3155/3155 3156/3156 3190/3190
f 3156/3156 3191/3191 3190/3190
f 3156/3156 3157/3157 3191/3191
f 3157/3157 3192/3192 3191/3191
f 3157/3157 3158/3158 3192/3192
f 3158/3158 3193/3193 3192/3192
f 3158/3158 3159/3159 3193/3193
f 3159/3159 3194/3194 3193/3193
f 3159/3159 3160/3160 3194/3194
f 3160/3160 3195/3195 3194/3194
f 3160/3160 3161/3161 3195/3195
f 3161/3161 3196/3196 3195/3195
f 3161/3161 3162/3162 3196/3196
f 3162/3162 3197/3197 3196/3196
f 3162/3162 3163/3163 3197/3197
f 3163/3163 3198/3198 3197/3197
f 3163/3163 3164/3164 3198/3198
f 3164/3164 3199/3199 3198/3198
f 3164/3164 3165/3165 3199/3199
f 3165/3165 3200/3200 3199/3199
f 3165/3165 3166/3166 3200/3200
f 3166/3166 3201/3201 3200/3200
f 3166/3166 3167/3167 3201/3201
f 3167/3167 3202/3202 3201/3201
f 3167/3167 3168/3168 3202/3202
f 3168/3168 3203/3203 3202/3202
f 3168/3168 3169/3169 3203/3203
f 3169/3169 3204/3204 3203/3203
f 3169/3169 3170/3170 3204/3204
f 3170/3170 3171/3171 3204/3204
f 3170/3170 3137/3137 3171/3171
f 3205/3205 3223/3223 3222/3222
f 3205/3205 3206/3206 3223/3223
f 3206/3206 3224/3224 3223/3223
f 3206/3206 3207/3207 3224/3224
f 3207/3207 3225/3225 3224/3224
f 3207/3207 3208/3208 3225/3225
f 3208/3208 3226/3226 3225/3225
f 3208/3208 3209/3209 3226/3226
f 3209/3209 3227/3227 3226/3226
f 3209/3209 3210/3210 3227/3227
f 3210/3210 3228/3228 3227/3227
f 3210/3210 3211/3211 3228/3228
f 3211/3211 3229/3229 3228/3228
f 3211/3211 3212/3212 3229/3229
f 3212/3212 3230/3230 3229/3229
f 3212/3212 3213/3213 3230/3230
f 3213/3213 3231/3231 3230/3230
f 3213/3213 3214/3214 3231/3231
f 3214/3214 3232/3232 3231/3231
f 3214/3214 3215/3215 3232/3232
f 3215/3215 3233/3233 3232/3232
f 3215/3215 3216/3216 3233/3233
f 3216/3216 3234/3234 3233/3233
f 3216/3216 3217/3217 3234/3234
f 3217/3217 3235/3235 3234/3234
f 3217/3217 3218/3218 3235/3235
f 3218/3218 3236/3236 3235/3235
f 3218/3218 3219/3219 3236/3236
f 3219/3219 3237/3237 3236/3236
f 3219/3219 3220/3220 3237/3237
f 3220/3220 3238/3238 3237/3237
f 3220/3220 3221/3221 3238/3238
f 3221/3221 3222/3222 3238/3238
f 3221/3221 3205/3205 3222/3222
f 3239/3239 3254/3254 3253/3253
f 3239/3239 3240/3240 3254/3254
f 3240/3240 3255/3255 3254/3254
f 3240/3240 3241/3241 3255/3255
f 3241/3241 3256/3256 3255/3255
f 3241/3241 3242/3242 3256/3256
f 3242/3242 3257/3257 3256/3256
f 3242/3242 3243/3243 3257/3257
f 3243/3243 3258/3258 3257/3257
f 3243/3243 3244/3244 3258/3258
f 3244/3244 3259/3259 3258/3258
f 3244/3244 3245/3245 3259/3259
f 3245/3245 3260/3260 3259/3259
f 3245/3245 3246/3246 3260/3260
f 3246/3246 3261/3261 3260/3260
f 3246/3246 3247/3247 3261/3261
f 3247/3247 3262/3262 3261/3261
f 3247/3247 3248/3248 3262/3262
f 3248/3248 3263/3263 3262/3262
f 3248/3248 3249/3249 3263/3263
f 3249/3249 3264/3264 3263/3263
f 3249/3249 3250/3250 3264/3264
f 3250/3250 3265/3265 3264/3264
f 3250/3250 3251/3251 3265/3265
f 3251/3251 3266/3266 3265/3265
f 3251/3251 3252/3252 3266/3266
f 3252/3252 3253/3253 3266/3266
f 3252/3252 3239/3239 3253/3253
f 3267/3267 3278/3278 3277/3277
f 3267/3267 3268/3268 3278/3278
f 3268/3268 3279/3279 3278/3278
f 3268/3268 3269/3269 3279/3279
f 3269/3269 3280/3280 3279/3279
f 3269/3269 3270/3270 3280/3280
f 3270/3270 3281/3281 3280/3280
f 3270/3270 3271/3271 3281/3281
f 3271/3271 3282/3282 3281/3281
f 3271/3271 3272/3272 3282/3282
f 3272/3272 3283/3283 3282/3282
f 3272/3272 3273/3273 3283/3283
f 3273/3273 3284/3284 3283/3283
f 3273/3273 3274/3274 3284/3284
f 3274/3274 3285/3285 3284/3284
f 3274/3274 3275/3275 3285/3285
f 3275/3275 3286/3286 3285/3285
f 3275/3275 3276/3276 3286/3286
f 3276/3276 3277/3277 3286/3286
f 3276/3276 3267/3267 3277/3277
f 3287/3287 3305/3305 3304/3304
f 3287/3287 3288/3288 3305/3305
f 3288/3288 3306/3306 3305/3305
f 3288/3288 3289/3289 3306/3306
f 3289/3289 3307/3307 3306/3306
f 3289/3289 3290/3290 3307/3307
f 3290/3290 3308/3308 3307/3307
f 3290/3290 3291/3291 3308/3308
f 3291/3291 3309/3309 3308/3308
f 3291/3291 3292/3292 3309/3309
f 3292/3292 3310/3310 3309/3309
f 3292/3292 3293/3293 3310/3310
f 3293/3293 3311/3311 3310/3310
f 3293/3293 3294/3294 3311/3311
f 3294/3294 3312/3312 3311/3311
f 3294/3294 3295/3295 3312/3312
f 3295/3295 3313/3313 3312/3312
f 3295/3295 3296/3296 3313/3313
f 3296/3296 3314/3314 3313/3313
f 3296/3296 3297/3297 3314/3314
f 3297/3297 3315/3315 3314/3314
f 3297/3297 3298/3298 3315/3315
f 3298/3298 3316/3316 3315/3315
f 3298/3298 3299/3299 3316/3316
f 3299/3299 3317/3317 3316/3316
f 3299/3299 3300/3300 3317/3317
f 3300/3300 3318/3318 3317/3317
f 3300/3300 3301/3301 3318/3318
f 3301/3301 3319/3319 3318/3318
f 3301/3301 3302/3302 3319/3319
f 3302/3302 3320/3320 3319/3319
f 3302/3302 3303/3303 3320/3320
f 3303/3303 3304/3304 3320/3320
f 3303/3303 3287/3287 3304/3304
f 3321/3321 3331/3331 3330/3330
f 3321/3321 3322/3322 3331/3331
f 3322/3322 3332/3332 3331/3331
f 3322/3322 3323/3323 3332/3332
f 3323/3323 3333/3333 3332/3332
f 3323/3323 3324/3324 3333/3333
f 3324/3324 3334/3334 3333/3333
f 3324/3324 3325/3325 3334/3334
f 3325/3325 3335/3335 3334/3334
f 3325/3325 3326/3326 3335/3335
f 3326/3326 3336/3336 3335/3335
f 3326/3326 3327/3327 3336/3336
f 3327/3327 3337/3337 3336/3336
f 3327/3327 3328/3328 3337/3337
f 3328/3328 3338/3338 3337/3337
f 3328/3328 3329/3329 3338/3338
f 3329/3329 3330/3330 3338/3338
f 3329/3329 3321/3321 3330/3330
f 3339/3339 3380/3380 3379/3379
f 3339/3339 3340/3340 3380/3380
f 3340/3340 3381/3381 3380/3380
f 3340/3340 3341/3341 3381/3381
f 3341/3341 3382/3382 3381/3381
f 3341/3341 3342/3342 3382/3382
f 3342/3342 3383/3383 3382/3382
f 3342/3342 3343/3343 3383/3383
f 3343/3343 3384/3384 3383/3383
f 3343/3343 3344/3344 3384/3384
f 3344/3344 3385/3385 3384/3384
f 3344/3344 3345/3345 3385/3385
f 3345/3345 3386/3386 3385/3385
f 3345/3345 3346/3346 3386/3386
f 3346/3346 3387/3387 3386/3386
f 3346/3346 3347/3347 3387/3387
f 3347/3347 3388/3388 3387/3387
f 3347/3347 3348/3348 3388/3388
f 3348/3348 3389/3389 3388/3388
f 3348/3348 3349/3349 3389/3389
f 3349/3349 3390/3390 3389/3389
f 3349/3349 3350/3350 3390/3390
f 3350/3350 3391/3391 3390/3390
f 3350/3350 3351/3351 3391/3391
f 3351/3351 3392/3392 3391/3391
f 3351/3351 3352/3352 3392/3392
f 3352/3352 3393/3393 3392/3392
f 3352/3352 3353/3353 3393/3393
f 3353/3353 3394/3394 3393/3393
f 3353/3353 3354/3354 3394/3394
f 3354/3354 3395/3395 3394/3394
f 3354/3354 3355/3355 3395/3395
f 3355/3355 3396/3396 3395/3395
f 3355/3355 3356/3356 3396/3396
f 3356/3356 3397/3397 3396/3396
f 3356/3356 3357/3357 3397/3397
f 3357/3357 3398/3398 3397/3397
f 3357/3357 3358/3358 3398/3398
f 3358/3358 3399/3399 3398/3398
f 3358/3358 3359/3359 3399/3399
f 3359/3359 3400/3400 3399/3399
f 3359/3359 3360/3360 3400/3400
f 3360/3360 3401/3401 3400/3400
f 3360/3360 3361/3361 3401/3401
f 3361/3361 3402/3402 3401/3401
f 3361/3361 3362/3362 3402/3402
f 3362/3362 3403/3403 3402/3402
f 3362/3362 3363/3363 3403/3403
f 3363/3363 3404/3404 3403/3403
f 3363/3363 3364/3364 3404/3404
f 3364/3364 3405/3405 3404/3404
f 3364/3364 3365/3365 3405/3405
f 3365/3365 3406/3406 3405/3405
f 3365/3365 3366/3366 3406/3406
f 3366/3366 3407/3407 3406/3406
f 3366/3366 3367/3367 3407/3407
f 3367/3367 3408/3408 3407/3407
f 3367/3367 3368/3368 3408/3408
f 3368/3368 3409/3409 3408/3408
f 3368/3368 3369/3369 3409/3409
f 3369/3369 3410/3410 3409/3409
f 3369/3369 3370/3370 3410/3410
f 3370/3370 3411/3411 3410/3410
f 3370/3370 3371/3371 3411/3411
f 3371/3371 3412/3412 3411/3411
f 3371/3371 3372/3372 3412/3412
f 3372/3372 3413/3413 3412/3412
f 3372/3372 3373/3373 3413/3413
f 3373/3373 3414/3414 3413/3413
f 3373/3373 3374/3374 3414/3414
f 3374/3374 3415/3415 3414/3414
f 3374/3374 3375/3375 3415/3415
f 3375/3375 3416/3416 3415/3415
f 3375/3375 3376/3376 3416/3416
f 3376/3376 3417/3417 3416/3416
f 3376/3376 3377/3377 3417/3417
f 3377/3377 3418/3418 3417/3417
f 3377/3377 3378/3378 3418/3418
f 3378/3378 3379/3379 3418/3418
f 3378/3378 3339/3339 3379/3379
f 3419/3419 3428/3428 3427/3427
f 3419/3419 3420/3420 3428/3428
f 3420/3420 3429/3429 3428/3428
f 3420/3420 3421/3421 3429/3429
f 3421/3421 3430/3430 3429/3429
f 3421/3421 3422/3422 3430/3430
f 3422/3422 3431/3431 3430/3430
f 3422/3422 3423/3423 3431/3431
f 3423/3423 3432/3432 3431/3431
f 3423/3423 3424/3424 3432/3432
f 3424/3424 3433/3433 3432/3432
f 3424/3424 3425/3425 3433/3433
f 3425/3425 3434/3434 3433/3433
f 3425/3425 3426/3426 3434/3434
f 3426/3426 3427/3427 3434/3434
f 3426/3426 3419/3419 3427/3427
f 3435/3435 3481/3481 3480/3480
f 3435/3435 3436/3436 3481/3481
f 3436/3436 3482/3482 3481/3481
f 3436/3436 3437/3437 3482/3482
f 3437/3437 3483/3483 3482/3482
f 3437/3437 3438/3438 3483/3483
f 3438/3438 3484/3484 3483/3483
f 3438/3438 3439/3439 3484/3484
f 3439/3439 3485/3485 3484/3484
f 3439/3439 3440/3440 3485/3485
f 3440/3440 3486/3486 3485/3485
f 3440/3440 3441/3441 3486/3486
f 3441/3441 3487/3487 3486/3486
f 3441/3441 3442/3442 3487/3487
f 3442/3442 3488/3488 3487/3487
f 3442/3442 3443/3443 3488/3488
f 3443/3443 3489/3489 3488/3488
f 3443/3443 3444/3444 3489/3489
f 3444/3444 3490/3490 3489/3489
f 3444/3444 3445/3445 3490/3490
f 3445/3445 3491/3491 3490/3490
f 3445/3445 3446/3446 3491/3491
f 3446/3446 3492/3492 3491/3491
f 3446/3446 3447/3447 3492/3492
f 3447/3447 3493/3493 3492/3492
f 3447/3447 3448/3448 3493/3493
f 3448/3448 3494/3494 3493/3493
f 3448/3448 3449/3449 3494/3494
f 3449/3449 3495/3495 3494/3494
f 3449/3449 3450/3450 3495/3495
f 3450/3450 3496/3496 3495/3495
f 3450/3450 3451/3451 3496/3496
f 3451/3451 3497/3497 3496/3496
f 3451/3451 3452/3452 3497/3497
f 3452/3452 3498/3498 3497/3497
f 3452/3452 3453/3453 3498/3498
f 3453/3453 3499/3499 3498/3498
f 3453/3453 3454/3454 3499/3499
f 3454/3454 3500/3500 3499/3499
f 3454/3454 3455/3455 3500/3500
f 3455/3455 3501/3501 3500/3500
f 3455/3455 3456/3456 3501/3501
f 3456/3456 3502/3502 3501/3501
f 3456/3456 3457/3457 3502/3502
f 3457/3457 3503/3503 3502/3502
f 3457/3457 3458/3458 3503/3503
f 3458/3458 3504/3504 3503/3503
f 3458/3458 3459/3459 3504/3504
f 3459/3459 3505/3505 3504/3504
f 3459/3459 3460/3460 3505/3505
f 3460/3460 3506/3506 3505/3505
f 3460/3460 3461/3461 3506/3506
f 3461/3461 3507/3507 3506/3506
f 3461/3461 3462/3462 3507/3507
f 3462/3462 3508/3508 3507/3507
f 3462/3462 3463/3463 3508/3508
f 3463/3463 3509/3509 3508/3508
f 3463/3463 3464/3464 3509/3509
f 3464/3464 3510/3510 3509/3509
f 3464/3464 3465/3465 3510/3510
f 3465/3465 3511/3511 3510/3510
f 3465/3465 3466/3466 3511/3511
f 3466/3466 3512/3512 3511/3511
f 3466/3466 3467/3467 3512/3512
f 3467/3467 3513/3513 3512/3512
f 3467/3467 3468/3468 3513/3513
f 3468/3468 3514/3514 3513/3513
f 3468/3468 3469/3469 3514/3514
f 3469/3469 3515/3515 3514/3514
f 3469/3469 3470/3470 3515/3515
f 3470/3470 3516/3516 3515/3515
f 3470/3470 3471/3471 3516/3516
f 3471/3471 3517/3517 3516/3516
f 3471/3471 3472/3472 3517/3517
f 3472/3472 3518/3518 3517/3517
f 3472/3472 3473/3473 3518/3518
f 3473/3473 3519/3519 3518/3518
f 3473/3473 3474/3474 3519/3519
f 3474/3474 3520/3520 3519/3519
f 3474/3474 3475/3475 3520/3520
f 3475/3475 3521/3521 3520/3520
f 3475/3475 3476/3476 3521/3521
f 3476/3476 3522/3522 3521/3521
f 3476/3476 3477/3477 3522/3522
f 3477/3477 3523/3523 3522/3522
f 3477/3477 3478/3478 3523/3523
f 3478/3478 3524/3524 3523/3523
f 3478/3478 3479/3479 3524/3524
f 3479/3479 3480/3480 3524/3524
f 3479/3479 3435/3435 3480/3480
f 3525/3525 3530/3530 3529/3529
f 3525/3525 3526/3526 3530/3530
f 3526/3526 3531/3531 3530/3530
f 3526/3526 3527/3527 3531/3531
f 3527/3527 3532/3532 3531/3531
f 3527/3527 3528/3528 3532/3532
f 3528/3528 3529/3529 3532/3532
f 3528/3528 3525/3525 3529/3529
f 3533/3533 3552/3552 3551/3551
f 3533/3533 3534/3534 3552/3552
f 3534/3534 3553/3553 3552/3552
f 3534/3534 3535/3535 3553/3553
f 3535/3535 3554/3554 3553/3553
f 3535/3535 3536/3536 3554/3554
f 3536/3536 3555/3555 3554/3554
f 3536/3536 3537/3537 3555/3555
f 3537/3537 3556/3556 3555/3555
f 3537/3537 3538/3538 3556/3556
f 3538/3538 3557/3557 3556/3556
f 3538/3538 3539/3539 3557/3557
f 3539/3539 3558/3558 3557/3557
f 3539/3539 3540/3540 3558/3558
f 3540/3540 3559/3559 3558/3558
f 3540/3540 3541/3541 3559/3559
f 3541/3541 3560/3560 3559/3559
f 3541/3541 3542/3542 3560/3560
f 3542/3542 3561/3561 3560/3560
f 3542/3542 3543/3543 3561/3561
f 3543/3543 3562/3562 3561/3561
f 3543/3543 3544/3544 3562/3562
f 3544/3544 3563/3563 3562/3562
f 3544/3544 3545/3545 3563/3563
f 3545/3545 3564/3564 3563/3563
f 3545/3545 3546/3546 3564/3564
f 3546/3546 3565/3565 3564/3564
f 3546/3546 3547/3547 3565/3565
f 3547/3547 3566/3566 3565/3565
f 3547/3547 3548/3548 3566/3566
f 3548/3548 3567/3567 3566/3566
f 3548/3548 3549/3549 3567/3567
f 3549/3549 3568/3568 3567/3567
f 3549/3549 3550/3550 3568/3568
f 3550/3550 3551/3551 3568/3568
f 3550/3550 3533/3533 3551/3551
f 3569/3569 3586/3586 3585/3585
f 3569/3569 3570/3570 3586/3586
f 3570/3570 3587/3587 3586/3586
f 3570/3570 3571/3571 3587/3587
f 3571/3571 3588/3588 3587/3587
f 3571/3571 3572/3572 3588/3588
f 3572/3572 3589/3589 3588/3588
f 3572/3572 3573/3573 3589/3589
f 3573/3573 3590/3590 3589/3589
f 3573/3573 3574/3574 3590/3590
f 3574/3574 3591/3591 3590/3590
f 3574/3574 3575/3575 3591/3591
f 3575/3575 3592/3592 3591/3591
f 3575/3575 3576/3576 3592/3592
f 3576/3576 3593/3593 3592/3592
f 3576/3576 3577/3577 3593/3593
f 3577/3577 3594/3594 3593/3593
f 3577/3577 3578/3578 3594/3594
f 3578/3578 3595/3595 3594/3594
f 3578/3578 3579/3579 3595/3595
f 3579/3579 3596/3596 3595/3595
f 3579/3579 3580/3580 3596/3596
f 3580/3580 3597/3597 3596/3596
f 3580/3580 3581/3581 3597/3597
f 3581/3581 3598/3598 3597/3597
f 3581/3581 3582/3582 3598/3598
f 3582/3582 3599/3599 3598/3598
f 3582/3582 3583/3583 3599/3599
f 3583/3583 3600/3600 3599/3599
f 3583/3583 3584/3584 3600/3600
f 3584/3584 3585/3585 3600/3600
f 3584/3584 3569/3569 3585/3585
f 3601/3601 3618/3618 3617/3617
f 3601/3601 3602/3602 3618/3618
f 3602/3602 3619/3619 3618/3618
f 3602/3602 3603/3603 3619/3619
f 3603/3603 3620/3620 3619/3619
f 3603/3603 3604/3604 3620/3620
f 3604/3604 3621/3621 3620/3620
f 3604/3604 3605/3605 3621/3621
f 3605/3605 3622/3622 3621/3621
f 3605/3605 3606/3606 3622/3622
f 3606/3606 3623/3623 3622/3622
f 3606/3606 3607/3607 3623/3623
f 3607/3607 3624/3624 3623/3623
f 3607/3607 3608/3608 3624/3624
f 3608/3608 3625/3625 3624/3624
f 3608/3608 3609/3609 3625/3625
f 3609/3609 3626/3626 3625/3625
f 3609/3609 3610/3610 3626/3626
f 3610/3610 3627/3627 3626/3626
f 3610/3610 3611/3611 3627/3627
f 3611/3611 3628/3628 3627/3627
f 3611/3611 3612/3612 3628/3628
f 3612/3612 3629/3629 3628/3628
f 3612/3612 3613/3613 3629/3629
f 3613/3613 3630/3630 3629/3629
f 3613/3613 3614/3614 3630/3630
f 3614/3614 3631/3631 3630/3630
f 3614/3614 3615/3615 3631/3631
f 3615/3615 3632/3632 3631/3631
f 3615/3615 3616/3616 3632/3632
f 3616/3616 3617/3617 3632/3632
f 3616/3616 3601/3601 3617/3617
f 3633/3633 3650/3650 3649/3649
f 3633/3633 3634/3634 3650/3650
f 3634/3634 3651/3651 3650/3650
f 3634/3634 3635/3635 3651/3651
f 3635/3635 3652/3652 3651/3651
f 3635/3635 3636/3636 3652/3652
f 3636/3636 3653/3653 3652/3652
f 3636/3636 3637/3637 3653/3653
f 3637/3637 3654/3654 3653/3653
f 3637/3637 3638/3638 3654/3654
f 3638/3638 3655/3655 3654/3654
f 3638/3638 3639/3639 3655/3655
f 3639/3639 3656/3656 3655/3655
f 3639/3639 3640/3640 3656/3656
f 3640/3640 3657/3657 3656/3656
f 3640/3640 3641/3641 3657/3657
f 3641/3641 3658/3658 3657/3657
f 3641/3641 3642/3642 3658/3658
f 3642/3642 3659/3659 3658/3658
f 3642/3642 3643/3643 3659/3659
f 3643/3643 3660/3660 3659/3659
f 3643/3643 3644/3644 3660/3660
f 3644/3644 3661/3661 3660/3660
f 3644/3644 3645/3645 3661/3661
f 3645/3645 3662/3662 3661/3661
f 3645/3645 3646/3646 3662/3662
f 3646/3646 3663/3663 3662/3662
f 3646/3646 3647/3647 3663/3663
f 3647/3647 3664/3664 3663/3663
f 3647/3647 3648/3648 3664/3664
f 3648/3648 3649/3649 3664/3664
f 3648/3648 3633/3633 3649/3649
f 3665/3665 3682/3682 3681/3681
f 3665/3665 3666/3666 3682/3682
f 3666/3666 3683/3683 3682/3682
f 3666/3666 3667/3667 3683/3683
f 3667/3667 3684/3684 3683/3683
f 3667/3667 3668/3668 3684/3684
f 3668/3668 3685/3685 3684/3684
f 3668/3668 3669/3669 3685/3685
f 3669/3669 3686/3686 3685/3685
f 3669/3669 3670/3670 3686/3686
f 3670/3670 3687/3687 3686/3686
f 3670/3670 3671/3671 3687/3687
f 3671/3671 3688/3688 3687/3687
f 3671/3671 3672/3672 3688/3688
f 3672/3672 3689/3689 3688/3688
f 3672/3672 3673/3673 3689/3689
f 3673/3673 3690/3690 3689/3689
f 3673/3673 3674/3674 3690/3690
f 3674/3674 3691/3691 3690/3690
f 3674/3674 3675/3675 3691/3691
f 3675/3675 3692/3692 3691/3691
f 3675/3675 3676/3676 3692/3692
f 3676/3676 3693/3693 3692/3692
f 3676/3676 3677/3677 3693/3693
f 3677/3677 3694/3694 3693/3693
f 3677/3677 3678/3678 3694/3694
f 3678/3678 3695/3695 3694/3694
f 3678/3678 3679/3679 3695/3695
f 3679/3679 3696/3696 3695/3695
f 3679/3679 3680/3680 3696/3696
f 3680/3680 3681/3681 3696/3696
f 3680/3680 3665/3665 3681/3681
f 3697/3697 3715/3715 3714/3714
f 3697/3697 3698/3698 3715/3715
f 3698/3698 3716/3716 3715/3715
f 3698/3698 3699/3699 3716/3716
f 3699/3699 3717/3717 3716/3716
f 3699/3699 3700/3700 3717/3717
f 3700/3700 3718/3718 3717/3717
f 3700/3700 3701/3701 3718/3718
f 3701/3701 3719/3719 3718/3718
f 3701/3701 3702/3702 3719/3719
f 3702/3702 3720/3720 3719/3719
f 3702/3702 3703/3703 3720/3720
f 3703/3703 3721/3721 3720/3720
f 3703/3703 3704/3704 3721/3721
f 3704/3704 3722/3722 3721/3721
f 3704/3704 3705/3705 3722/3722
f 3705/3705 3723/3723 3722/3722
f 3705/3705 3706/3706 3723/3723
f 3706/3706 3724/3724 3723/3723
f 3706/3706 3707/3707 3724/3724
f 3707/3707 3725/3725 3724/3724
f 3707/3707 3708/3708 3725/3725
f 3708/3708 3726/3726 3725/3725
f 3708/3708 3709/3709 3726/3726
f 3709/3709 3727/3727 3726/3726
f 3709/3709 3710/3710 3727/3727
f 3710/3710 3728/3728 3727/3727
f 3710/3710 3711/3711 3728/3728
f 3711/3711 3729/3729 3728/3728
f 3711/3711 3712/3712 3729/3729
f 3712/3712 3730/3730 3729/3729
f 3712/3712 3713/3713 3730/3730
f 3713/3713 3714/3714 3730/3730
f 3713/3713 3697/3697 3714/3714
f 3731/3731 3748/3748 3747/3747
f 3731/3731 3732/3732 3748/3748
f 3732/3732 3749/3749 3748/3748
f 3732/3732 3733/3733 3749/3749
f 3733/3733 3750/3750 3749/3749
f 3733/3733 3734/3734 3750/3750
f 3734/3734 3751/3751 3750/3750
f 3734/3734 3735/3735 3751/3751
f 3735/3735 3752/3752 3751/3751
f 3735/3735 3736/3736 3752/3752
f 3736/3736 3753/3753 3752/3752
f 3736/3736 3737/3737 3753/3753
f 3737/3737 3754/3754 3753/3753
f 3737/3737 3738/3738 3754/3754
f 3738/3738 3755/3755 3754/3754
f 3738/3738 3739/3739 3755/3755
f 3739/3739 3756/3756 3755/3755
f 3739/3739 3740/3740 3756/3756
f 3740/3740 3757/3757 3756/3756
f 3740/3740 3741/3741 3757/3757
f 3741/3741 3758/3758 3757/3757
f 3741/3741 3742/3742 3758/3758
f 3742/3742 3759/3759 3758/3758
f 3742/3742 3743/3743 3759/3759
f 3743/3743 3760/3760 3759/3759
f 3743/3743 3744/3744 3760/3760
f 3744/3744 3761/3761 3760/3760
f 3744/3744 3745/3745 3761/3761
f 3745/3745 3762/3762 3761/3761
f 3745/3745 3746/3746 3762/3762
f 3746/3746 3747/3747 3762/3762
f 3746/3746 3731/3731 3747/3747
f 3763/3763 3780/3780 3779/3779
f 3763/3763 3764/3764 3780/3780
f 3764/3764 3781/3781 3780/3780
f 3764/3764 3765/3765 3781/3781
f 3765/3765 3782/3782 3781/3781
f 3765/3765 3766/3766 3782/3782
f 3766/3766 3783/3783 3782/3782
f 3766/3766 3767/3767 3783/3783
f 3767/3767 3784/3784 3783/3783
f 3767/3767 3768/3768 3784/3784
f 3768/3768 3785/3785 3784/3784
f 3768/3768 3769/3769 3785/3785
f 3769/3769 3786/3786 3785/3785
f 3769/3769 3770/3770 3786/3786
f 3770/3770 3787/3787 3786/3786
f 3770/3770 3771/3771 3787/3787
f 3771/3771 3788/3788 3787/3787
f 3771/3771 3772/3772 3788/3788
f 3772/3772 3789/3789 3788/3788
f 3772/3772 3773/3773 3789/3789
f 3773/3773 3790/3790 3789/3789
f 3773/3773 3774/3774 3790/3790
f 3774/3774 3791/3791 3790/3790
f 3774/3774 3775/3775 3791/3791
f 3775/3775 3792/3792 3791/3791
f 3775/3775 3776/3776 3792/3792
f 3776/3776 3793/3793 3792/3792
f 3776/3776 3777/3777 3793/3793
f 3777/3777 3794/3794 3793/3793
f 3777/3777 3778/3778 3794/3794
f 3778/3778 3779/3779 3794/3794
f 3778/3778 3763/3763 3779/3779
f 3795/3795 3814/3814 3813/3813
f 3795/3795 3796/3796 3814/3814
f 3796/3796 3815/3815 3814/3814
f 3796/3796 3797/3797 3815/3815
f 3797/3797 3816/3816 3815/3815
f 3797/3797 3798/3798 3816/3816
f 3798/3798 3817/3817 3816/3816
f 3798/3798 3799/3799 3817/3817
f 3799/3799 3818/3818 3817/3817
f 3799/3799 3800/3800 3818/3818
f 3800/3800 3819/3819 3818/3818
f 3800/3800 3801/3801 3819/3819
f 3801/3801 3820/3820 3819/3819
f 3801/3801 3802/3802 3820/3820
f 3802/3802 3821/3821 3820/3820
f 3802/3802 3803/3803 3821/3821
f 3803/3803 3822/3822 3821/3821
f 3803/3803 3804/3804 3822/3822
f 3804/3804 3823/3823 3822/3822
f 3804/3804 3805/3805 3823/3823
f 3805/3805 3824/3824 3823/3823
f 3805/3805 3806/3806 3824/3824
f 3806/3806 3825/3825 3824/3824
f 3806/3806 3807/3807 3825/3825
f 3807/3807 3826/3826 3825/3825
f 3807/3807 3808/3808 3826/3826
f 3808/3808 3827/3827 3826/3826
f 3808/3808 3809/3809 3827/3827
f 3809/3809 3828/3828 3827/3827
f 3809/3809 3810/3810 3828/3828
f 3810/3810 3829/3829 3828/3828
f 3810/3810 3811/3811 3829/3829
f 3811/3811 3830/3830 3829/3829
f 3811/3811 3812/3812 3830/3830
f 3812/3812 3813/3813 3830/3830
f 3812/3812 3795/3795 3813/3813
f 3831/3831 3848/3848 3847/3847
f 3831/3831 3832/3832 3848/3848
f 3832/3832 3849/3849 3848/3848
f 3832/3832 3833/3833 3849/3849
f 3833/3833 3850/3850 3849/3849
f 3833/3833 3834/3834 3850/3850
f 3834/3834 3851/3851 3850/3850
f 3834/3834 3835/3835 3851/3851
f 3835/3835 3852/3852 3851/3851
f 3835/3835 3836/3836 3852/3852
f 3836/3836 3853/3853 3852/3852
f 3836/3836 3837/3837 3853/3853
f 3837/3837 3854/3854 3853/3853
f 3837/3837 3838/3838 3854/3854
f 3838/3838 3855/3855 3854/3854
f 3838/3838 3839/3839 3855/3855
f 3839/3839 3856/3856 3855/3855
f 3839/3839 3840/3840 3856/3856
f 3840/3840 3857/3857 3856/3856
f 3840/3840 3841/3841 3857/3857
f 3841/3841 3858/3858 3857/3857
f 3841/3841 3842/3842 3858/3858
f 3842/3842 3859/3859 3858/3858
f 3842/3842 3843/3843 3859/3859
f 3843/3843 3860/3860 3859/3859
f 3843/3843 3844/3844 3860/3860
f 3844/3844 3861/3861 3860/3860
f 3844/3844 3845/3845 3861/3861
f 3845/3845 3862/3862 3861/3861
f 3845/3845 3846/3846 3862/3862
f 3846/3846 3847/3847 3862/3862
f 3846/3846 3831/3831 3847/3847
f 3863/3863 3894/3894 3893/3893
f 3863/3863 3864/3864 3894/3894
f 3864/3864 3895/3895 3894/3894
f 3864/3864 3865/3865 3895/3895
f 3865/3865 3896/3896 3895/3895
f 3865/3865 3866/3866 3896/3896
f 3866/3866 3897/3897 3896/3896
f 3866/3866 3867/3867 3897/3897
f 3867/3867 3898/3898 3897/3897
f 3867/3867 3868/3868 3898/3898
f 3868/3868 3899/3899 3898/3898
f 3868/3868 3869/3869 3899/3899
f 3869/3869 3900/3900 3899/3899
f 3869/3869 3870/3870 3900/3900
f 3870/3870 3901/3901 3900/3900
f 3870/3870 3871/3871 3901/3901
f 3871/3871 3902/3902 3901/3901
f 3871/3871 3872/3872 3902/3902
f 3872/3872 3903/3903 3902/3902
f 3872/3872 3873/3873 3903/3903
f 3873/3873 3904/3904 3903/3903
f 3873/3873 3874/3874 3904/3904
f 3874/3874 3905/3905 3904/3904
f 3874/3874 3875/3875 3905/3905
f 3875/3875 3906/3906 3905/3905
f 3875/3875 3876/3876 3906/3906
f 3876/3876 3907/3907 3906/3906
f 3876/3876 3877/3877 3907/3907
f 3877/3877 3908/3908 3907/3907
f 3877/3877 3878/3878 3908/3908
f 3878/3878 3909/3909 3908/3908
f 3878/3878 3879/3879 3909/3909
f 3879/3879 3910/3910 3909/3909
f 3879/3879 3880/3880 3910/3910
f 3880/3880 3911/3911 3910/3910
f 3880/3880 3881/3881 3911/3911
f 3881/3881 3912/3912 3911/3911
f 3881/3881 3882/3882 3912/3912
f 3882/3882 3913/3913 3912/3912
f 3882/3882 3883/3883 3913/3913
f 3883/3883 3914/3914 3913/3913
f 3883/3883 3884/3884 3914/3914
f 3884/3884 3915/3915 3914/3914
f 3884/3884 3885/3885 3915/3915
f 3885/3885 3916/3916 3915/3915
f 3885/3885 3886/3886 3916/3916
f 3886/3886 3917/3917 3916/3916
f 3886/3886 3887/3887 3917/3917
f 3887/3887 3918/3918 3917/3917
f 3887/3887 3888/3888 3918/3918
f 3888/3888 3919/3919 3918/3918
f 3888/3888 3889/3889 3919/3919
f 3889/3889 3920/3920 3919/3919
f 3889/3889 3890/3890 3920/3920
f 3890/3890 3921/3921 3920/3920
f 3890/3890 3891/3891 3921/3921
f 3891/3891 3922/3922 3921/3921
f 3891/3891 3892/3892 3922/3922
f 3892/3892 3893/3893 3922/3922
f 3892/3892 3863/3863 3893/3893
f 3923/3923 3955/3955 3954/3954
f 3923/3923 3924/3924 3955/3955
f 3924/3924 3956/3956 3955/3955
f 3924/3924 3925/3925 3956/3956
f 3925/3925 3957/3957 3956/3956
f 3925/3925 3926/3926 3957/3957
f 3926/3926 3958/3958 3957/3957
f 3926/3926 3927/3927 3958/3958
f 3927/3927 3959/3959 3958/3958
f 3927/3927 3928/3928 3959/3959
f 3928/3928 3960/3960 3959/3959
f 3928/3928 3929/3929 3960/3960
f 3929/3929 3961/3961 3960/3960
f 3929/3929 3930/3930 3961/3961
f 3930/3930 3962/3962 3961/3961
f 3930/3930 3931/3931 3962/3962
f 3931/3931 3963/3963 3962/3962
f 3931/3931 3932/3932 3963/3963
f 3932/3932 3964/3964 3963/3963
f 3932/3932 3933/3933 3964/3964
f 3933/3933 3965/3965 3964/3964
f 3933/3933 3934/3934 3965/3965
f 3934/3934 3966/3966 3965/3965
f 3934/3934 3935/3935 3966/3966
f 3935/3935 3967/3967 3966/3966
f 3935/3935 3936/3936 3967/3967
f 3936/3936 3968/3968 3967/3967
f 3936/3936 3937/3937 3968/3968
f 3937/3937 3969/3969 3968/3968
f 3937/3937 3938/3938 3969/3969
f 3938/3938 3970/3970 3969/3969
f 3938/3938 3939/3939 3970/3970
f 3939/3939 3971/3971 3970/3970
f 3939/3939 3940/3940 3971/3971
f 3940/3940 3972/3972 3971/3971
f 3940/3940 3941/3941 3972/3972
f 3941/3941 3973/3973 3972/3972
f 3941/3941 3942/3942 3973/3973
f 3942/3942 3974/3974 3973/3973
f 3942/3942 3943/3943 3974/3974
f 3943/3943 3975/3975 3974/3974
f 3943/3943 3944/3944 3975/3975
f 3944/3944 3976/3976 3975/3975
f 3944/3944 3945/3945 3976/3976
f 3945/3945 3977/3977 3976/3976
f 3945/3945 3946/3946 3977/3977
f 3946/3946 3978/3978 3977/3977
f 3946/3946 3947/3947 3978/3978
f 3947/3947 3979/3979 3978/3978
f 3947/3947 3948/3948 3979/3979
f 3948/3948 3980/3980 3979/3979
f 3948/3948 3949/3949 3980/3980
f 3949/3949 3981/3981 3980/3980
f 3949/3949 3950/3950 3981/3981
f 3950/3950 3982/3982 3981/3981
f 3950/3950 3951/3951 3982/3982
f 3951/3951 3983/3983 3982/3982
f 3951/3951 3952/3952 3983/3983
f 3952/3952 3984/3984 3983/3983
f 3952/3952 3953/3953 3984/3984
f 3953/3953 3954/3954 3984/3984
f 3953/3953 3923/3923 3954/3954
f 3985/3985 4017/4017 4016/4016
f 3985/3985 3986/3986 4017/4017
f 3986/3986 4018/4018 4017/4017
f 3986/3986 3987/3987 4018/4018
f 3987/3987 4019/4019 4018/4018
f 3987/3987 3988/3988 4019/4019
f 3988/3988 4020/4020 4019/4019
f 3988/3988 3989/3989 4020/4020
f 3989/3989 4021/4021 4020/4020
f 3989/3989 3990/3990 4021/4021
f 3990/3990 4022/4022 4021/4021
f 3990/3990 3991/3991 4022/4022
f 3991/3991 4023/4023 4022/4022
f 3991/3991 3992/3992 4023/4023
f 3992/3992 4024/4024 4023/4023
f 3992/3992 3993/3993 4024/4024
f 3993/3993 4025/4025 4024/4024
f 3993/3993 3994/3994 4025/4025
f 3994/3994 4026/4026 4025/4025
f 3994/3994 3995/3995 4026/4026
f 3995/3995 4027/4027 4026/4026
f 3995/3995 3996/3996 4027/4027
f 3996/3996 4028/4028 4027/4027
f 3996/3996 3997/3997 4028/4028
f 3997/3997 4029/4029 4028/4028
f 3997/3997 3998/3998 4029/4029
f 3998/3998 4030/4030 4029/4029
f 3998/3998 3999/3999 4030/4030
f 3999/3999 4031/4031 4030/4030
f 3999/3999 4000/4000 4031/4031
f 4000/4000 4032/4032 4031/4031
f 4000/4000 4001/4001 4032/4032
f 4001/4001 4033/4033 4032/4032
f 4001/4001 4002/4002 4033/4033
f 4002/4002 4034/4034 4033/4033
f 4002/4002 4003/4003 4034/4034
f 4003/4003 4035/4035 4034/4034
f 4003/4003 4004/4004 4035/4035
f 4004/4004 4036/4036 4035/4035
f 4004/4004 4005/4005 4036/4036
f 4005/4005 4037/4037 4036/4036
f 4005/4005 4006/4006 4037/4037
f 4006/4006 4038/4038 4037/4037
f 4006/4006 4007/4007 4038/4038
f 4007/4007 4039/4039 4038/4038
f 4007/4007 4008/4008 4039/4039
f 4008/4008 4040/4040 4039/4039
f 4008/4008 4009/4009 4040/4040
f 4009/4009 4041/4041 4040/4040
f 4009/4009 4010/4010 4041/4041
f 4010/4010 4042/4042 4041/4041
f 4010/4010 4011/4011 4042/4042
f 4011/4011 4043/4043 4042/4042
f 4011/4011 4012/4012 4043/4043
f 4012/4012 4044/4044 4043/4043
f 4012/4012 4013/4013 4044/4044
f 4013/4013 4045/4045 4044/4044
f 4013/4013 4014/4014 4045/4045
f 4014/4014 4046/4046 4045/4045
f 4014/4014 4015/4015 4046/4046
f 4015/4015 4016/4016 4046/4046
f 4015/4015 3985/3985 4016/4016
f 4047/4047 4080/4080 4079/4079
f 4047/4047 4048/4048 4080/4080
f 4048/4048 4081/4081 4080/4080
f 4048/4048 4049/4049 4081/4081
f 4049/4049 4082/4082 4081/4081
f 4049/4049 4050/4050 4082/4082
f 4050/4050 4083/4083 4082/4082
f 4050/4050 4051/4051 4083/4083
f 4051/4051 4084/4084 4083/4083
f 4051/4051 4052/4052 4084/4084
f 4052/4052 4085/4085 4084/4084
f 4052/4052 4053/4053 4085/4085
f 4053/4053 4086/4086 4085/4085
f 4053/4053 4054/4054 4086/4086
f 4054/4054 4087/4087 4086/4086
f 4054/4054 4055/4055 4087/4087
f 4055/4055 4088/4088 4087/4087
f 4055/4055 4056/4056 4088/4088
f 4056/4056 4089/4089 4088/4088
f 4056/4056 4057/4057 4089/4089
f 4057/4057 4090/4090 4089/4089
f 4057/4057 4058/4058 4090/4090
f 4058/4058 4091/4091 4090/4090
f 4058/4058 4059/4059 4091/4091
f 4059/4059 4092/4092 4091/4091
f 4059/4059 4060/4060 4092/4092
f 4060/4060 4093/4093 4092/4092
f 4060/4060 4061/4061 4093/4093
f 4061/4061 4094/4094 4093/4093
f 4061/4061 4062/4062 4094/4094
f 4062/4062 4095/4095 4094/4094
f 4062/4062 4063/4063 4095/4095
f 4063/4063 4096/4096 4095/4095
f 4063/4063 4064/4064 4096/4096
f 4064/4064 4097/4097 4096/4096
f 4064/4064 4065/4065 4097/4097
f 4065/4065 4098/4098 4097/4097
f 4065/4065 4066/4066 4098/4098
f 4066/4066 4099/4099 4098/4098
f 4066/4066 4067/4067 4099/4099
f 4067/4067 4100/4100 4099/4099
f 4067/4067 4068/4068 4100/4100
f 4068/4068 4101/4101 4100/4100
f 4068/4068 4069/4069 4101/4101
f 4069/4069 4102/4102 4101/4101
f 4069/4069 4070/4070 4102/4102
f 4070/4070 4103/4103 4102/4102
f 4070/4070 4071/4071 4103/4103
f 4071/4071 4104/4104 4103/4103
f 4071/4071 4072/4072 4104/4104
f 4072/4072 4105/4105 4104/4104
f 4072/4072 4073/4073 4105/4105
f 4073/4073 4106/4106 4105/4105
f 4073/4073 4074/4074 4106/4106
f 4074/4074 4107/4107 4106/4106
f 4074/4074 4075/4075 4107/4107
f 4075/4075 4108/4108 4107/4107
f 4075/4075 4076/4076 4108/4108
f 4076/4076 4109/4109 4108/4108
f 4076/4076 4077/4077 4109/4109
f 4077/4077 4110/4110 4109/4109
f 4077/4077 4078/4078 4110/4110
f 4078/4078 4079/4079 4110/4110
f 4078/4078 4047/4047 4079/4079
f 4111/4111 4157/4157 4156/4156
f 4111/4111 4112/4112 4157/4157
f 4112/4112 4158/4158 4157/4157
f 4112/4112 4113/4113 4158/4158
f 4113/4113 4159/4159 4158/4158
f 4113/4113 4114/4114 4159/4159
f 4114/4114 4160/4160 4159/4159
f 4114/4114 4115/4115 4160/4160
f 4115/4115 4161/4161 4160/4160
f 4115/4115 4116/4116 4161/4161
f 4116/4116 4162/4162 4161/4161
f 4116/4116 4117/4117 4162/4162
f 4117/4117 4163/4163 4162/4162
f 4117/4117 4118/4118 4163/4163
f 4118/4118 4164/4164 4163/4163
f 4118/4118 4119/4119 4164/4164
f 4119/4119 4165/4165 4164/4164
f 4119/4119 4120/4120 4165/4165
f 4120/4120 4166/4166 4165/4165
f 4120/4120 4121/4121 4166/4166
f 4121/4121 4167/4167 4166/4166
f 4121/4121 4122/4122 4167/4167
f 4122/4122 4168/4168 4167/4167
f 4122/4122 4123/4123 4168/4168
f 4123/4123 4169/4169 4168/4168
f 4123/4123 4124/4124 4169/4169
f 4124/4124 4170/4170 4169/4169
f 4124/4124 4125/4125 4170/4170
f 4125/4125 4171/4171 4170/4170
f 4125/4125 4126/4126 4171/4171
f 4126/4126 4172/4172 4171/4171
f 4126/4126 4127/4127 4172/4172
f 4127/4127 4173/4173 4172/4172
f 4127/4127 4128/4128 4173/4173
f 4128/4128 4174/4174 4173/4173
f 4128/4128 4129/4129 4174/4174
f 4129/4129 4175/4175 4174/4174
f 4129/4129 4130/4130 4175/4175
f 4130/4130 4176/4176 4175/4175
f 4130/4130 4131/4131 4176/4176
f 4131/4131 4177/4177 4176/4176
f 4131/4131 4132/4132 4177/4177
f 4132/4132 4178/4178 4177/4177
f 4132/4132 4133/4133 4178/4178
f 4133/4133 4179/4179 4178/4178
f 4133/4133 4134/4134 4179/4179
f 4134/4134 4180/4180 4179/4179
f 4134/4134 4135/4135 4180/4180
f 4135/4135 4181/4181 4180/4180
f 4135/4135 4136/4136 4181/4181
f 4136/4136 4182/4182 4181/4181
f 4136/4136 4137/4137 4182/4182
f 4137/4137 4183/4183 4182/4182
f 4137/4137 4138/4138 4183/4183
f 4138/4138 4184/4184 4183/4183
f 4138/4138 4139/4139 4184/4184
f 4139/4139 4185/4185 4184/4184
f 4139/4139 4140/4140 4185/4185
f 4140/4140 4186/4186 4185/4185
f 4140/4140 4141/4141 4186/4186
f 4141/4141 4187/4187 4186/4186
f 4141/4141 4142/4142 4187/4187
f 4142/4142 4188/4188 4187/4187
f 4142/4142 4143/4143 4188/4188
f 4143/4143 4189/4189 4188/4188
f 4143/4143 4144/4144 4189/4189
f 4144/4144 4190/4190 4189/4189
f 4144/4144 4145/4145 4190/4190
f 4145/4145 4191/4191 4190/4190
f 4145/4145 4146/4146 4191/4191
f 4146/4146 4192/4192 4191/4191
f 4146/4146 4147/4147 4192/4192
f 4147/4147 4193/4193 4192/4192
f 4147/4147 4148/4148 4193/4193
f 4148/4148 4194/4194 4193/4193
f 4148/4148 4149/4149 4194/4194
f 4149/4149 4195/4195 4194/4194
f 4149/4149 4150/4150 4195/4195
f 4150/4150 4196/4196 4195/4195
f 4150/4150 4151/4151 4196/4196
f 4151/4151 4197/4197 4196/4196
f 4151/4151 4152/4152 4197/4197
f 4152/4152 4198/4198 4197/4197
f 4152/4152 4153/4153 4198/4198
f 4153/4153 4199/4199 4198/4198
f 4153/4153 4154/4154 4199/4199
f 4154/4154 4200/4200 4199/4199
f 4154/4154 4155/4155 4200/4200
f 4155/4155 4156/4156 4200/4200
f 4155/4155 4111/4111 4156/4156
f 4201/4201 4208/4208 4207/4207
f 4201/4201 4202/4202 4208/4208
f 4202/4202 4209/4209 4208/4208
f 4202/4202 4203/4203 4209/4209
f 4203/4203 4210/4210 4209/4209
f 4203/4203 4204/4204 4210/4210
f 4204/4204 4211/4211 4210/4210
f 4204/4204 4205/4205 4211/4211
f 4205/4205 4212/4212 4211/4211
f 4205/4205 4206/4206 4212/4212
f 4206/4206 4207/4207 4212/4212
f 4206/4206 4201/4201 4207/4207
f 4213/4213 4220/4220 4219/4219
f 4213/4213 4214/4214 4220/4220
f 4214/4214 4221/4221 4220/4220
f 4214/4214 4215/4215 4221/4221
f 4215/4215 4222/4222 4221/4221
f 4215/4215 4216/4216 4222/4222
f 4216/4216 4223/4223 4222/4222
f 4216/4216 4217/4217 4223/4223
f 4217/4217 4224/4224 4223/4223
f 4217/4217 4218/4218 4224/4224
f 4218/4218 4219/4219 4224/4224
f 4218/4218 4213/4213 4219/4219
f 4225/4225 4232/4232 4231/4231
f 4225/4225 4226/4226 4232/4232
f 4226/4226 4233/4233 4232/4232
f 4226/4226 4227/4227 4233/4233
f 4227/4227 4234/4234 4233/4233
f 4227/4227 4228/4228 4234/4234
f 4228/4228 4235/4235 4234/4234
f 4228/4228 4229/4229 4235/4235
f 4229/4229 4236/4236 4235/4235
f 4229/4229 4230/4230 4236/4236
f 4230/4230 4231/4231 4236/4236
f 4230/4230 4225/4225 4231/4231
f 4237/4237 4244/4244 4243/4243
f 4237/4237 4238/4238 4244/4244
f 4238/4238 4245/4245 4244/4244
f 4238/4238 4239/4239 4245/4245
f 4239/4239 4246/4246 4245/4245
f 4239/4239 4240/4240 4246/4246
f 4240/4240 4247/4247 4246/4246
f 4240/4240 4241/4241 4247/4247
f 4241/4241 4248/4248 4247/4247
f 4241/4241 4242/4242 4248/4248
f 4242/4242 4243/4243 4248/4248
f 4242/4242 4237/4237 4243/4243
f 4249/4249 4256/4256 4255/4255
f 4249/4249 4250/4250 4256/4256
f 4250/4250 4257/4257 4256/4256
f 4250/4250 4251/4251 4257/4257
f 4251/4251 4258/4258 4257/4257
f 4251/4251 4252/4252 4258/4258
f 4252/4252 4259/4259 4258/4258
f 4252/4252 4253/4253 4259/4259
f 4253/4253 4260/4260 4259/4259
f 4253/4253 4254/4254 4260/4260
f 4254/4254 4255/4255 4260/4260
f 4254/4254 4249/4249 4255/4255
f 4261/4261 4266/4266 4265/4265
f 4261/4261 4262/4262 4266/4266
f 4262/4262 4267/4267 4266/4266
f 4262/4262 4263/4263 4267/4267
f 4263/4263 4268/4268 4267/4267
f 4263/4263 4264/4264 4268/4268
f 4264/4264 4265/4265 4268/4268
f 4264/4264 4261/4261 4265/4265
f 4269/4269 4290/4290 4289/4289
f 4269/4269 4270/4270 4290/4290
f 4270/4270 4291/4291 4290/4290
f 4270/4270 4271/4271 4291/4291
f 4271/4271 4292/4292 4291/4291
f 4271/4271 4272/4272 4292/4292
f 4272/4272 4293/4293 4292/4292
f 4272/4272 4273/4273 4293/4293
f 4273/4273 4294/4294 4293/4293
f 4273/4273 4274/4274 4294/4294
f 4274/4274 4295/4295 4294/4294
f 4274/4274 4275/4275 4295/4295
f 4275/4275 4296/4296 4295/4295
f 4275/4275 4276/4276 4296/4296
f 4276/4276 4297/4297 4296/4296
f 4276/4276 4277/4277 4297/4297
f 4277/4277 4298/4298 4297/4297
f 4277/4277 4278/4278 4298/4298
f 4278/4278 4299/4299 4298/4298
f 4278/4278 4279/4279 4299/4299
f 4279/4279 4300/4300 4299/4299
f 4279/4279 4280/4280 4300/4300
f 4280/4280 4301/4301 4300/4300
f 4280/4280 4281/4281 4301/4301
f 4281/4281 4302/4302 4301/4301
f 4281/4281 4282/4282 4302/4302
f 4282/4282 4303/4303 4302/4302
f 4282/4282 4283/4283 4303/4303
f 4283/4283 4304/4304 4303/4303
f 4283/4283 4284/4284 4304/4304
f 4284/4284 4305/4305 4304/4304
f 4284/4284 4285/4285 4305/4305
f 4285/4285 4306/4306 4305/4305
f 4285/4285 4286/4286 4306/4306
f 4286/4286 4307/4307 4306/4306
f 4286/4286 4287/4287 4307/4307
f 4287/4287 4308/4308 4307/4307
f 4287/4287 4288/4288 4308/4308
f 4288/4288 4289/4289 4308/4308
f 4288/4288 4269/4269 4289/4289
f 4309/4309 4503/4503 4502/4502
f 4309/4309 4310/4310 4503/4503
f 4310/4310 4504/4504 4503/4503
f 4310/4310 4311/4311 4504/4504
f 4311/4311 4505/4505 4504/4504
f 4311/4311 4312/4312 4505/4505
f 4312/4312 4506/4506 4505/4505
f 4312/4312 4313/4313 4506/4506
f 4313/4313 4507/4507 4506/4506
f 4313/4313 4314/4314 4507/4507
f 4314/4314 4508/4508 4507/4507
f 4314/4314 4315/4315 4508/4508
f 4315/4315 4509/4509 4508/4508
f 4315/4315 4316/4316 4509/4509
f 4316/4316 4510/4510 4509/4509
f 4316/4316 4317/4317 4510/4510
f 4317/4317 4511/4511 4510/4510
f 4317/4317 4318/4318 4511/4511
f 4318/4318 4512/4512 4511/4511
f 4318/4318 4319/4319 4512/4512
f 4319/4319 4513/4513 4512/4512
f 4319/4319 4320/4320 4513/4513
f 4320/4320 4514/4514 4513/4513
f 4320/4320 4321/4321 4514/4514
f 4321/4321 4515/4515 4514/4514
f 4321/4321 4322/4322 4515/4515
f 4322/4322 4516/4516 4515/4515
f 4322/4322 4323/4323 4516/4516
f 4323/4323 4517/4517 4516/4516
f 4323/4323 4324/4324 4517/4517
f 4324/4324 4518/4518 4517/4517
f 4324/4324 4325/4325 4518/4518
f 4325/4325 4519/4519 4518/4518
f 4325/4325 4326/4326 4519/4519
f 4326/4326 4520/4520 4519/4519
f 4326/4326 4327/4327 4520/4520
f 4327/4327 4521/4521 4520/4520
f 4327/4327 4328/4328 4521/4521
f 4328/4328 4522/4522 4521/4521
f 4328/4328 4329/4329 4522/4522
f 4329/4329 4523/4523 4522/4522
f 4329/4329 4330/4330 4523/4523
f 4330/4330 4524/4524 4523/4523
f 4330/4330 4331/4331 4524/4524
f 4331/4331 4525/4525 4524/4524
f 4331/4331 4332/4332 4525/4525
f 4332/4332 4526/4526 4525/4525
f 4332/4332 4333/4333 4526/4526
f 4333/4333 4527/4527 4526/4526
f 4333/4333 4334/4334 4527/4527
f 4334/4334 4528/4528 4527/4527
f 4334/4334 4335/4335 4528/4528
f 4335/4335 4529/4529 4528/4528
f 4335/4335 4336/4336 4529/4529
f 4336/4336 4530/4530 4529/4529
f 4336/4336 4337/4337 4530/4530
f 4337/4337 4531/4531 4530/4530
f 4337/4337 4338/4338 4531/4531
f 4338/4338 4532/4532 4531/4531
f 4338/4338 4339/4339 4532/4532
f 4339/4339 4533/4533 4532/4532
f 4339/4339 4340/4340 4533/4533
f 4340/4340 4534/4534 4533/4533
f 4340/4340 4341/4341 4534/4534
f 4341/4341 4535/4535 4534/4534
f 4341/4341 4342/4342 4535/4535
f 4342/4342 4536/4536 4535/4535
f 4342/4342 4343/4343 4536/4536
f 4343/4343 4537/4537 4536/4536
f 4343/4343 4344/4344 4537/4537
f 4344/4344 4538/4538 4537/4537
f 4344/4344 4345/4345 4538/4538
f 4345/4345 4539/4539 4538/4538
f 4345/4345 4346/4346 4539/4539
f 4346/4346 4540/4540 4539/4539
f 4346/4346 4347/4347 4540/4540
f 4347/4347 4541/4541 4540/4540
f 4347/4347 4348/4348 4541/4541
f 4348/4348 4542/4542 4541/4541
f 4348/4348 4349/4349 4542/4542
f 4349/4349 4543/4543 4542/4542
f 4349/4349 4350/4350 4543/4543
f 4350/4350 4544/4544 4543/4543
f 4350/4350 4351/4351 4544/4544
f 4351/4351 4545/4545 4544/4544
f 4351/4351 4352/4352 4545/4545
f 4352/4352 4546/4546 4545/4545
f 4352/4352 4353/4353 4546/4546
f 4353/4353 4547/4547 4546/4546
f 4353/4353 4354/4354 4547/4547
f 4354/4354 4548/4548 4547/4547
f 4354/4354 4355/4355 4548/4548
f 4355/4355 4549/4549 4548/4548
f 4355/4355 4356/4356 4549/4549
f 4356/4356 4550/4550 4549/4549
f 4356/4356 4357/4357 4550/4550
f 4357/4357 4551/4551 4550/4550
f 4357/4357 4358/4358 4551/4551
f 4358/4358 4552/4552 4551/4551
f 4358/4358 4359/4359 4552/4552
f 4359/4359 4553/4553 4552/4552
f 4359/4359 4360/4360 4553/4553
f 4360/4360 4554/4554 4553/4553
f 4360/4360 4361/4361 4554/4554
f 4361/4361 4555/4555 4554/4554
f 4361/4361 4362/4362 4555/4555
f 4362/4362 4556/4556 4555/4555
f 4362/4362 4363/4363 4556/4556
f 4363/4363 4557/4557 4556/4556
f 4363/4363 4364/4364 4557/4557
f 4364/4364 4558/4558 4557/4557
f 4364/4364 4365/4365 4558/4558
f 4365/4365 4559/4559 4558/4558
f 4365/4365 4366/4366 4559/4559
f 4366/4366 4560/4560 4559/4559
f 4366/4366 4367/4367 4560/4560
f 4367/4367 4561/4561 4560/4560
f 4367/4367 4368/4368 4561/4561
f 4368/4368 4562/4562 4561/4561
f 4368/4368 4369/4369 4562/4562
f 4369/4369 4563/4563 4562/4562
f 4369/4369 4370/4370 4563/4563
f 4370/4370 4564/4564 4563/4563
f 4370/4370 4371/4371 4564/4564
f 4371/4371 4565/4565 4564/4564
f 4371/4371 4372/4372 4565/4565
f 4372/4372 4566/4566 4565/4565
f 4372/4372 4373/4373 4566/4566
f 4373/4373 4567/4567 4566/4566
f 4373/4373 4374/4374 4567/4567
f 4374/4374 4568/4568 4567/4567
f 4374/4374 4375/4375 4568/4568
f 4375/4375 4569/4569 4568/4568
f 4375/4375 4376/4376 4569/4569
f 4376/4376 4570/4570 4569/4569
f 4376/4376 4377/4377 4570/4570
f 4377/4377 4571/4571 4570/4570
f 4377/4377 4378/4378 4571/4571
f 4378/4378 4572/4572 4571/4571
f 4378/4378 4379/4379 4572/4572
f 4379/4379 4573/4573 4572/4572
f 4379/4379 4380/4380 4573/4573
f 4380/4380 4574/4574 4573/4573
f 4380/4380 4381/4381 4574/4574
f 4381/4381 4575/4575 4574/4574
f 4381/4381 4382/4382 4575/4575
f 4382/4382 4576/4576 4575/4575
f 4382/4382 4383/4383 4576/4576
f 4383/4383 4577/4577 4576/4576
f 4383/4383 4384/4384 4577/4577
f 4384/4384 4578/4578 4577/4577
f 4384/4384 4385/4385 4578/4578
f 4385/4385 4579/4579 4578/4578
f 4385/4385 4386/4386 4579/4579
f 4386/4386 4580/4580 4579/4579
f 4386/4386 4387/4387 4580/4580
f 4387/4387 4581/4581 4580/4580
f 4387/4387 4388/4388 4581/4581
f 4388/4388 4582/4582 4581/4581
f 4388/4388 4389/4389 4582/4582
f 4389/4389 4583/4583 4582/4582
f 4389/4389 4390/4390 4583/4583
f 4390/4390 4584/4584 4583/4583
f 4390/4390 4391/4391 4584/4584
f 4391/4391 4585/4585 4584/4584
f 4391/4391 4392/4392 4585/4585
f 4392/4392 4586/4586 4585/4585
f 4392/4392 4393/4393 4586/4586
f 4393/4393 4587/4587 4586/4586
f 4393/4393 4394/4394 4587/4587
f 4394/4394 4588/4588 4587/4587
f 4394/4394 4395/4395 4588/4588
f 4395/4395 4589/4589 4588/4588
f 4395/4395 4396/4396 4589/4589
f 4396/4396 4590/4590 4589/4589
f 4396/4396 4397/4397 4590/4590
f 4397/4397 4591/4591 4590/4590
f 4397/4397 4398/4398 4591/4591
f 4398/4398 4592/4592 4591/4591
f 4398/4398 4399/4399 4592/4592
f 4399/4399 4593/4593 4592/4592
f 4399/4399 4400/4400 4593/4593
f 4400/4400 4594/4594 4593/4593
f 4400/4400 4401/4401 4594/4594
f 4401/4401 4595/4595 4594/4594
f 4401/4401 4402/4402 4595/4595
f 4402/4402 4596/4596 4595/4595
f 4402/4402 4403/4403 4596/4596
f 4403/4403 4597/4597 4596/4596
f 4403/4403 4404/4404 4597/4597
f 4404/4404 4598/4598 4597/4597
f 4404/4404 4405/4405 4598/4598
f 4405/4405 4599/4599 4598/4598
f 4405/4405 4406/4406 4599/4599
f 4406/4406 4600/4600 4599/4599
f 4406/4406 4407/4407 4600/4600
f 4407/4407 4601/4601 4600/4600
f 4407/4407 4408/4408 4601/4601
f 4408/4408 4602/4602 4601/4601
f 4408/4408 4409/4409 4602/4602
f 4409/4409 4603/4603 4602/4602
f 4409/4409 4410/4410 4603/4603
f 4410/4410 4604/4604 4603/4603
f 4410/4410 4411/4411 4604/4604
f 4411/4411 4605/4605 4604/4604
f 4411/4411 4412/4412 4605/4605
f 4412/4412 4606/4606 4605/4605
f 4412/4412 4413/4413 4606/4606
f 4413/4413 4607/4607 4606/4606
f 4413/4413 4414/4414 4607/4607
f 4414/4414 4608/4608 4607/4607
f 4414/4414 4415/4415 4608/4608
f 4415/4415 4609/4609 4608/4608
f 4415/4415 4416/4416 4609/4609
f 4416/4416 4610/4610 4609/4609
f 4416/4416 4417/4417 4610/4610
f 4417/4417 4611/4611 4610/4610
f 4417/4417 4418/4418 4611/4611
f 4418/4418 4612/4612 4611/4611
f 4418/4418 4419/4419 4612/4612
f 4419/4419 4613/4613 4612/4612
f 4419/4419 4420/4420 4613/4613
f 4420/4420 4614/4614 4613/4613
f 4420/4420 4421/4421 4614/4614
f 4421/4421 4615/4615 4614/4614
f 4421/4421 4422/4422 4615/4615
f 4422/4422 4616/4616 4615/4615
f 4422/4422 4423/4423 4616/4616
f 4423/4423 4617/4617 4616/4616
f 4423/4423 4424/4424 4617/4617
f 4424/4424 4618/4618 4617/4617
f 4424/4424 4425/4425 4618/4618
f 4425/4425 4619/4619 4618/4618
f 4425/4425 4426/4426 4619/4619
f 4426/4426 4620/4620 4619/4619
f 4426/4426 4427/4427 4620/4620
f 4427/4427 4621/4621 4620/4620
f 4427/4427 4428/4428 4621/4621
f 4428/4428 4622/4622 4621/4621
f 4428/4428 4429/4429 4622/4622
f 4429/4429 4623/4623 4622/4622
f 4429/4429 4430/4430 4623/4623
f 4430/4430 4624/4624 4623/4623
f 4430/4430 4431/4431 4624/4624
f 4431/4431 4625/4625 4624/4624
f 4431/4431 4432/4432 4625/4625
f 4432/4432 4626/4626 4625/4625
f 4432/4432 4433/4433 4626/4626
f 4433/4433 4627/4627 4626/4626
f 4433/4433 4434/4434 4627/4627
f 4434/4434 4628/4628 4627/4627
f 4434/4434 4435/4435 4628/4628
f 4435/4435 4629/4629 4628/4628
f 4435/4435 4436/4436 4629/4629
f 4436/4436 4630/4630 4629/4629
f 4436/4436 4437/4437 4630/4630
f 4437/4437 4631/4631 4630/4630
f 4437/4437 4438/4438 4631/4631
f 4438/4438 4632/4632 4631/4631
f 4438/4438 4439/4439 4632/4632
f 4439/4439 4633/4633 4632/4632
f 4439/4439 4440/4440 4633/4633
f 4440/4440 4634/4634 4633/4633
f 4440/4440 4441/4441 4634/4634
f 4441/4441 4635/4635 4634/4634
f 4441/4441 4442/4442 4635/4635
f 4442/4442 4636/4636 4635/4635
f 4442/4442 4443/4443 4636/4636
f 4443/4443 4637/4637 4636/4636
f 4443/4443 4444/4444 4637/4637
f 4444/4444 4638/4638 4637/4637
f 4444/4444 4445/4445 4638/4638
f 4445/4445 4639/4639 4638/4638
f 4445/4445 4446/4446 4639/4639
f 4446/4446 4640/4640 4639/4639
f 4446/4446 4447/4447 4640/4640
f 4447/4447 4641/4641 4640/4640
f 4447/4447 4448/4448 4641/4641
f 4448/4448 4642/4642 4641/4641
f 4448/4448 4449/4449 4642/4642
f 4449/4449 4643/4643 4642/4642
f 4449/4449 4450/4450 4643/4643
f 4450/4450 4644/4644 4643/4643
f 4450/4450 4451/4451 4644/4644
f 4451/4451 4645/4645 4644/4644
f 4451/4451 4452/4452 4645/4645
f 4452/4452 4646/4646 4645/4645
f 4452/4452 4453/4453 4646/4646
f 4453/4453 4647/4647 4646/4646
f 4453/4453 4454/4454 4647/4647
f 4454/4454 4648/4648 4647/4647
f 4454/4454 4455/4455 4648/4648
f 4455/4455 4649/4649 4648/4648
f 4455/4455 4456/4456 4649/4649
f 4456/4456 4650/4650 4649/4649
f 4456/4456 4457/4457 4650/4650
f 4457/4457 4651/4651 4650/4650
f 4457/4457 4458/4458 4651/4651
f 4458/4458 4652/4652 4651/4651
f 4458/4458 4459/4459 4652/4652
f 4459/4459 4653/4653 4652/4652
f 4459/4459 4460/4460 4653/4653
f 4460/4460 4654/4654 4653/4653
f 4460/4460 4461/4461 4654/4654
f 4461/4461 4655/4655 4654/4654
f 4461/4461 4462/4462 4655/4655
f 4462/4462 4656/4656 4655/4655
f 4462/4462 4463/4463 4656/4656
f 4463/4463 4657/4657 4656/4656
f 4463/4463 4464/4464 4657/4657
f 4464/4464 4658/4658 4657/4657
f 4464/4464 4465/4465 4658/4658
f 4465/4465 4659/4659 4658/4658
f 4465/4465 4466/4466 4659/4659
f 4466/4466 4660/4660 4659/4659
f 4466/4466 4467/4467 4660/4660
f 4467/4467 4661/4661 4660/4660
f 4467/4467 4468/4468 4661/4661
f 4468/4468 4662/4662 4661/4661
f 4468/4468 4469/4469 4662/4662
f 4469/4469 4663/4663 4662/4662
f 4469/4469 4470/4470 4663/4663
f 4470/4470 4664/4664 4663/4663
f 4470/4470 4471/4471 4664/4664
f 4471/4471 4665/4665 4664/4664
f 4471/4471 4472/4472 4665/4665
f 4472/4472 4666/4666 4665/4665
f 4472/4472 4473/4473 4666/4666
f 4473/4473 4667/4667 4666/4666
f 4473/4473 4474/4474 4667/4667
f 4474/4474 4668/4668 4667/4667
f 4474/4474 4475/4475 4668/4668
f 4475/4475 4669/4669 4668/4668
f 4475/4475 4476/4476 4669/4669
f 4476/4476 4670/4670 4669/4669
f 4476/4476 4477/4477 4670/4670
f 4477/4477 4671/4671 4670/4670
f 4477/4477 4478/4478 4671/4671
f 4478/4478 4672/4672 4671/4671
f 4478/4478 4479/4479 4672/4672
f 4479/4479 4673/4673 4672/4672
f 4479/4479 4480/4480 4673/4673
f 4480/4480 4674/4674 4673/4673
f 4480/4480 4481/4481 4674/4674
f 4481/4481 4675/4675 4674/4674
f 4481/4481 4482/4482 4675/4675
f 4482/4482 4676/4676 4675/4675
f 4482/4482 4483/4483 4676/4676
f 4483/4483 4677/4677 4676/4676
f 4483/4483 4484/4484 4677/4677
f 4484/4484 4678/4678 4677/4677
f 4484/4484 4485/4485 4678/4678
f 4485/4485 4679/4679 4678/4678
f 4485/4485 4486/4486 4679/4679
f 4486/4486 4680/4680 4679/4679
f 4486/4486 4487/4487 4680/4680
f 4487/4487 4681/4681 4680/4680
f 4487/4487 4488/4488 4681/4681
f 4488/4488 4682/4682 4681/4681
f 4488/4488 4489/4489 4682/4682
f 4489/4489 4683/4683 4682/4682
f 4489/4489 4490/4490 4683/4683
f 4490/4490 4684/4684 4683/4683
f 4490/4490 4491/4491 4684/4684
f 4491/4491 4685/4685 4684/4684
f 4491/4491 4492/4492 4685/4685
f 4492/4492 4686/4686 4685/4685
f 4492/4492 4493/4493 4686/4686
f 4493/4493 4687/4687 4686/4686
f 4493/4493 4494/4494 4687/4687
f 4494/4494 4688/4688 4687/4687
f 4494/4494 4495/4495 4688/4688
f 4495/4495 4689/4689 4688/4688
f 4495/4495 4496/4496 4689/4689
f 4496/4496 4690/4690 4689/4689
f 4496/4496 4497/4497 4690/4690
f 4497/4497 4691/4691 4690/4690
f 4497/4497 4498/4498 4691/4691
f 4498/4498 4692/4692 4691/4691
f 4498/4498 4499/4499 4692/4692
f 4499/4499 4693/4693 4692/4692
f 4499/4499 4500/4500 4693/4693
f 4500/4500 4694/4694 4693/4693
f 4500/4500 4501/4501 4694/4694
f 4501/4501 4502/4502 4694/4694
f 4501/4501 4309/4309 4502/4502
f 4695/4695 4713/4713 4712/4712
f 4695/4695 4696/4696 4713/4713
f 4696/4696 4714/4714 4713/4713
f 4696/4696 4697/4697 4714/4714
f 4697/4697 4715/4715 4714/4714
f 4697/4697 4698/4698 4715/4715
f 4698/4698 4716/4716 4715/4715
f 4698/4698 4699/4699 4716/4716
f 4699/4699 4717/4717 4716/4716
f 4699/4699 4700/4700 4717/4717
f 4700/4700 4718/4718 4717/4717
f 4700/4700 4701/4701 4718/4718
f 4701/4701 4719/4719 4718/4718
f 4701/4701 4702/4702 4719/4719
f 4702/4702 4720/4720 4719/4719
f 4702/4702 4703/4703 4720/4720
f 4703/4703 4721/4721 4720/4720
f 4703/4703 4704/4704 4721/4721
f 4704/4704 4722/4722 4721/4721
f 4704/4704 4705/4705 4722/4722
f 4705/4705 4723/4723 4722/4722
f 4705/4705 4706/4706 4723/4723
f 4706/4706 4724/4724 4723/4723
f 4706/4706 4707/4707 4724/4724
f 4707/4707 4725/4725 4724/4724
f 4707/4707 4708/4708 4725/4725
f 4708/4708 4726/4726 4725/4725
f 4708/4708 4709/4709 4726/4726
f 4709/4709 4727/4727 4726/4726
f 4709/4709 4710/4710 4727/4727
f 4710/4710 4728/4728 4727/4727
f 4710/4710 4711/4711 4728/4728
f 4711/4711 4712/4712 4728/4728
f 4711/4711 4695/4695 4712/4712
f 4729/4729 4736/4736 4735/4735
f 4729/4729 4730/4730 4736/4736
f 4730/4730 4737/4737 4736/4736
f 4730/4730 4731/4731 4737/4737
f 4731/4731 4738/4738 4737/4737
f 4731/4731 4732/4732 4738/4738
f 4732/4732 4739/4739 4738/4738
f 4732/4732 4733/4733 4739/4739
f 4733/4733 4740/4740 4739/4739
f 4733/4733 4734/4734 4740/4740
f 4734/4734 4735/4735 4740/4740
f 4734/4734 4729/4729 4735/4735
f 4741/4741 4746/4746 4745/4745
f 4741/4741 4742/4742 4746/4746
f 4742/4742 4747/4747 4746/4746
f 4742/4742 4743/4743 4747/4747
f 4743/4743 4748/4748 4747/4747
f 4743/4743 4744/4744 4748/4748
f 4744/4744 4745/4745 4748/4748
f 4744/4744 4741/4741 4745/4745
f 4749/4749 4767/4767 4766/4766
f 4749/4749 4750/4750 4767/4767
f 4750/4750 4768/4768 4767/4767
f 4750/4750 4751/4751 4768/4768
f 4751/4751 4769/4769 4768/4768
f 4751/4751 4752/4752 4769/4769
f 4752/4752 4770/4770 4769/4769
f 4752/4752 4753/4753 4770/4770
f 4753/4753 4771/4771 4770/4770
f 4753/4753 4754/4754 4771/4771
f 4754/4754 4772/4772 4771/4771
f 4754/4754 4755/4755 4772/4772
f 4755/4755 4773/4773 4772/4772
f 4755/4755 4756/4756 4773/4773
f 4756/4756 4774/4774 4773/4773
f 4756/4756 4757/4757 4774/4774
f 4757/4757 4775/4775 4774/4774
f 4757/4757 4758/4758 4775/4775
f 4758/4758 4776/4776 4775/4775
f 4758/4758 4759/4759 4776/4776
f 4759/4759 4777/4777 4776/4776
f 4759/4759 4760/4760 4777/4777
f 4760/4760 4778/4778 4777/4777
f 4760/4760 4761/4761 4778/4778
f 4761/4761 4779/4779 4778/4778
f 4761/4761 4762/4762 4779/4779
f 4762/4762 4780/4780 4779/4779
f 4762/4762 4763/4763 4780/4780
f 4763/4763 4781/4781 4780/4780
f 4763/4763 4764/4764 4781/4781
f 4764/4764 4782/4782 4781/4781
f 4764/4764 4765/4765 4782/4782
f 4765/4765 4766/4766 4782/4782
f 4765/4765 4749/4749 4766/4766
f 4783/4783 4790/4790 4789/4789
f 4783/4783 4784/4784 4790/4790
f 4784/4784 4791/4791 4790/4790
f 4784/4784 4785/4785 4791/4791
f 4785/4785 4792/4792 4791/4791
f 4785/4785 4786/4786 4792/4792
f 4786/4786 4793/4793 4792/4792
f 4786/4786 4787/4787 4793/4793
f 4787/4787 4794/4794 4793/4793
f 4787/4787 4788/4788 4794/4794
f 4788/4788 4789/4789 4794/4794
f 4788/4788 4783/4783 4789/4789
f 4795/4795 4802/4802 4801/4801
f 4795/4795 4796/4796 4802/4802
f 4796/4796 4803/4803 4802/4802
f 4796/4796 4797/4797 4803/4803
f 4797/4797 4804/4804 4803/4803
f 4797/4797 4798/4798 4804/4804
f 4798/4798 4805/4805 4804/4804
f 4798/4798 4799/4799 4805/4805
f 4799/4799 4806/4806 4805/4805
f 4799/4799 4800/4800 4806/4806
f 4800/4800 4801/4801 4806/4806
f 4800/4800 4795/4795 4801/4801
f 4807/4807 4828/4828 4827/4827
f 4807/4807 4808/4808 4828/4828
f 4808/4808 4829/4829 4828/4828
f 4808/4808 4809/4809 4829/4829
f 4809/4809 4830/4830 4829/4829
f 4809/4809 4810/4810 4830/4830
f 4810/4810 4831/4831 4830/4830
f 4810/4810 4811/4811 4831/4831
f 4811/4811 4832/4832 4831/4831
f 4811/4811 4812/4812 4832/4832
f 4812/4812 4833/4833 4832/4832
f 4812/4812 4813/4813 4833/4833
f 4813/4813 4834/4834 4833/4833
f 4813/4813 4814/4814 4834/4834
f 4814/4814 4835/4835 4834/4834
f 4814/4814 4815/4815 4835/4835
f 4815/4815 4836/4836 4835/4835
f 4815/4815 4816/4816 4836/4836
f 4816/4816 4837/4837 4836/4836
f 4816/4816 4817/4817 4837/4837
f 4817/4817 4838/4838 4837/4837
f 4817/4817 4818/4818 4838/4838
f 4818/4818 4839/4839 4838/4838
f 4818/4818 4819/4819 4839/4839
f 4819/4819 4840/4840 4839/4839
f 4819/4819 4820/4820 4840/4840
f 4820/4820 4841/4841 4840/4840
f 4820/4820 4821/4821 4841/4841
f 4821/4821 4842/4842 4841/4841
f 4821/4821 4822/4822 4842/4842
f 4822/4822 4843/4843 4842/4842
f 4822/4822 4823/4823 4843/4843
f 4823/4823 4844/4844 4843/4843
f 4823/4823 4824/4824 4844/4844
f 4824/4824 4845/4845 4844/4844
f 4824/4824 4825/4825 4845/4845
f 4825/4825 4846/4846 4845/4845
f 4825/4825 4826/4826 4846/4846
f 4826/4826 4827/4827 4846/4846
f 4826/4826 4807/4807 4827/4827
f 4847/4847 4854/4854 4853/4853
f 4847/4847 4848/4848 4854/4854
f 4848/4848 4855/4855 4854/4854
f 4848/4848 4849/4849 4855/4855
f 4849/4849 4856/4856 4855/4855
f 4849/4849 4850/4850 4856/4856
f 4850/4850 4857/4857 4856/4856
f 4850/4850 4851/4851 4857/4857
f 4851/4851 4858/4858 4857/4857
f 4851/4851 4852/4852 4858/4858
f 4852/4852 4853/4853 4858/4858
f 4852/4852 4847/4847 4853/4853
f 4859/4859 4866/4866 4865/4865
f 4859/4859 4860/4860 4866/4866
f 4860/4860 4867/4867 4866/4866
f 4860/4860 4861/4861 4867/4867
f 4861/4861 4868/4868 4867/4867
f 4861/4861 4862/4862 4868/4868
f 4862/4862 4869/4869 4868/4868
f 4862/4862 4863/4863 4869/4869
f 4863/4863 4870/4870 4869/4869
f 4863/4863 4864/4864 4870/4870
f 4864/4864 4865/4865 4870/4870
f 4864/4864 4859/4859 4865/4865
f 4871/4871 4892/4892 4891/4891
f 4871/4871 4872/4872 4892/4892
f 4872/4872 4893/4893 4892/4892
f 4872/4872 4873/4873 4893/4893
f 4873/4873 4894/4894 4893/4893
f 4873/4873 4874/4874 4894/4894
f 4874/4874 4895/4895 4894/4894
f 4874/4874 4875/4875 4895/4895
f 4875/4875 4896/4896 4895/4895
f 4875/4875 4876/4876 4896/4896
f 4876/4876 4897/4897 4896/4896
f 4876/4876 4877/4877 4897/4897
f 4877/4877 4898/4898 4897/4897
f 4877/4877 4878/4878 4898/4898
f 4878/4878 4899/4899 4898/4898
f 4878/4878 4879/4879 4899/4899
f 4879/4879 4900/4900 4899/4899
f 4879/4879 4880/4880 4900/4900
f 4880/4880 4901/4901 4900/4900
f 4880/4880 4881/4881 4901/4901
f 4881/4881 4902/4902 4901/4901
f 4881/4881 4882/4882 4902/4902
f 4882/4882 4903/4903 4902/4902
f 4882/4882 4883/4883 4903/4903
f 4883/4883 4904/4904 4903/4903
f 4883/4883 4884/4884 4904/4904
f 4884/4884 4905/4905 4904/4904
f 4884/4884 4885/4885 4905/4905
f 4885/4885 4906/4906 4905/4905
f 4885/4885 4886/4886 4906/4906
f 4886/4886 4907/4907 4906/4906
f 4886/4886 4887/4887 4907/4907
f 4887/4887 4908/4908 4907/4907
f 4887/4887 4888/4888 4908/4908
f 4888/4888 4909/4909 4908/4908
f 4888/4888 4889/4889 4909/4909
f 4889/4889 4910/4910 4909/4909
f 4889/4889 4890/4890 4910/4910
f 4890/4890 4891/4891 4910/4910
f 4890/4890 4871/4871 4891/4891
f 4911/4911 4934/4934 4933/4933
f 4911/4911 4912/4912 4934/4934
f 4912/4912 4935/4935 4934/4934
f 4912/4912 4913/4913 4935/4935
f 4913/4913 4936/4936 4935/4935
f 4913/4913 4914/4914 4936/4936
f 4914/4914 4937/4937 4936/4936
f 4914/4914 4915/4915 4937/4937
f 4915/4915 4938/4938 4937/4937
f 4915/4915 4916/4916 4938/4938
f 4916/4916 4939/4939 4938/4938
f 4916/4916 4917/4917 4939/4939
f 4917/4917 4940/4940 4939/4939
f 4917/4917 4918/4918 4940/4940
f 4918/4918 4941/4941 4940/4940
f 4918/4918 4919/4919 4941/4941
f 4919/4919 4942/4942 4941/4941
f 4919/4919 4920/4920 4942/4942
f 4920/4920 4943/4943 4942/4942
f 4920/4920 4921/4921 4943/4943
f 4921/4921 4944/4944 4943/4943
f 4921/4921 4922/4922 4944/4944
f 4922/4922 4945/4945 4944/4944
f 4922/4922 4923/4923 4945/4945
f 4923/4923 4946/4946 4945/4945
f 4923/4923 4924/4924 4946/4946
f 4924/4924 4947/4947 4946/4946
f 4924/4924 4925/4925 4947/4947
f 4925/4925 4948/4948 4947/4947
f 4925/4925 4926/4926 4948/4948
f 4926/4926 4949/4949 4948/4948
f 4926/4926 4927/4927 4949/4949
f 4927/4927 4950/4950 4949/4949
f 4927/4927 4928/4928 4950/4950
f 4928/4928 4951/4951 4950/4950
f 4928/4928 4929/4929 4951/4951
f 4929/4929 4952/4952 4951/4951
f 4929/4929 4930/4930 4952/4952
f 4930/4930 4953/4953 4952/4952
f 4930/4930 4931/4931 4953/4953
f 4931/4931 4954/4954 4953/4953
f 4931/4931 4932/4932 4954/4954
f 4932/4932 4933/4933 4954/4954
f 4932/4932 4911/4911 4933/4933
f 4955/4955 4998/4998 4997/4997
f 4955/4955 4956/4956 4998/4998
f 4956/4956 4999/4999 4998/4998
f 4956/4956 4957/4957 4999/4999
f 4957/4957 5000/5000 4999/4999
f 4957/4957 4958/4958 5000/5000
f 4958/4958 5001/5001 5000/5000
f 4958/4958 4959/4959 5001/5001
f 4959/4959 5002/5002 5001/5001
f 4959/4959 4960/4960 5002/5002
f 4960/4960 5003/5003 5002/5002
f 4960/4960 4961/4961 5003/5003
f 4961/4961 5004/5004 5003/5003
f 4961/4961 4962/4962 5004/5004
f 4962/4962 5005/5005 5004/5004
f 4962/4962 4963/4963 5005/5005
f 4963/4963 5006/5006 5005/5005
f 4963/4963 4964/4964 5006/5006
f 4964/4964 5007/5007 5006/5006
f 4964/4964 4965/4965 5007/5007
f 4965/4965 5008/5008 5007/5007
f 4965/4965 4966/4966 5008/5008
f 4966/4966 5009/5009 5008/5008
f 4966/4966 4967/4967 5009/5009
f 4967/4967 5010/5010 5009/5009
f 4967/4967 4968/4968 5010/5010
f 4968/4968 5011/5011 5010/5010
f 4968/4968 4969/4969 5011/5011
f 4969/4969 5012/5012 5011/5011
f 4969/4969 4970/4970 5012/5012
f 4970/4970 5013/5013 5012/5012
f 4970/4970 4971/4971 5013/5013
f 4971/4971 5014/5014 5013/5013
f 4971/4971 4972/4972 5014/5014
f 4972/4972 5015/5015 5014/5014
f 4972/4972 4973/4973 5015/5015
f 4973/4973 5016/5016 5015/5015
f 4973/4973 4974/4974 5016/5016
f 4974/4974 5017/5017 5016/5016
f 4974/4974 4975/4975 5017/5017
f 4975/4975 5018/5018 5017/5017
f 4975/4975 4976/4976 5018/5018
f 4976/4976 5019/5019 5018/5018
f 4976/4976 4977/4977 5019/5019
f 4977/4977 5020/5020 5019/5019
f 4977/4977 4978/4978 5020/5020
f 4978/4978 5021/5021 5020/5020
f 4978/4978 4979/4979 5021/5021
f 4979/4979 5022/5022 5021/5021
f 4979/4979 4980/4980 5022/5022
f 4980/4980 5023/5023 5022/5022
f 4980/4980 4981/4981 5023/5023
f 4981/4981 5024/5024 5023/5023
f 4981/4981 4982/4982 5024/5024
f 4982/4982 5025/5025 5024/5024
f 4982/4982 4983/4983 5025/5025
f 4983/4983 5026/5026 5025/5025
f 4983/4983 4984/4984 5026/5026
f 4984/4984 5027/5027 5026/5026
f 4984/4984 4985/4985 5027/5027
f 4985/4985 5028/5028 5027/5027
f 4985/4985 4986/4986 5028/5028
f 4986/4986 5029/5029 5028/5028
f 4986/4986 4987/4987 5029/5029
f 4987/4987 5030/5030 5029/5029
f 4987/4987 4988/4988 5030/5030
f 4988/4988 5031/5031 5030/5030
f 4988/4988 4989/4989 5031/5031
f 4989/4989 5032/5032 5031/5031
f 4989/4989 4990/4990 5032/5032
f 4990/4990 5033/5033 5032/5032
f 4990/4990 4991/4991 5033/5033
f 4991/4991 5034/5034 5033/5033
f 4991/4991 4992/4992 5034/5034
f 4992/4992 5035/5035 5034/5034
f 4992/4992 4993/4993 5035/5035
f 4993/4993 5036/5036 5035/5035
f 4993/4993 4994/4994 5036/5036
f 4994/4994 5037/5037 5036/5036
f 4994/4994 4995/4995 5037/5037
f 4995/4995 5038/5038 5037/5037
f 4995/4995 4996/4996 5038/5038
f 4996/4996 4997/4997 5038/5038
f 4996/4996 4955/4955 4997/4997
f 5039/5039 5116/5116 5115/5115
f 5039/5039 5040/5040 5116/5116
f 5040/5040 5117/5117 5116/5116
f 5040/5040 5041/5041 5117/5117
f 5041/5041 5118/5118 5117/5117
f 5041/5041 5042/5042 5118/5118
f 5042/5042 5119/5119 5118/5118
f 5042/5042 5043/5043 5119/5119
f 5043/5043 5120/5120 5119/5119
f 5043/5043 5044/5044 5120/5120
f 5044/5044 5121/5121 5120/5120
f 5044/5044 5045/5045 5121/5121
f 5045/5045 5122/5122 5121/5121
f 5045/5045 5046/5046 5122/5122
f 5046/5046 5123/5123 5122/5122
f 5046/5046 5047/5047 5123/5123
f 5047/5047 5124/5124 5123/5123
f 5047/5047 5048/5048 5124/5124
f 5048/5048 5125/5125 5124/5124
f 5048/5048 5049/5049 5125/5125
f 5049/5049 5126/5126 5125/5125
f 5049/5049 5050/5050 5126/5126
f 5050/5050 5127/5127 5126/5126
f 5050/5050 5051/5051 5127/5127
f 5051/5051 5128/5128 5127/5127
f 5051/5051 5052/5052 5128/5128
f 5052/5052 5129/5129 5128/5128
f 5052/5052 5053/5053 5129/5129
f 5053/5053 5130/5130 5129/5129
f 5053/5053 5054/5054 5130/5130
f 5054/5054 5131/5131 5130/5130
f 5054/5054 5055/5055 5131/5131
f 5055/5055 5132/5132 5131/5131
f 5055/5055 5056/5056 5132/5132
f 5056/5056 5133/5133 5132/5132
f 5056/5056 5057/5057 5133/5133
f 5057/5057 5134/5134 5133/5133
f 5057/5057 5058/5058 5134/5134
f 5058/5058 5135/5135 5134/5134
f 5058/5058 5059/5059 5135/5135
f 5059/5059 5136/5136 5135/5135
f 5059/5059 5060/5060 5136/5136
f 5060/5060 5137/5137 5136/5136
f 5060/5060 5061/5061 5137/5137
f 5061/5061 5138/5138 5137/5137
f 5061/5061 5062/5062 5138/5138
f 5062/5062 5139/5139 5138/5138
f 5062/5062 5063/5063 5139/5139
f 5063/5063 5140/5140 5139/5139
f 5063/5063 5064/5064 5140/5140
f 5064/5064 5141/5141 5140/5140
f 5064/5064 5065/5065 5141/5141
f 5065/5065 5142/5142 5141/5141
f 5065/5065 5066/5066 5142/5142
f 5066/5066 5143/5143 5142/5142
f 5066/5066 5067/5067 5143/5143
f 5067/5067 5144/5144 5143/5143
f 5067/5067 5068/5068 5144/5144
f 5068/5068 5145/5145 5144/5144
f 5068/5068 5069/5069 5145/5145
f 5069/5069 5146/5146 5145/5145
f 5069/5069 5070/5070 5146/5146
f 5070/5070 5147/5147 5146/5146
f 5070/5070 5071/5071 5147/5147
f 5071/5071 5148/5148 5147/5147
f 5071/5071 5072/5072 5148/5148
f 5072/5072 5149/5149 5148/5148
f 5072/5072 5073/5073 5149/5149
f 5073/5073 5150/5150 5149/5149
f 5073/5073 5074/5074 5150/5150
f 5074/5074 5151/5151 5150/5150
f 5074/5074 5075/5075 5151/5151
f 5075/5075 5152/5152 5151/5151
f 5075/5075 5076/5076 5152/5152
f 5076/5076 5153/5153 5152/5152
f 5076/5076 5077/5077 5153/5153
f 5077/5077 5154/5154 5153/5153
f 5077/5077 5078/5078 5154/5154
f 5078/5078 5155/5155 5154/5154
f 5078/5078 5079/5079 5155/5155
f 5079/5079 5156/5156 5155/5155
f 5079/5079 5080/5080 5156/5156
f 5080/5080 5157/5157 5156/5156
f 5080/5080 5081/5081 5157/5157
f 5081/5081 5158/5158 5157/5157
f 5081/5081 5082/5082 5158/5158
f 5082/5082 5159/5159 5158/5158
f 5082/5082 5083/5083 5159/5159
f 5083/5083 5160/5160 5159/5159
f 5083/5083 5084/5084 5160/5160
f 5084/5084 5161/5161 5160/5160
f 5084/5084 5085/5085 5161/5161
f 5085/5085 5162/5162 5161/5161
f 5085/5085 5086/5086 5162/5162
f 5086/5086 5163/5163 5162/5162
f 5086/5086 5087/5087 5163/5163
f 5087/5087 5164/5164 5163/5163
f 5087/5087 5088/5088 5164/5164
f 5088/5088 5165/5165 5164/5164
f 5088/5088 5089/5089 5165/5165
f 5089/5089 5166/5166 5165/5165
f 5089/5089 5090/5090 5166/5166
f 5090/5090 5167/5167 5166/5166
f 5090/5090 5091/5091 5167/5167
f 5091/5091 5168/5168 5167/5167
f 5091/5091 5092/5092 5168/5168
f 5092/5092 5169/5169 5168/5168
f 5092/5092 5093/5093 5169/5169
f 5093/5093 5170/5170 5169/5169
f 5093/5093 5094/5094 5170/5170
f 5094/5094 5171/5171 5170/5170
f 5094/5094 5095/5095 5171/5171
f 5095/5095 5172/5172 5171/5171
f 5095/5095 5096/5096 5172/5172
f 5096/5096 5173/5173 5172/5172
f 5096/5096 5097/5097 5173/5173
f 5097/5097 5174/5174 5173/5173
f 5097/5097 5098/5098 5174/5174
f 5098/5098 5175/5175 5174/5174
f 5098/5098 5099/5099 5175/5175
f 5099/5099 5176/5176 5175/5175
f 5099/5099 5100/5100 5176/5176
f 5100/5100 5177/5177 5176/5176
f 5100/5100 5101/5101 5177/5177
f 5101/5101 5178/5178 5177/5177
f 5101/5101 5102/5102 5178/5178
f 5102/5102 5179/5179 5178/5178
f 5102/5102 5103/5103 5179/5179
f 5103/5103 5180/5180 5179/5179
f 5103/5103 5104/5104 5180/5180
f 5104/5104 5181/5181 5180/5180
f 5104/5104 5105/5105 5181/5181
f 5105/5105 5182/5182 5181/5181
f 5105/5105 5106/5106 5182/5182
f 5106/5106 5183/5183 5182/5182
f 5106/5106 5107/5107 5183/5183
f 5107/5107 5184/5184 5183/5183
f 5107/5107 5108/5108 5184/5184
f 5108/5108 5185/5185 5184/5184
f 5108/5108 5109/5109 5185/5185
f 5109/5109 5186/5186 5185/5185
f 5109/5109 5110/5110 5186/5186
f 5110/5110 5187/5187 5186/5186
f 5110/5110 5111/5111 5187/5187
f 5111/5111 5188/5188 5187/5187
f 5111/5111 5112/5112 5188/5188
f 5112/5112 5189/5189 5188/5188
f 5112/5112 5113/5113 5189/5189
f 5113/5113 5190/5190 5189/5189
f 5113/5113 5114/5114 5190/5190
f 5114/5114 5115/5115 5190/5190
f 5114/5114 5039/5039 5115/5115
f 5191/5191 5235/5235 5234/5234
f 5191/5191 5192/5192 5235/5235
f 5192/5192 5236/5236 5235/5235
f 5192/5192 5193/5193 5236/5236
f 5193/5193 5237/5237 5236/5236
f 5193/5193 5194/5194 5237/5237
f 5194/5194 5238/5238 5237/5237
f 5194/5194 5195/5195 5238/5238
f 5195/5195 5239/5239 5238/5238
f 5195/5195 5196/5196 5239/5239
f 5196/5196 5240/5240 5239/5239
f 5196/5196 5197/5197 5240/5240
f 5197/5197 5241/5241 5240/5240
f 5197/5197 5198/5198 5241/5241
f 5198/5198 5242/5242 5241/5241
f 5198/5198 5199/5199 5242/5242
f 5199/5199 5243/5243 5242/5242
f 5199/5199 5200/5200 5243/5243
f 5200/5200 5244/5244 5243/5243
f 5200/5200 5201/5201 5244/5244
f 5201/5201 5245/5245 5244/5244
f 5201/5201 5202/5202 5245/5245
f 5202/5202 5246/5246 5245/5245
f 5202/5202 5203/5203 5246/5246
f 5203/5203 5247/5247 5246/5246
f 5203/5203 5204/5204 5247/5247
f 5204/5204 5248/5248 5247/5247
f 5204/5204 5205/5205 5248/5248
f 5205/5205 5249/5249 5248/5248
f 5205/5205 5206/5206 5249/5249
f 5206/5206 5250/5250 5249/5249
f 5206/5206 5207/5207 5250/5250
f 5207/5207 5251/5251 5250/5250
f 5207/5207 5208/5208 5251/5251
f 5208/5208 5252/5252 5251/5251
f 5208/5208 5209/5209 5252/5252
f 5209/5209 5253/5253 5252/5252
f 5209/5209 5210/5210 5253/5253
f 5210/5210 5254/5254 5253/5253
f 5210/5210 5211/5211 5254/5254
f 5211/5211 5255/5255 5254/5254
f 5211/5211 5212/5212 5255/5255
f 5212/5212 5256/5256 5255/5255
f 5212/5212 5213/5213 5256/5256
f 5213/5213 5257/5257 5256/5256
f 5213/5213 5214/5214 5257/5257
f 5214/5214 5258/5258 5257/5257
f 5214/5214 5215/5215 5258/5258
f 5215/5215 5259/5259 5258/5258
f 5215/5215 5216/5216 5259/5259
f 5216/5216 5260/5260 5259/5259
f 5216/5216 5217/5217 5260/5260
f 5217/5217 5261/5261 5260/5260
f 5217/5217 5218/5218 5261/5261
f 5218/5218 5262/5262 5261/5261
f 5218/5218 5219/5219 5262/5262
f 5219/5219 5263/5263 5262/5262
f 5219/5219 5220/5220 5263/5263
f 5220/5220 5264/5264 5263/5263
f 5220/5220 5221/5221 5264/5264
f 5221/5221 5265/5265 5264/5264
f 5221/5221 5222/5222 5265/5265
f 5222/5222 5266/5266 5265/5265
f 5222/5222 5223/5223 5266/5266
f 5223/5223 5267/5267 5266/5266
f 5223/5223 5224/5224 5267/5267
f 5224/5224 5268/5268 5267/5267
f 5224/5224 5225/5225 5268/5268
f 5225/5225 5269/5269 5268/5268
f 5225/5225 5226/5226 5269/5269
f 5226/5226 5270/5270 5269/5269
f 5226/5226 5227/5227 5270/5270
f 5227/5227 5271/5271 5270/5270
f 5227/5227 5228/5228 5271/5271
f 5228/5228 5272/5272 5271/5271
f 5228/5228 5229/5229 5272/5272
f 5229/5229 5273/5273 5272/5272
f 5229/5229 5230/5230 5273/5273
f 5230/5230 5274/5274 5273/5273
f 5230/5230 5231/5231 5274/5274
f 5231/5231 5275/5275 5274/5274
f 5231/5231 5232/5232 5275/5275
f 5232/5232 5276/5276 5275/5275
f 5232/5232 5233/5233 5276/5276
f 5233/5233 5234/5234 5276/5276
f 5233/5233 5191/5191 5234/5234
f 5277/5277 5283/5283 5282/5282
f 5277/5277 5278/5278 5283/5283
f 5278/5278 5284/5284 5283/5283
f 5278/5278 5279/5279 5284/5284
f 5279/5279 5285/5285 5284/5284
f 5279/5279 5280/5280 5285/5285
f 5280/5280 5286/5286 5285/5285
f 5280/5280 5281/5281 5286/5286
f 5281/5281 5282/5282 5286/5286
f 5281/5281 5277/5277 5282/5282
f 5287/5287 5296/5296 5295/5295
f 5287/5287 5288/5288 5296/5296
f 5288/5288 5297/5297 5296/5296
f 5288/5288 5289/5289 5297/5297
f 5289/5289 5298/5298 5297/5297
f 5289/5289 5290/5290 5298/5298
f 5290/5290 5299/5299 5298/5298
f 5290/5290 5291/5291 5299/5299
f 5291/5291 5300/5300 5299/5299
f 5291/5291 5292/5292 5300/5300
f 5292/5292 5301/5301 5300/5300
f 5292/5292 5293/5293 5301/5301
f 5293/5293 5302/5302 5301/5301
f 5293/5293 5294/5294 5302/5302
f 5294/5294 5295/5295 5302/5302
f 5294/5294 5287/5287 5295/5295
f 5303/5303 5338/5338 5337/5337
f 5303/5303 5304/5304 5338/5338
f 5304/5304 5339/5339 5338/5338
f 5304/5304 5305/5305 5339/5339
f 5305/5305 5340/5340 5339/5339
f 5305/5305 5306/5306 5340/5340
f 5306/5306 5341/5341 5340/5340
f 5306/5306 5307/5307 5341/5341
f 5307/5307 5342/5342 5341/5341
f 5307/5307 5308/5308 5342/5342
f 5308/5308 5343/5343 5342/5342
f 5308/5308 5309/5309 5343/5343
f 5309/5309 5344/5344 5343/5343
f 5309/5309 5310/5310 5344/5344
f 5310/5310 5345/5345 5344/5344
f 5310/5310 5311/5311 5345/5345
f 5311/5311 5346/5346 5345/5345
f 5311/5311 5312/5312 5346/5346
f 5312/5312 5347/5347 5346/5346
f 5312/5312 5313/5313 5347/5347
f 5313/5313 5348/5348 5347/5347
f 5313/5313 5314/5314 5348/5348
f 5314/5314 5349/5349 5348/5348
f 5314/5314 5315/5315 5349/5349
f 5315/5315 5350/5350 5349/5349
f 5315/5315 5316/5316 5350/5350
f 5316/5316 5351/5351 5350/5350
f 5316/5316 5317/5317 5351/5351
f 5317/5317 5352/5352 5351/5351
f 5317/5317 5318/5318 5352/5352
f 5318/5318 5353/5353 5352/5352
f 5318/5318 5319/5319 5353/5353
f 5319/5319 5354/5354 5353/5353
f 5319/5319 5320/5320 5354/5354
f 5320/5320 5355/5355 5354/5354
f 5320/5320 5321/5321 5355/5355
f 5321/5321 5356/5356 5355/5355
f 5321/5321 5322/5322 5356/5356
f 5322/5322 5357/5357 5356/5356
f 5322/5322 5323/5323 5357/5357
f 5323/5323 5358/5358 5357/5357
f 5323/5323 5324/5324 5358/5358
f 5324/5324 5359/5359 5358/5358
f 5324/5324 5325/5325 5359/5359
f 5325/5325 5360/5360 5359/5359
f 5325/5325 5326/5326 5360/5360
f 5326/5326 5361/5361 5360/5360
f 5326/5326 5327/5327 5361/5361
f 5327/5327 5362/5362 5361/5361
f 5327/5327 5328/5328 5362/5362
f 5328/5328 5363/5363 5362/5362
f 5328/5328 5329/5329 5363/5363
f 5329/5329 5364/5364 5363/5363
f 5329/5329 5330/5330 5364/5364
f 5330/5330 5365/5365 5364/5364
f 5330/5330 5331/5331 5365/5365
f 5331/5331 5366/5366 5365/5365
f 5331/5331 5332/5332 5366/5366
f 5332/5332 5367/5367 5366/5366
f 5332/5332 5333/5333 5367/5367
f 5333/5333 5368/5368 5367/5367
f 5333/5333 5334/5334 5368/5368
f 5334/5334 5369/5369 5368/5368
f 5334/5334 5335/5335 5369/5369
f 5335/5335 5370/5370 5369/5369
f 5335/5335 5336/5336 5370/5370
f 5336/5336 5337/5337 5370/5370
f 5336/5336 5303/5303 5337/5337
f 5371/5371 5400/5400 5399/5399
f 5371/5371 5372/5372 5400/5400
f 5372/5372 5401/5401 5400/5400
f 5372/5372 5373/5373 5401/5401
f 5373/5373 5402/5402 5401/5401
f 5373/5373 5374/5374 5402/5402
f 5374/5374 5403/5403 5402/5402
f 5374/5374 5375/5375 5403/5403
f 5375/5375 5404/5404 5403/5403
f 5375/5375 5376/5376 5404/5404
f 5376/5376 5405/5405 5404/5404
f 5376/5376 5377/5377 5405/5405
f 5377/5377 5406/5406 5405/5405
f 5377/5377 5378/5378 5406/5406
f 5378/5378 5407/5407 5406/5406
f 5378/5378 5379/5379 5407/5407
f 5379/5379 5408/5408 5407/5407
f 5379/5379 5380/5380 5408/5408
f 5380/5380 5409/5409 5408/5408
f 5380/5380 5381/5381 5409/5409
f 5381/5381 5410/5410 5409/5409
f 5381/5381 5382/5382 5410/5410
f 5382/5382 5411/5411 5410/5410
f 5382/5382 5383/5383 5411/5411
f 5383/5383 5412/5412 5411/5411
f 5383/5383 5384/5384 5412/5412
f 5384/5384 5413/5413 5412/5412
f 5384/5384 5385/5385 5413/5413
f 5385/5385 5414/5414 5413/5413
f 5385/5385 5386/5386 5414/5414
f 5386/5386 5415/5415 5414/5414
f 5386/5386 5387/5387 5415/5415
f 5387/5387 5416/5416 5415/5415
f 5387/5387 5388/5388 5416/5416
f 5388/5388 5417/5417 5416/5416
f 5388/5388 5389/5389 5417/5417
f 5389/5389 5418/5418 5417/5417
f 5389/5389 5390/5390 5418/5418
f 5390/5390 5419/5419 5418/5418
f 5390/5390 5391/5391 5419/5419
f 5391/5391 5420/5420 5419/5419
f 5391/5391 5392/5392 5420/5420
f 5392/5392 5421/5421 5420/5420
f 5392/5392 5393/5393 5421/5421
f 5393/5393 5422/5422 5421/5421
f 5393/5393 5394/5394 5422/5422
f 5394/5394 5423/5423 5422/5422
f 5394/5394 5395/5395 5423/5423
f 5395/5395 5424/5424 5423/5423
f 5395/5395 5396/5396 5424/5424
f 5396/5396 5425/5425 5424/5424
f 5396/5396 5397/5397 5425/5425
f 5397/5397 5426/5426 5425/5425
f 5397/5397 5398/5398 5426/5426
f 5398/5398 5399/5399 5426/5426
f 5398/5398 5371/5371 5399/5399
f 5427/5427 5437/5437 5436/5436
f 5427/5427 5428/5428 5437/5437
f 5428/5428 5438/5438 5437/5437
f 5428/5428 5429/5429 5438/5438
f 5429/5429 5439/5439 5438/5438
f 5429/5429 5430/5430 5439/5439
f 5430/5430 5440/5440 5439/5439
f 5430/5430 5431/5431 5440/5440
f 5431/5431 5441/5441 5440/5440
f 5431/5431 5432/5432 5441/5441
f 5432/5432 5442/5442 5441/5441
f 5432/5432 5433/5433 5442/5442
f 5433/5433 5443/5443 5442/5442
f 5433/5433 5434/5434 5443/5443
f 5434/5434 5444/5444 5443/5443
f 5434/5434 5435/5435 5444/5444
f 5435/5435 5436/5436 5444/5444
f 5435/5435 5427/5427 5436/5436
f 5445/5445 5450/5450 5449/5449
f 5445/5445 5446/5446 5450/5450
f 5446/5446 5451/5451 5450/5450
f 5446/5446 5447/5447 5451/5451
f 5447/5447 5452/5452 5451/5451
f 5447/5447 5448/5448 5452/5452
f 5448/5448 5449/5449 5452/5452
f 5448/5448 5445/5445 5449/5449
f 5453/5453 5477/5477 5476/5476
f 5453/5453 5454/5454 5477/5477
f 5454/5454 5478/5478 5477/5477
f 5454/5454 5455/5455 5478/5478
f 5455/5455 5479/5479 5478/5478
f 5455/5455 5456/5456 5479/5479
f 5456/5456 5480/5480 5479/5479
f 5456/5456 5457/5457 5480/5480
f 5457/5457 5481/5481 5480/5480
f 5457/5457 5458/5458 5481/5481
f 5458/5458 5482/5482 5481/5481
f 5458/5458 5459/5459 5482/5482
f 5459/5459 5483/5483 5482/5482
f 5459/5459 5460/5460 5483/5483
f 5460/5460 5484/5484 5483/5483
f 5460/5460 5461/5461 5484/5484
f 5461/5461 5485/5485 5484/5484
f 5461/5461 5462/5462 5485/5485
f 5462/5462 5486/5486 5485/5485
f 5462/5462 5463/5463 5486/5486
f 5463/5463 5487/5487 5486/5486
f 5463/5463 5464/5464 5487/5487
f 5464/5464 5488/5488 5487/5487
f 5464/5464 5465/5465 5488/5488
f 5465/5465 5489/5489 5488/5488
f 5465/5465 5466/5466 5489/5489
f 5466/5466 5490/5490 5489/5489
f 5466/5466 5467/5467 5490/5490
f 5467/5467 5491/5491 5490/5490
f 5467/5467 5468/5468 5491/5491
f 5468/5468 5492/5492 5491/5491
f 5468/5468 5469/5469 5492/5492
f 5469/5469 5493/5493 5492/5492
f 5469/5469 5470/5470 5493/5493
f 5470/5470 5494/5494 5493/5493
f 5470/5470 5471/5471 5494/5494
f 5471/5471 5495/5495 5494/5494
f 5471/5471 5472/5472 5495/5495
f 5472/5472 5496/5496 5495/5495
f 5472/5472 5473/5473 5496/5496
f 5473/5473 5497/5497 5496/5496
f 5473/5473 5474/5474 5497/5497
f 5474/5474 5498/5498 5497/5497
f 5474/5474 5475/5475 5498/5498
f 5475/5475 5476/5476 5498/5498
f 5475/5475 5453/5453 5476/5476
f 5499/5499 5505/5505 5504/5504
f 5499/5499 5500/5500 5505/5505
f 5500/5500 5506/5506 5505/5505
f 5500/5500 5501/5501 5506/5506
f 5501/5501 5507/5507 5506/5506
f 5501/5501 5502/5502 5507/5507
f 5502/5502 5508/5508 5507/5507
f 5502/5502 5503/5503 5508/5508
f 5503/5503 5504/5504 5508/5508
f 5503/5503 5499/5499 5504/5504
f 5509/5509 5518/5518 5517/5517
f 5509/5509 5510/5510 5518/5518
f 5510/5510 5519/5519 5518/5518
f 5510/5510 5511/5511 5519/5519
f 5511/5511 5520/5520 5519/5519
f 5511/5511 5512/5512 5520/5520
f 5512/5512 5521/5521 5520/5520
f 5512/5512 5513/5513 5521/5521
f 5513/5513 5522/5522 5521/5521
f 5513/5513 5514/5514 5522/5522
f 5514/5514 5523/5523 5522/5522
f 5514/5514 5515/5515 5523/5523
f 5515/5515 5524/5524 5523/5523
f 5515/5515 5516/5516 5524/5524
f 5516/5516 5517/5517 5524/5524
f 5516/5516 5509/5509 5517/5517
f 5525/5525 5602/5602 5601/5601
f 5525/5525 5526/5526 5602/5602
f 5526/5526 5603/5603 5602/5602
f 5526/5526 5527/5527 5603/5603
f 5527/5527 5604/5604 5603/5603
f 5527/5527 5528/5528 5604/5604
f 5528/5528 5605/5605 5604/5604
f 5528/5528 5529/5529 5605/5605
f 5529/5529 5606/5606 5605/5605
f 5529/5529 5530/5530 5606/5606
f 5530/5530 5607/5607 5606/5606
f 5530/5530 5531/5531 5607/5607
f 5531/5531 5608/5608 5607/5607
f 5531/5531 5532/5532 5608/5608
f 5532/5532 5609/5609 5608/5608
f 5532/5532 5533/5533 5609/5609
f 5533/5533 5610/5610 5609/5609
f 5533/5533 5534/5534 5610/5610
f 5534/5534 5611/5611 5610/5610
f 5534/5534 5535/5535 5611/5611
f 5535/5535 5612/5612 5611/5611
f 5535/5535 5536/5536 5612/5612
f 5536/5536 5613/5613 5612/5612
f 5536/5536 5537/5537 5613/5613
f 5537/5537 5614/5614 5613/5613
f 5537/5537 5538/5538 5614/5614
f 5538/5538 5615/5615 5614/5614
f 5538/5538 5539/5539 5615/5615
f 5539/5539 5616/5616 5615/5615
f 5539/5539 5540/5540 5616/5616
f 5540/5540 5617/5617 5616/5616
f 5540/5540 5541/5541 5617/5617
f 5541/5541 5618/5618 5617/5617
f 5541/5541 5542/5542 5618/5618
f 5542/5542 5619/5619 5618/5618
f 5542/5542 5543/5543 5619/5619
f 5543/5543 5620/5620 5619/5619
f 5543/5543 5544/5544 5620/5620
f 5544/5544 5621/5621 5620/5620
f 5544/5544 5545/5545 5621/5621
f 5545/5545 5622/5622 5621/5621
f 5545/5545 5546/5546 5622/5622
f 5546/5546 5623/5623 5622/5622
f 5546/5546 5547/5547 5623/5623
f 5547/5547 5624/5624 5623/5623
f 5547/5547 5548/5548 5624/5624
f 5548/5548 5625/5625 5624/5624
f 5548/5548 5549/5549 5625/5625
f 5549/5549 5626/5626 5625/5625
f 5549/5549 5550/5550 5626/5626
f 5550/5550 5627/5627 5626/5626
f 5550/5550 5551/5551 5627/5627
f 5551/5551 5628/5628 5627/5627
f 5551/5551 5552/5552 5628/5628
f 5552/5552 5629/5629 5628/5628
f 5552/5552 5553/5553 5629/5629
f 5553/5553 5630/5630 5629/5629
f 5553/5553 5554/5554 5630/5630
f 5554/5554 5631/5631 5630/5630
f 5554/5554 5555/5555 5631/5631
f 5555/5555 5632/5632 5631/5631
f 5555/5555 5556/5556 5632/5632
f 5556/5556 5633/5633 5632/5632
f 5556/5556 5557/5557 5633/5633
f 5557/5557 5634/5634 5633/5633
f 5557/5557 5558/5558 5634/5634
f 5558/5558 5635/5635 5634/5634
f 5558/5558 5559/5559 5635/5635
f 5559/5559 5636/5636 5635/5635
f 5559/5559 5560/5560 5636/5636
f 5560/5560 5637/5637 5636/5636
f 5560/5560 5561/5561 5637/5637
f 5561/5561 5638/5638 5637/5637
f 5561/5561 5562/5562 5638/5638
f 5562/5562 5639/5639 5638/5638
f 5562/5562 5563/5563 5639/5639
f 5563/5563 5640/5640 5639/5639
f 5563/5563 5564/5564 5640/5640
f 5564/5564 5641/5641 5640/5640
f 5564/5564 5565/5565 5641/5641
f 5565/5565 5642/5642 5641/5641
f 5565/5565 5566/5566 5642/5642
f 5566/5566 5643/5643 5642/5642
f 5566/5566 5567/5567 5643/5643
f 5567/5567 5644/5644 5643/5643
f 5567/5567 5568/5568 5644/5644
f 5568/5568 5645/5645 5644/5644
f 5568/5568 5569/5569 5645/5645
f 5569/5569 5646/5646 5645/5645
f 5569/5569 5570/5570 5646/5646
f 5570/5570 5647/5647 5646/5646
f 5570/5570 5571/5571 5647/5647
f 5571/5571 5648/5648 5647/5647
f 5571/5571 5572/5572 5648/5648
f 5572/5572 5649/5649 5648/5648
f 5572/5572 5573/5573 5649/5649
f 5573/5573 5650/5650 5649/5649
f 5573/5573 5574/5574 5650/5650
f 5574/5574 5651/5651 5650/5650
f 5574/5574 5575/5575 5651/5651
f 5575/5575 5652/5652 5651/5651
f 5575/5575 5576/5576 5652/5652
f 5576/5576 5653/5653 5652/5652
f 5576/5576 5577/5577 5653/5653
f 5577/5577 5654/5654 5653/5653
f 5577/5577 5578/5578 5654/5654
f 5578/5578 5655/5655 5654/5654
f 5578/5578 5579/5579 5655/5655
f 5579/5579 5656/5656 5655/5655
f 5579/5579 5580/5580 5656/5656
f 5580/5580 5657/5657 5656/5656
f 5580/5580 5581/5581 5657/5657
f 5581/5581 5658/5658 5657/5657
f 5581/5581 5582/5582 5658/5658
f 5582/5582 5659/5659 5658/5658
f 5582/5582 5583/5583 5659/5659
f 5583/5583 5660/5660 5659/5659
f 5583/5583 5584/5584 5660/5660
f 5584/5584 5661/5661 5660/5660
f 5584/5584 5585/5585 5661/5661
f 5585/5585 5662/5662 5661/5661
f 5585/5585 5586/5586 5662/5662
f 5586/5586 5663/5663 5662/5662
f 5586/5586 5587/5587 5663/5663
f 5587/5587 5664/5664 5663/5663
f 5587/5587 5588/5588 5664/5664
f 5588/5588 5665/5665 5664/5664
f 5588/5588 5589/5589 5665/5665
f 5589/5589 5666/5666 5665/5665
f 5589/5589 5590/5590 5666/5666
f 5590/5590 5667/5667 5666/5666
f 5590/5590 5591/5591 5667/5667
f 5591/5591 5668/5668 5667/5667
f 5591/5591 5592/5592 5668/5668
f 5592/5592 5669/5669 5668/5668
f 5592/5592 5593/5593 5669/5669
f 5593/5593 5670/5670 5669/5669
f 5593/5593 5594/5594 5670/5670
f 5594/5594 5671/5671 5670/5670
f 5594/5594 5595/5595 5671/5671
f 5595/5595 5672/5672 5671/5671
f 5595/5595 5596/5596 5672/5672
f 5596/5596 5673/5673 5672/5672
f 5596/5596 5597/5597 5673/5673
f 5597/5597 5674/5674 5673/5673
f 5597/5597 5598/5598 5674/5674
f 5598/5598 5675/5675 5674/5674
f 5598/5598 5599/5599 5675/5675
f 5599/5599 5676/5676 5675/5675
f 5599/5599 5600/5600 5676/5676
f 5600/5600 5601/5601 5676/5676
f 5600/5600 5525/5525 5601/5601
